f1_mean,f1_std,f1_min,f1_max,f2_mean,f2_std,f2_min,f2_max,f3_mean,f3_std,f3_min,f3_max,f4_mean,f4_std,f4_min,f4_max,f5_mean,f5_std,f5_min,f5_max,pitch3_mean,pitch3_std,pitch3_min,pitch3_max,activity
3.100550119680437e-15,11.65260704821649,-16.94534090909091,14.554659090909098,-2.0670334131202917e-15,23.164601689559667,-31.301136363636367,27.098863636363625,1.0335167065601457e-15,16.609814384402302,-23.404545454545456,19.09545454545455,2.0670334131202917e-15,26.239975235536527,-36.66704545454545,27.432954545454542,1.5502750598402185e-15,14.386404881098423,-20.389772727272728,18.91022727272727,-2.0670334131202917e-15,70.01338594111294,-141.5825101817018,191.05214848606363,002
5.102988738640719e-15,3.320482234966373,-23.425,8.07500000000001,-4.392446002880619e-15,1.146459132890671,-16.482954545454547,1.0170454545454533,6.265695033520884e-15,1.5622001819787312,-17.96102272727272,3.338977272727277,2.34156128830033e-16,1.325605540524876,-12.873295454545456,3.5267045454545496,-4.521635591200637e-16,1.506081336361201,-20.259090909090908,1.7409090909090992,-2.3011895419503244e-15,1.0030434687586696,-4.421285470818107,3.052376008868343,008
9.043271182401274e-16,4.558373050016841,-15.961022727272727,8.938977272727278,4.521635591200637e-16,7.089805012202643,-19.63715909090909,11.462840909090907,2.390007383920337e-15,8.171684045024925,-21.336931818181817,10.56306818181818,-9.689219124001363e-16,7.775834698325436,-22.02125,10.678749999999988,-3.585011075880505e-15,4.653497079865211,-18.03886363636364,7.661136363636363,1.2402200478721748e-14,95.77319951746146,-47.32675596683208,310.61372963847646,005
4.501449718025635e-15,0.7118261548229898,-11.43465909090909,0.0653409090909136,6.762267513625953e-16,0.5182196831261224,-8.028295454545454,0.4717045454545427,4.501449718025635e-15,0.7118261548229898,-11.43465909090909,0.0653409090909136,4.501449718025635e-15,0.7118261548229898,-11.43465909090909,0.0653409090909136,-3.7586095851855304e-15,0.6859675256752259,-10.895909090909091,0.404090909090911,5.732787981700809e-16,0.3140996742334519,-0.0751076049691761,5.041978463344174,013
-1.0335167065601457e-15,3.671761473979148,-11.323295454545455,6.976704545454545,1.291895883200182e-16,3.0986638599470835,-13.66931818181818,7.930681818181821,-2.7129813547203826e-15,9.529406748334685,-21.654545454545456,14.545454545454554,3.875687649600546e-15,10.37915762557487,-23.672272727272723,15.72772727272728,2.325412589760328e-15,6.947576094200821,-19.41522727272727,14.584772727272735,7.751375299201094e-16,85.34740942176218,-132.0865785379795,170.09537331858272,003
0.0,15.7017014264681,-15.786363636363635,17.013636363636365,-1.0335167065601457e-15,10.91672658911487,-10.981818181818182,11.218181818181815,2.0670334131202917e-15,11.421728094978445,-11.489772727272728,11.510227272727276,1.0335167065601457e-15,11.415904837745575,-11.48409090909091,11.515909090909094,1.0335167065601457e-15,9.478811135221024,-9.534090909090908,10.465909090909092,-2.0670334131202917e-15,22.35344829890473,-21.27801502382383,42.46239376889,009
1.653626730496233e-14,52.25485967356657,-75.03636363636363,36.96363636363638,2.4804400957443496e-14,52.29944244948373,-75.10113636363636,37.09886363636366,8.268133652481165e-15,52.30927756139777,-75.11556818181819,37.18443181818182,1.4469233891842042e-14,52.26977950186469,-75.05909090909091,36.9409090909091,1.4469233891842042e-14,52.30265193596903,-75.10568181818182,37.0943181818182,5.167583532800728e-16,82.46753826376053,-175.5466949677742,183.0423788616225,007
4.53778428974064e-15,5.199630425320377,-21.15840909090909,8.341590909090918,1.0335167065601457e-15,8.698218516396768,-28.07556818181818,11.324431818181829,2.842170943040401e-15,12.033013673456836,-31.40965909090909,11.09034090909092,-1.6148698540002276e-15,9.46969435871176,-27.24034090909091,8.959659090909085,2.583791766400364e-16,10.021448070810449,-29.336136363636363,12.963863636363648,5.167583532800728e-16,39.607143731279336,-136.10227825412713,132.17031241320737,001
-1.162706294880164e-15,1.2734043450660364,-17.055681818181817,2.744318181818187,-3.500230408545493e-15,0.6808771915698156,-10.9375,0.0624999999999964,-1.404936772980198e-15,0.7190788414112109,-11.377272727272732,0.1227272727272712,-4.731568672220667e-15,1.297010105727595,-19.50511363636364,0.5948863636363626,2.809873545960396e-15,1.122844836502135,-12.318863636363634,1.981136363636363,1.2725174449521797e-14,3.3557976736458364,-37.04825382516061,8.001125774795483,012
3.8756876496005453e-16,4.385204708827908,-25.92215909090909,8.677840909090904,1.9378438248002726e-16,5.342744438036062,-28.639772727272728,6.460227272727273,1.9378438248002726e-16,5.27656913327039,-29.3,8.100000000000005,-7.105427357601002e-16,5.699149186175162,-31.26409090909091,7.7359090909090895,-1.7925055379402526e-15,3.0903791302856285,-22.36011363636364,7.039886363636359,-7.751375299201094e-16,47.51296260099799,-72.43773818872631,143.77533425522648,010
1.0335167065601457e-15,11.440776627253536,-12.377272727272729,11.822727272727276,2.0670334131202917e-15,18.22236071310953,-18.62136363636364,24.47863636363636,-2.0670334131202917e-15,17.14206626689911,-17.859318181818182,22.140681818181815,0.0,17.68413918512881,-18.49590909090909,22.50409090909092,4.134066826240583e-15,11.480127887440256,-12.319772727272726,14.08022727272728,2.583791766400364e-16,46.138079527489054,-71.99484441744387,135.6891782881916,002
-3.100550119680437e-15,10.743697700943384,-8.952272727272728,13.14772727272727,3.100550119680437e-15,9.756223644084244,-8.129545454545454,11.870454545454546,-2.5837917664003644e-15,10.742312201567705,-8.951136363636364,13.148863636363634,-1.5502750598402185e-15,10.740926403248462,-8.95,13.049999999999995,0.0,12.7014466459859,-10.584090909090907,15.815909090909091,0.0,38.668836844168,-32.17994407822783,51.55898359573228,012
-3.1247731674904405e-15,0.9824677985596336,-11.49454545454546,4.705454545454543,-1.1950036919601685e-15,6.973603728843655,-16.15318181818182,29.74681818181817,1.162706294880164e-15,4.465065926361693,-12.996022727272727,20.80397727272727,2.583791766400364e-16,3.6373325395976246,-12.528295454545454,18.871704545454552,2.454602178080346e-15,3.1004463800688145,-15.49375,12.206249999999995,-1.7311404834882442e-14,9.5074031869545,-82.32648969679059,12.694549921090498,004
7.58988831380107e-16,2.4838025257831537,-15.292613636363637,5.307386363636365,3.585011075880505e-15,2.1217994857788147,-31.818181818181813,1.681818181818187,9.689219124001363e-16,2.0030261197407384,-16.75,3.950000000000003,2.8744683401204053e-15,1.024626714683034,-12.51556818181818,1.7844318181818188,-2.4061560824603388e-15,1.252555852955359,-12.001250000000002,3.3987500000000037,1.4210854715202005e-15,54.83191244855407,-92.1600588582995,61.97246352543358,007
1.0335167065601457e-15,11.440776627253536,-12.377272727272729,11.822727272727276,2.0670334131202917e-15,18.22236071310953,-18.62136363636364,24.47863636363636,-2.0670334131202917e-15,17.14206626689911,-17.859318181818182,22.140681818181815,0.0,17.68413918512881,-18.49590909090909,22.50409090909092,4.134066826240583e-15,11.480127887440256,-12.319772727272726,14.08022727272728,2.583791766400364e-16,46.138079527489054,-71.99484441744387,135.6891782881916,002
-4.634676480980653e-15,0.6866019679528265,-10.594318181818185,1.1056818181818215,8.63955371890122e-16,0.7742783146739826,-8.446022727272727,1.4539772727272755,-4.977836324955702e-15,0.6814156008445796,-10.939772727272729,0.2602272727272705,-2.3011895419503244e-15,0.7258400305852525,-11.0125,1.4875000000000045,-6.136505445200865e-16,1.0099915040862706,-13.052840909090907,1.4471590909090892,1.5502750598402185e-15,69.04280188022524,-146.1714873773865,124.6037829390794,008
-2.0670334131202917e-15,10.188303535212318,-14.977272727272728,7.122727272727271,-1.0335167065601457e-15,8.891758113277787,-13.048863636363636,8.35113636363637,-2.0670334131202917e-15,10.186725430676924,-14.975,7.024999999999997,-2.0670334131202917e-15,10.186725430676924,-14.975,7.024999999999997,0.0,10.715851178383952,-15.7075,9.9925,2.0670334131202917e-15,67.18178500783935,-68.37222304773394,101.53841109831176,007
2.0670334131202917e-15,17.929862700151414,-20.69909090909091,21.80090909090909,0.0,12.7501521821861,-15.112386363636364,18.487613636363637,-2.0670334131202917e-15,12.954790706908932,-15.37261363636364,16.127386363636365,3.100550119680437e-15,20.185396712579493,-23.48068181818181,28.7193181818182,-4.134066826240583e-15,15.365799437561716,-17.33409090909091,27.86590909090909,0.0,41.332691514582464,-71.3943677198483,127.04956462371229,011
4.134066826240583e-15,9.195308872228374,-17.91875,5.081250000000004,-2.842170943040401e-15,6.474259267117067,-12.61818181818182,3.381818181818179,2.0670334131202917e-15,9.143549497019317,-17.81943181818182,5.180568181818185,-2.0670334131202917e-15,9.08581766445458,-17.70443181818182,5.095568181818184,5.167583532800728e-16,9.527787177486884,-18.56647727272728,5.433522727272724,-1.291895883200182e-16,1.536584991873707,-0.832462100136838,2.994895971337062,015
-2.0670334131202917e-15,8.578484281152672,-15.022727272727272,4.977272727272727,-4.134066826240583e-15,9.43633270926794,-16.525,5.474999999999998,-4.134066826240583e-15,9.43633270926794,-16.525,5.474999999999998,-1.0335167065601457e-15,8.368973740829283,-14.65534090909091,5.244659090909089,-4.134066826240583e-15,9.43633270926794,-16.525,5.474999999999998,5.167583532800728e-16,11.002985672237315,-6.444169611218609,19.26845736086736,013
1.0335167065601457e-15,10.504446028403228,-17.85,7.149999999999999,-1.0335167065601457e-15,17.726405054523177,-30.11954545454546,11.680454545454545,-2.0670334131202917e-15,14.37887622011212,-24.430681818181817,9.569318181818176,3.100550119680437e-15,22.455363580053582,-38.15318181818182,15.74681818181817,-4.650825179520656e-15,14.735012311155948,-25.03409090909091,10.165909090909093,-4.134066826240583e-15,47.69815765837975,-78.93903559864995,52.828079252151554,006
4.767903243935672e-15,0.7108651226667175,-11.399431818181816,0.1005681818181862,-2.2365947477903157e-15,0.495183412050775,-7.954545454545455,0.0454545454545431,-2.062996238485291e-15,0.7137476751637466,-11.372272727272732,0.1277272727272702,-3.4679330114654888e-15,0.7139582366191765,-11.420000000000003,0.1799999999999961,-1.9055464277202687e-15,0.7447905856876317,-11.892272727272728,0.1077272727272706,2.3011895419503245e-16,0.1213705136266384,-0.0498147737562009,1.9314732818061835,015
-1.937843824800273e-15,10.201995793417332,-26.557386363636365,13.142613636363633,-5.167583532800728e-16,11.722068876585626,-26.37715909090909,15.022840909090906,-4.134066826240583e-15,12.067540812885664,-30.39795454545455,13.50204545454545,-3.100550119680437e-15,12.40631512202656,-31.00704545454546,13.792954545454544,2.1962230014403096e-15,9.328246836870624,-26.938636363636363,10.961363636363645,-1.0335167065601458e-14,45.81746676727158,-38.33289031068432,130.88446490325305,005
-1.6471672510802322e-15,2.112957417835669,-11.678636363636365,4.021363636363638,1.388788074440196e-15,8.198127966585316,-18.402159090909088,13.397840909090917,0.0,13.610877167170898,-23.84988636363636,20.45011363636365,-4.3278512087206105e-15,15.046812215161273,-26.11715909090909,22.38284090909091,2.2931151926803235e-15,12.914466725867278,-22.71556818181818,19.78443181818183,-4.134066826240583e-15,56.90042179588573,-327.3057859124544,27.12017657752173,005
-2.5837917664003644e-15,8.03255848828806,-18.43636363636364,3.763636363636362,1.5502750598402185e-15,7.711159453262289,-17.6875,4.512499999999996,-3.100550119680437e-15,8.029977328657928,-18.430681818181817,3.6693181818181806,-2.0670334131202917e-15,8.062233066245529,-18.49659090909091,4.803409090909099,2.583791766400364e-16,8.117831223182613,-18.60306818181818,5.4969318181818245,1.5502750598402185e-14,34.52714906952053,-78.7033546183301,29.322681033430428,012
-2.0670334131202917e-15,16.447977492224105,-18.485227272727272,21.914772727272727,0.0,10.928389405107662,-12.31931818181818,11.68068181818182,3.100550119680437e-15,12.404158224992988,-13.942045454545454,13.957954545454552,1.0335167065601457e-15,15.894513386232491,-17.78181818181818,21.518181818181816,4.134066826240583e-15,55.28388845847263,-62.34204545454546,49.65795454545455,0.0,63.39895345297391,-98.72314260445552,150.96097831545003,008
3.6173084729605105e-15,9.72391592196467,-18.194772727272728,10.005227272727277,-2.0670334131202917e-15,19.887083441518453,-33.43409090909091,22.56590909090909,1.0335167065601457e-15,16.453225987717197,-28.36477272727273,18.23522727272728,1.0335167065601457e-15,23.786851594275326,-41.30943181818182,23.590568181818185,3.6173084729605105e-15,12.97418356003902,-23.38863636363636,15.31136363636364,-5.167583532800729e-15,100.3692249685848,-190.6754144118204,148.00394899457544,003
1.958029697975276e-15,0.9233412576051544,-12.85738636363636,2.0426136363636367,3.940282443760556e-15,1.748929036966046,-24.126704545454544,1.8732954545454632,-9.689219124001363e-16,1.180008968089959,-17.231250000000003,1.7687499999999972,7.848267490441106e-15,2.1026077742839577,-28.282954545454544,4.01704545454546,-1.9055464277202687e-15,1.462962418948687,-20.98977272727273,2.310227272727268,-1.1368683772161604e-14,12.568151267071569,-54.2820189063406,27.953467513196088,012
2.036754603357787e-15,0.7377302134036494,-9.563636363636364,0.5363636363636388,2.7654646249753904e-15,0.7059881764368262,-11.22238636363636,0.3776136363636446,3.8353159032505413e-16,0.6950942322703716,-10.91590909090909,0.384090909090915,3.2297397080004555e-16,0.4644791665701336,-7.457386363636363,0.1426136363636363,-3.1086244689504387e-15,0.7162064317587229,-11.232727272727276,0.5672727272727265,-1.0141382683121431e-14,4.627238492915141,-19.09990750148478,11.749859061744148,006
2.0670334131202917e-15,14.061558651229346,-12.569659090909092,22.43034090909091,-8.268133652481165e-15,55.389516256286015,-50.40340909090909,61.69659090909093,-2.0670334131202917e-15,16.568666478757354,-14.739545454545455,23.760454545454543,-2.0670334131202917e-15,17.957554433926056,-15.962159090909092,27.43784090909092,1.0335167065601457e-15,20.39844768258084,-18.12943181818182,30.87056818181817,0.0,28.95687971577613,-50.8698631652575,61.46653397927224,011
9.36624515320132e-16,0.8904588887429468,-12.494886363636365,0.6051136363636402,8.478066733501196e-17,0.7956399053514116,-11.019431818181816,3.4805681818181817,2.6128594237723684e-14,3.499449585926641,-56.19943181818177,0.6005681818182182,6.766304688260954e-15,1.6528955583327714,-22.258522727272727,2.9414772727272838,-3.0682527226004327e-16,1.3994201684452166,-13.28068181818182,2.0193181818181856,5.167583532800729e-15,111.26298208826589,-213.8136189546751,125.11727292378274,009
0.0,11.0885757581865,-11.216136363636364,16.18386363636364,-2.0670334131202917e-15,15.973962123064238,-15.775,24.925000000000004,0.0,24.84515627419671,-22.49772727272727,43.602272727272734,-2.0670334131202917e-15,20.711399449307148,-18.243181818181817,37.456818181818186,5.167583532800729e-15,16.749278964066352,-16.392045454545453,27.007954545454545,8.268133652481165e-15,82.4868765530696,-84.27876199764833,93.66302156274588,005
0.0,15.524479188706414,-19.95068181818182,22.149318181818195,0.0,48.12845276655463,-64.23454545454545,36.76545454545455,-4.134066826240583e-15,26.651951798303458,-35.557500000000005,24.542500000000004,0.0,31.897470637306828,-41.50181818181819,56.59818181818184,0.0,17.952169369530637,-23.601136363636364,23.09886363636365,-1.0335167065601457e-15,30.124809450473062,-49.55400438642963,65.17506451056644,011
3.488118884640492e-15,12.087600332790151,-13.742613636363636,79.05738636363637,1.291895883200182e-16,5.0829279514781,-13.22340909090909,6.676590909090912,6.459479416000911e-16,4.739638708846123,-13.728522727272724,6.371477272727276,1.4210854715202005e-15,3.64312591227734,-12.935795454545454,6.664204545454545,6.45947941600091e-17,3.5683932696466494,-12.648863636363636,9.351136363636364,-1.0335167065601457e-15,75.77387310292382,-95.7353076868549,144.46406989245463,002
-3.500230408545493e-15,0.6808771915698156,-10.9375,0.0624999999999964,1.873249030640264e-15,1.5716466170367225,-11.617045454545456,4.082954545454545,-1.6794646481602368e-15,0.99707925088296,-11.305113636363636,2.694886363636364,3.2297397080004555e-16,1.9197809166877648,-11.789431818181816,4.210568181818186,-1.130408897800159e-16,0.8227016492117302,-9.060795454545456,1.439204545454544,-7.751375299201092e-15,20.976557109430917,-38.78603286452719,56.624618054042855,006
2.0670334131202917e-15,22.40355035893717,-31.696704545454544,22.70329545454545,-1.0335167065601457e-15,22.556879772929424,-30.453977272727272,26.546022727272742,1.0335167065601457e-15,26.3600204720556,-35.74840909090909,29.651590909090917,1.0335167065601457e-15,10.35217897123496,-15.177045454545452,7.622954545454551,0.0,15.437158091706747,-22.360227272727272,22.439772727272725,3.100550119680437e-15,61.53085921807788,-123.48524236074547,162.72665687213524,001
-5.619747091920792e-15,3.712141675113667,-18.72704545454546,8.772954545454546,1.2111523905001709e-15,1.950221349881356,-11.81306818181818,4.686931818181819,3.3427805977804718e-15,1.846100298462538,-12.484772727272723,4.115227272727278,-1.5825724569202229e-15,1.6735391433912774,-12.75409090909091,3.745909090909095,8.074349270001139e-17,1.5547511784064356,-11.733522727272726,3.2664772727272684,3.8756876496005453e-16,36.60176460290499,-51.012717820793696,59.09258166949662,015
-6.459479416000911e-16,0.7737240813293365,-12.428977272727272,0.0710227272727266,-1.5866096315552237e-15,0.7427751180761629,-11.931818181818182,0.0681818181818165,2.434416304905343e-15,0.7124740009030578,-11.10715909090909,0.592840909090917,-5.506706202140777e-15,0.7788011288815055,-12.457727272727276,0.1422727272727222,1.5583494091102198e-15,1.2415145823393126,-19.969204545454545,0.4307954545454606,-2.2022787633928105e-15,0.4873485754056983,-0.1406696028538601,7.82344374946458,008
1.5502750598402185e-15,10.231760063543996,-15.357954545454543,8.14204545454546,-1.5502750598402185e-15,10.280166699189262,-15.436022727272729,7.363977272727276,5.167583532800729e-15,14.559348717312668,-21.82613636363636,12.673863636363633,1.5502750598402185e-15,10.720444126172978,-16.069318181818183,9.230681818181818,0.0,10.378972066492176,-15.585454545454546,7.31454545454546,-1.2402200478721748e-14,69.82232944751257,-90.8917379970805,108.9748485517899,007
6.45947941600091e-17,1.6937082769097895,-11.175,3.3249999999999997,-2.0024386189602826e-15,3.289168878086739,-28.44147727272728,9.358522727272735,3.851464601790543e-15,1.5813009170909091,-20.183522727272724,1.816477272727269,3.3912266934004783e-16,1.212270548920905,-13.89034090909091,1.209659090909092,8.599181972551212e-16,1.1477948618712397,-11.978977272727274,2.7210227272727323,4.650825179520656e-15,61.11833255859659,-68.31040936578856,89.01979047256965,007
-6.822825133150962e-16,0.7971155952625334,-9.291477272727274,1.3085227272727271,-1.7561709662252476e-15,0.71527764360283,-11.207727272727276,0.3922727272727293,-1.8853605545452657e-15,0.712674139586626,-11.192159090909094,0.4078409090909112,-6.620966401400934e-16,0.6088249822301993,-7.993068181818181,0.5069318181818154,-2.5030482737003533e-16,0.717684486893282,-11.287500000000003,0.3125,-5.167583532800728e-16,6.451781196355888,-21.35502771346186,19.970126218143903,006
-6.459479416000911e-16,0.7737240813293365,-12.428977272727272,0.0710227272727266,-1.5866096315552237e-15,0.7427751180761629,-11.931818181818182,0.0681818181818165,-1.6552416003502332e-16,0.7196782094843581,-11.157954545454544,0.4420454545454575,1.0658141036401502e-15,0.7724957457290115,-12.349431818181817,0.1505681818181834,3.5365649802604987e-15,1.2400337769909788,-19.840568181818178,0.3594318181818252,-1.7057062832877405e-15,0.4858024588601616,-0.1819622804958953,7.775275578280965,009
6.201100239360874e-15,52.61426855488536,-79.4253409090909,35.574659090909094,3.100550119680437e-15,11.851108308093607,-17.890227272727273,8.10977272727273,-2.0670334131202917e-15,10.085602361782858,-15.225,6.774999999999997,-1.5502750598402185e-15,11.002475303763122,-16.60909090909091,7.390909090909091,0.0,29.922437397396894,-45.16125,21.738750000000003,-6.45947941600091e-17,0.3559373392836206,-0.5371694188524643,0.2684092411014731,009
4.501449718025635e-15,0.7118261548229898,-11.43465909090909,0.0653409090909136,-6.217248937900876e-16,0.5192962497855366,-8.123636363636365,0.4763636363636365,4.501449718025635e-15,0.7118261548229898,-11.43465909090909,0.0653409090909136,4.501449718025635e-15,0.7118261548229898,-11.43465909090909,0.0653409090909136,4.844609562000683e-16,0.6795534736528971,-10.826590909090903,0.3734090909090959,1.0738884529101513e-15,0.3138448045194587,-0.0609685691975805,5.02918848274467,015
-1.5502750598402185e-15,8.534317028084153,-18.94897727272728,4.051022727272727,-1.5502750598402185e-15,5.969370857113173,-13.254545454545454,2.7454545454545443,-2.583791766400364e-16,8.497211124882474,-18.864090909090912,4.135909090909092,3.358929296320473e-15,8.455534166741804,-18.77102272727273,4.228977272727278,2.5837917664003644e-15,8.87419022030268,-19.704545454545453,4.295454545454547,1.291895883200182e-16,1.4308525239001,-0.6998158596800175,3.176816582175134,015
-6.201100239360874e-15,34.720173941089115,-54.37897727272728,56.52102272727273,-1.5502750598402185e-15,15.797091118617926,-26.08409090909091,15.715909090909092,1.0335167065601457e-15,15.188042534862936,-25.586931818181817,13.413068181818176,-3.100550119680437e-15,13.623342116133731,-23.23636363636364,13.363636363636363,2.5837917664003644e-15,13.726322240949928,-23.16931818181818,16.130681818181817,2.0670334131202917e-15,68.7654542515946,-95.84211157748614,137.456562317268,002
-3.100550119680437e-15,10.887706728213557,-12.026136363636365,10.073863636363637,-5.167583532800728e-16,8.940692965451804,-9.870454545454546,9.129545454545454,-4.134066826240583e-15,10.8866604153891,-12.025,9.974999999999996,-4.134066826240583e-15,10.8866604153891,-12.025,9.974999999999996,-1.0335167065601457e-15,11.426818850825756,-12.611363636363638,12.188636363636364,0.0,41.991549673243256,-46.20967122216831,51.68074103372789,012
-2.390007383920337e-15,4.644117708154055,-20.90340909090909,1.196590909090908,-1.3564906773601913e-15,3.437001917333196,-15.342045454545454,2.057954545454548,-1.937843824800273e-15,4.643274706497559,-20.9,1.099999999999998,-1.937843824800273e-15,4.643274706497559,-20.9,1.099999999999998,-2.1962230014403096e-15,5.02527932773866,-22.15670454545455,4.043295454545458,5.167583532800728e-16,53.30415668640866,-94.55986849293394,110.10753142133764,009
-1.4856802656802094e-15,1.3264153860472874,-21.276704545454542,0.2232954545454504,-1.0900371514501537e-15,1.3963034876960188,-22.21954545454545,0.2804545454545462,3.875687649600546e-15,1.705529469757337,-27.371022727272724,0.4289772727272805,-2.6322378620203717e-15,0.8361318153895417,-13.426704545454545,0.1732954545454532,2.1154795087402983e-15,1.6996651005503771,-26.531477272727276,0.5685227272727218,1.0673280441282753e-16,0.0511499094092394,-0.8050590914078986,0.0348970362538871,008
1.5502750598402185e-15,10.693920194171929,-14.48375,8.316250000000004,2.0670334131202917e-15,15.4419261442651,-19.473522727272726,20.72647727272728,1.0335167065601457e-15,15.681329484727192,-19.968977272727276,19.03102272727272,0.0,14.396962659972576,-18.49659090909091,18.50340909090909,-5.167583532800728e-16,13.238612676042017,-17.33943181818182,17.16056818181818,-1.5502750598402185e-15,57.59031065833978,-85.66397536431154,117.8976160053576,002
1.5502750598402185e-15,9.66555676633818,-22.568181818181817,12.031818181818178,-7.751375299201094e-16,10.868403421089674,-24.97159090909091,9.828409090909089,1.0335167065601457e-15,11.02175517679328,-25.53556818181818,11.764431818181825,-1.2918958832001822e-15,11.827319577068137,-27.29659090909091,11.70340909090909,4.909204356160692e-15,8.022872422553807,-19.32397727272727,10.07602272727273,5.9427210627208375e-15,45.05692471935947,-76.67072368452827,131.04309282645391,010
-2.9471374835504163e-16,0.8975199343420301,-14.417613636363637,0.0823863636363633,3.3993010426704792e-15,0.7812394710034297,-12.424659090909088,0.175340909090913,-1.3928252490751965e-15,0.8979189596846457,-14.398295454545451,0.5017045454545475,9.043271182401274e-16,2.022410483364627,-26.51886363636364,3.6811363636363614,-4.448966447770627e-15,1.330805419886458,-21.377840909090907,0.1221590909090863,4.854702498588185e-16,0.123408420869148,-1.9629234560516355,0.0550338983991216,015
2.7654646249753904e-15,0.8231411487242883,-11.252613636363636,3.3473863636363674,-3.746498061280528e-15,8.616927902372751,-16.947159090909093,8.45284090909091,1.162706294880164e-15,5.854737246955532,-14.266704545454544,5.933295454545451,-3.875687649600546e-15,5.261687850799988,-13.155227272727274,6.644772727272724,4.3278512087206105e-15,4.45046623143794,-13.390568181818178,6.109431818181822,-6.201100239360874e-15,77.44988139069709,-103.17246524410744,160.46948052297972,010
-1.808654236480255e-15,3.2947685100965693,-16.210681818181822,9.189318181818187,4.715419973680665e-15,3.455095528498989,-48.7028409090909,1.0971590909090736,2.034736016040287e-15,6.720100103636296,-17.40522727272727,9.594772727272726,-4.868832609810686e-15,5.891622903889235,-19.54738636363637,8.752613636363641,-3.3104832007004666e-15,0.7711523974835506,-10.944659090909097,0.4553409090909035,2.842170943040401e-15,26.39040536787565,-56.24493259606617,29.82707921966664,011
3.100550119680437e-15,18.841621874539356,-29.65352272727273,21.14647727272727,-1.0335167065601457e-15,20.379657759963077,-29.413636363636364,27.086363636363643,4.134066826240583e-15,21.20042849052392,-29.27,28.430000000000017,3.100550119680437e-15,18.49153654929814,-25.32647727272727,24.973522727272726,2.0670334131202917e-15,14.571254096959578,-22.114204545454545,18.785795454545468,6.459479416000911e-16,31.280916668048647,-95.84649340244206,99.96183308351682,003
5.684341886080802e-15,9.32886952207594,-18.22840909090909,8.67159090909091,-5.167583532800728e-16,7.625768074545422,-14.168522727272729,15.731477272727265,2.0670334131202917e-15,9.591671096802454,-18.60784090909091,13.992159090909098,0.0,9.771177147146044,-18.847500000000004,16.152500000000003,-3.100550119680437e-15,9.810495754542512,-18.769431818181825,14.030568181818182,-4.134066826240583e-15,138.10239900624282,-187.4387243911424,171.15378718502518,004
5.167583532800728e-16,10.673859210920176,-14.495,8.305000000000005,-5.167583532800729e-15,15.459629591116498,-19.69920454545455,20.50079545454545,-1.0335167065601457e-15,15.696466610342178,-20.18636363636364,18.813636363636355,-1.0335167065601457e-15,14.430590892697245,-18.706818181818186,18.293181818181814,1.0335167065601457e-15,13.188184808509034,-17.387045454545454,15.812954545454549,-2.5837917664003644e-15,58.28602121613548,-84.31248707477579,124.06653343635344,002
-2.5837917664003644e-15,7.207388222488739,-19.230681818181814,2.86931818181818,3.6173084729605105e-15,6.877986860566995,-18.351136363636364,2.6488636363636395,-4.134066826240583e-15,7.205510044403518,-19.225,2.774999999999995,-4.134066826240583e-15,7.205510044403518,-19.225,2.774999999999995,7.751375299201094e-16,7.860556412076566,-20.972727272727276,3.027272727272728,-1.4469233891842042e-14,29.74065257078757,-75.75432456958168,27.82785042314424,006
-1.5712683679422216e-14,3.695497971272857,-55.91875,0.581249999999983,4.844609562000683e-16,1.4385029918071135,-12.265227272727271,5.034772727272731,-6.459479416000911e-16,1.6401732445722743,-14.781477272727273,4.91852272727272,2.0044572062777826e-15,1.0883822001177068,-11.414431818181814,5.185568181818191,-3.2297397080004557e-15,3.1868339038265736,-17.741818181818186,12.158181818181816,1.0335167065601457e-15,85.56483160824283,-224.9409001229648,97.79935038068632,009
-8.518438479851201e-16,0.5929037030887592,-8.16875,0.8312499999999972,-3.500230408545493e-15,0.6808771915698156,-10.9375,0.0624999999999964,-1.0658141036401502e-15,0.921684335585024,-13.138409090909091,1.0615909090909137,1.304007407105184e-15,1.0974377559110908,-14.164090909090907,1.335909090909091,7.428401328401047e-16,1.232346414751311,-15.463636363636365,1.0363636363636353,8.526512829121202e-15,46.14819117804143,-79.92190367762744,67.45086263915204,007
4.037174635000569e-16,0.9303712713101896,-14.749545454545451,0.3504545454545464,2.220446049250313e-16,0.775707946114573,-12.441477272727273,0.2585227272727302,-4.675048227330659e-15,0.6849720616248601,-10.967045454545456,0.3329545454545446,6.499851162350917e-15,0.8100918779515944,-12.63488636363636,0.5651136363636446,-4.4005203521506207e-16,1.1474796706368238,-18.436704545454543,0.3632954545454581,4.784051942475675e-16,0.1635610312485582,-0.0415238140252975,2.621011059947639,012
0.0,11.321300523567864,-14.376022727272728,11.023977272727274,6.201100239360874e-15,25.217003622185207,-31.93647727272727,23.36352272727273,-2.0670334131202917e-15,17.222985266053332,-21.45534090909091,29.3446590909091,4.134066826240583e-15,12.503233858029464,-15.688522727272725,19.211477272727272,-5.167583532800729e-15,14.695565749094197,-17.83136363636364,28.06863636363637,0.0,24.53195967681797,-34.44421403554012,50.44062922868165,011
4.68312257660066e-15,1.0321313539055357,-11.786931818181817,2.313068181818185,3.2297397080004557e-15,11.310054903900138,-24.745340909090903,18.85465909090908,2.1316282072803005e-15,8.170692434740143,-20.15897727272727,12.241022727272735,1.1756252537121658e-14,11.476466982855586,-32.663522727272714,15.536477272727282,2.9713605313604188e-15,4.535900856279364,-17.04238636363636,15.257613636363644,2.0670334131202917e-15,115.91808160987505,-201.295471019114,144.19750648697726,003
4.989947848860704e-15,0.765862345147531,-11.45056818181818,2.0494318181818194,1.3564906773601913e-15,10.507568147678093,-19.728409090909096,13.171590909090924,5.813531474400821e-15,7.818322573224233,-14.269431818181816,10.330568181818194,7.880564887521111e-15,9.361692844969532,-21.866590909090903,15.133409090909105,1.9055464277202687e-15,4.325079538751735,-13.297727272727272,12.202272727272728,-1.0335167065601457e-15,102.74739225537138,-200.17413010955624,132.9292080346263,000
1.0335167065601457e-15,9.263502820430954,-11.488636363636363,8.511363636363637,0.0,10.978055199267365,-13.623295454545456,9.376704545454547,-2.0670334131202917e-15,12.125897129629095,-15.047727272727272,10.952272727272732,-2.5837917664003644e-15,9.416493234464236,-11.682272727272728,8.317727272727272,0.0,11.075469683900918,-13.745909090909093,9.25409090909091,2.0670334131202917e-15,20.57921388917604,-25.43791454414964,23.685194979186637,012
4.134066826240583e-15,19.396030287383315,-29.04,21.76,3.100550119680437e-15,21.14043616679453,-29.33636363636364,27.16363636363637,2.0670334131202917e-15,22.097518278068847,-29.38636363636364,28.31363636363638,-1.0335167065601457e-15,19.30494147334449,-25.65272727272728,25.047272727272727,-4.134066826240583e-15,15.099815998276874,-21.925000000000004,18.97500000000001,3.8756876496005453e-16,29.05095398809302,-95.63120451092166,92.5499078062558,003
-1.5502750598402185e-15,10.497865128796269,-14.080681818181818,8.119318181818182,1.0335167065601457e-15,8.3457056859308,-11.194886363636364,6.80511363636364,-5.167583532800728e-16,10.493539679250276,-14.075,7.924999999999997,-5.167583532800728e-16,10.493539679250276,-14.075,7.924999999999997,-2.0670334131202917e-15,11.447497831909397,-15.354545454545455,8.645454545454545,4.134066826240583e-15,41.01712019327693,-54.77291026364497,44.77449593576966,006
1.808654236480255e-15,5.0353046761659,-16.244999999999997,15.454999999999998,-1.6148698540002276e-15,8.68853724335895,-29.840340909090912,15.459659090909092,-2.842170943040401e-15,5.2417660625049765,-25.50602272727273,9.193977272727274,2.438453479540344e-15,3.801996768703984,-17.55965909090909,6.44034090909091,-1.3241932802801868e-15,3.3844735420778207,-18.154545454545456,5.345454545454551,-3.100550119680437e-15,55.74348458261452,-146.3290423068982,177.3875282796557,001
2.7129813547203826e-15,5.072470662905115,-16.03431818181818,6.965681818181817,-1.9378438248002726e-16,3.274655790298885,-13.846022727272729,6.153977272727271,8.074349270001138e-16,3.616630575912334,-14.82556818181818,6.174431818181816,1.744059442320246e-15,5.720431329412564,-17.886704545454542,8.913295454545455,1.873249030640264e-15,3.3247830799029727,-12.98125,7.018750000000008,0.0,64.3600041759972,-90.2460581848911,99.39093988971376,000
2.5837917664003644e-15,12.780701439560747,-21.62159090909091,13.278409090909095,4.134066826240583e-15,14.902192458918403,-23.980909090909087,14.719090909090909,-5.167583532800728e-16,14.973599865214569,-25.05340909090909,14.4465909090909,-3.100550119680437e-15,15.238343490847074,-25.476136363636368,14.123863636363634,2.0670334131202917e-15,10.780005749856638,-18.008181818181818,14.491818181818182,0.0,48.30681891728071,-85.67675883402711,125.53095431166308,010
0.0,0.0,0.0,0.0,0.0,0.0,0.0,0.0,0.0,0.0,0.0,0.0,0.0,0.0,0.0,0.0,0.0,0.0,0.0,0.0,0.0,0.0,0.0,0.0,005
5.81353147440082e-16,4.323930091473545,-21.77886363636364,1.221136363636365,-1.9378438248002726e-16,3.047611176691922,-15.345454545454544,0.6545454545454543,4.069472032080574e-15,4.298242475489159,-21.631590909090907,1.368409090909097,5.167583532800729e-15,4.271424843805752,-21.493409090909086,1.306590909090918,-4.521635591200637e-16,4.487904681446796,-22.58545454545455,1.4145454545454506,-2.90676573720041e-16,0.721772808324334,-0.1925776258275053,3.632488614465871,015
5.167583532800728e-16,10.704764222817602,-20.350454545454543,9.64954545454546,5.167583532800728e-16,11.451687393708545,-21.19386363636364,12.206136363636368,-1.0335167065601457e-15,12.629979952281849,-23.588636363636365,11.411363636363635,-1.0335167065601457e-15,14.9075952162552,-27.20693181818182,14.493068181818185,3.100550119680437e-15,10.608665214545022,-20.392045454545453,8.507954545454549,-3.100550119680437e-15,58.901539173701934,-93.8450867152098,148.96984319887207,010
0.0,0.0,0.0,0.0,0.0,0.0,0.0,0.0,0.0,0.0,0.0,0.0,0.0,0.0,0.0,0.0,0.0,0.0,0.0,0.0,0.0,0.0,0.0,0.0,004
2.107405159470297e-15,3.138565545824061,-21.97329545454545,8.826704545454547,3.552713678800501e-15,4.617132126980542,-25.08988636363636,4.810113636363639,1.808654236480255e-15,5.227822054880981,-29.29875,6.10125,-2.5191969722403556e-15,6.053021322930153,-31.75102272727273,5.748977272727281,1.6471672510802322e-15,3.322295201045892,-21.360227272727272,4.639772727272732,-2.583791766400364e-16,50.18318526466421,-56.47351150408001,147.9944990974861,010
2.5837917664003644e-15,8.859052354853372,-21.505681818181817,7.994318181818183,-1.0335167065601457e-15,19.227317184762164,-40.654886363636365,18.54511363636364,-5.167583532800728e-16,14.37023460358193,-31.62727272727273,13.172727272727268,0.0,22.310081772792262,-49.14886363636364,19.351136363636364,0.0,12.117959035474328,-28.449204545454545,13.150795454545456,-5.167583532800729e-15,78.22299513654642,-138.7829778434711,194.97410514495564,002
-5.167583532800728e-16,10.238687215467504,-14.739886363636364,11.26011363636364,-1.0335167065601457e-15,14.620214615840055,-19.79136363636364,20.608636363636368,-3.100550119680437e-15,24.95178640154045,-29.709090909090914,36.89090909090909,1.0335167065601457e-15,20.09902992884429,-23.43431818181818,31.165681818181813,-3.100550119680437e-15,16.89661457752119,-21.87147727272728,23.62852272727273,1.653626730496233e-14,70.00890704585544,-102.03012022265096,58.70917849673556,005
3.2297397080004557e-15,1.241786236777988,-17.46818181818182,2.13181818181819,-3.6334571715005125e-16,0.8819849596270148,-11.27840909090909,1.72159090909091,-3.0682527226004327e-16,1.010902116351023,-10.937954545454543,1.062045454545455,4.7477173707606704e-15,1.8864136767733009,-21.946590909090908,1.4534090909090978,-7.153873453221009e-15,3.4956168964986376,-56.08238636363635,0.417613636363626,-5.425962709440765e-15,108.41780241340906,-225.81727032286088,115.55270288946896,009
2.083182111660293e-15,0.941383821553924,-11.751022727272726,2.048977272727271,3.488118884640492e-15,9.45233403374182,-18.96329545454545,11.136704545454542,1.808654236480255e-15,7.414826614224249,-16.679090909090906,8.920909090909092,-1.6148698540002276e-15,8.527476567635366,-24.455454545454547,13.144545454545444,-2.454602178080346e-15,3.961811374516973,-14.690795454545457,12.609204545454542,-4.134066826240583e-15,93.39642699632884,-185.8782530012746,111.0691564389723,000
-3.2802043909379626e-15,0.7184983479682178,-11.333181818181822,0.46681818181818,1.126371723165159e-15,0.5062622307470622,-8.095909090909089,0.3040909090909132,-9.00289943605127e-16,0.698789389995475,-11.065454545454546,0.4345454545454572,-8.558810226201208e-16,0.7048825806326462,-11.057045454545454,0.4429545454545476,-3.2579999304454592e-15,0.682143861611232,-10.945454545454544,0.1545454545454525,-1.3060259944226842e-15,0.3082335576400351,-0.0666942406184389,4.946686466776263,013
-2.0670334131202917e-15,13.285004858131538,-10.80568181818182,18.194318181818183,0.0,24.74009403747194,-19.37125,46.32875,-3.100550119680437e-15,21.311509044544028,-17.146250000000002,34.45375000000001,2.0670334131202917e-15,14.150224343343186,-11.42681818181818,21.57318181818182,-2.0670334131202917e-15,17.877960902765334,-14.270568181818184,28.82943181818181,3.100550119680437e-15,32.7940253603682,-55.838483498172806,77.30201118755714,011
2.2931151926803235e-15,3.801459646192794,-16.790113636363635,10.009886363636372,1.937843824800273e-15,5.997910087123942,-19.90863636363636,6.891363636363643,-2.4223047810003414e-15,6.4725988719389065,-22.629545454545458,8.370454545454542,1.0981115007201548e-15,7.2102190701293,-22.914772727272727,9.185227272727268,5.81353147440082e-16,2.168892572182731,-13.095681818181816,4.604318181818183,1.808654236480255e-15,55.68435230230013,-79.66303483490347,147.8980396994107,010
5.167583532800728e-16,8.82993345058362,-3.1915909090909094,25.608409090909092,5.167583532800728e-16,17.431137239278033,-6.300000000000001,49.7,-5.167583532800728e-16,12.77123620381182,-4.615909090909091,36.58409090909092,-2.0670334131202917e-15,17.799268741073107,-6.430681818181818,52.26931818181818,-1.5502750598402185e-15,8.683142086557792,-3.139431818181818,26.86056818181818,-2.0670334131202917e-15,37.88787774551426,-13.70962929665736,112.48948170106266,007
-7.630260060151076e-16,4.774434649961835,-15.348977272727272,8.451022727272726,4.973799150320701e-15,11.86194541186348,-11.591022727272726,18.50897727272729,5.490557503600774e-16,7.850208977583692,-10.509090909090908,11.690909090909098,5.361367915280756e-15,17.408806830328203,-21.30125,23.698750000000015,1.291895883200182e-16,14.13331454803283,-14.507500000000004,20.19250000000001,-4.392446002880619e-15,7.423977668785013,-79.51588234481525,9.92626722187714,005
1.453382868600205e-15,4.074530785679551,-14.764886363636364,6.835113636363641,4.844609562000683e-17,1.673054423912116,-13.808409090909093,5.591590909090911,1.6310185525402302e-15,2.060132785653584,-14.211704545454545,7.5882954545454595,4.844609562000683e-16,1.6147923995986768,-12.835227272727272,4.664772727272734,-3.916059395950552e-15,0.6759061869473592,-10.84090909090909,0.1590909090909065,0.0,42.82984043349097,-87.73271956750493,114.05843221520988,003
3.100550119680437e-15,10.97374651626808,-14.50681818181818,14.49318181818182,1.5502750598402185e-15,12.04346179914388,-16.352272727272727,17.04772727272728,-1.0335167065601457e-15,17.473873494649798,-21.842045454545456,26.657954545454544,2.0670334131202917e-15,17.379813405152944,-22.56704545454545,26.63295454545453,-1.0335167065601457e-15,14.356536822476514,-19.744318181818183,17.05568181818182,-1.0335167065601457e-15,63.22289418006574,-177.40925770403615,181.4187395259299,003
-1.291895883200182e-16,3.4786326440591653,-12.448863636363637,5.25113636363637,-5.490557503600774e-15,4.601969597200062,-35.175909090909094,7.524090909090916,1.0012193094801413e-15,9.294294212420048,-24.197954545454543,11.10204545454546,-4.68312257660066e-16,5.916102264116424,-16.833977272727275,6.166022727272733,-1.2595984861201776e-15,9.001606232212895,-23.902386363636364,10.09761363636364,1.4210854715202005e-15,51.001395299144335,-85.15887790912993,55.606539114201,005
4.501449718025635e-15,0.7118261548229898,-11.43465909090909,0.0653409090909136,-5.308884645025749e-16,0.506855074075127,-8.035454545454545,0.4645454545454548,4.501449718025635e-15,0.7118261548229898,-11.43465909090909,0.0653409090909136,4.501449718025635e-15,0.7118261548229898,-11.43465909090909,0.0653409090909136,-3.1853307870154488e-15,0.6896803423978983,-10.930340909090908,0.3696590909090922,-1.6915761720652385e-15,0.3131818611946707,-0.0618586070452451,5.024287740331095,015
9.689219124001366e-17,3.4212487374573803,-54.87840909090909,0.6215909090909122,4.0371746350005696e-15,3.4093894111739123,-54.689545454545446,0.6104545454545587,-3.665754568580517e-15,3.3940036984911925,-54.496590909090905,0.6034090909090963,-4.699271275140663e-15,3.420539713149892,-54.83284090909092,0.3671590909090838,3.6173084729605105e-15,9.694946987710908,-24.46079545454545,45.23920454545455,1.5502750598402185e-15,7.144780013133913,-21.77654885680917,10.960540683580646,012
2.5837917664003644e-15,5.406350599790144,-21.269318181818186,1.7306818181818215,-2.1962230014403096e-15,3.807604396424269,-14.981818181818182,1.018181818181816,-1.5502750598402185e-15,5.368900862810757,-21.125340909090912,1.8746590909090912,-4.263256414560601e-15,5.333988741904161,-20.979318181818183,1.8206818181818176,3.2297397080004557e-15,5.604198894394622,-22.050454545454546,1.9495454545454545,-4.198661620400592e-16,0.9018306759992728,-0.2772601368594376,3.5478061034339388,015
0.0,10.161543988964937,-9.306818181818182,11.693181818181822,8.268133652481165e-15,24.782118778607792,-22.704545454545453,28.59545454545456,-2.0670334131202917e-15,12.943790094653991,-11.85159090909091,15.848409090909092,-1.0335167065601457e-15,10.470365537735615,-9.589772727272727,13.010227272727278,-2.0670334131202917e-15,14.857030377568035,-13.579204545454546,18.920795454545463,4.134066826240583e-15,59.7288050447582,-85.57149151202819,102.84969012130898,012
2.809873545960396e-15,1.6285660014486305,-11.22522727272727,5.774772727272726,4.7477173707606704e-15,3.40074508729489,-54.643181818181816,0.3568181818181841,5.8458288714808244e-15,3.404551401863965,-54.64454545454545,0.355454545454549,1.6374780319562313e-14,3.397453774337531,-54.56818181818181,0.7318181818181984,4.085620730620576e-15,2.856457178228605,-21.039659090909087,8.860340909090915,2.1962230014403096e-15,15.68678298402005,-36.34274615065669,18.626251756399363,015
-3.100550119680437e-15,11.040052654009664,-13.366818181818184,11.633181818181816,-3.100550119680437e-15,16.472144809825075,-19.15602272727273,20.84397727272727,3.100550119680437e-15,16.62930221472808,-19.48181818181818,19.51818181818181,-3.100550119680437e-15,14.876444227670389,-17.523068181818182,19.57693181818182,-1.0335167065601457e-15,13.539331500078148,-16.02659090909091,21.873409090909096,-1.0335167065601457e-15,53.65522391576934,-88.58448188118854,137.5115395709759,002
4.844609562000683e-16,3.129100481256158,-50.23920454545454,0.3607954545454532,1.4856802656802094e-15,3.1251792820473536,-50.20397727272727,0.3960227272727508,3.423524090480483e-15,3.1253573659299696,-50.20624999999999,0.3937500000000256,-5.102988738640719e-15,3.0971095374698607,-49.71761363636364,0.6823863636363541,-2.890617038660408e-15,3.1261257786245564,-50.215340909090905,0.3846590909091105,-1.0593546242241494e-14,16.063761329867052,-46.7803306752346,31.983031505809464,012
-2.0024386189602826e-15,3.482418932196152,-12.378750000000004,9.421249999999995,-4.3762973043406174e-15,0.88087270658513,-11.092045454545456,4.107954545454547,-2.583791766400364e-16,10.471295814788435,-26.810568181818184,14.689431818181816,-1.6794646481602368e-15,3.448235857197055,-14.68386363636364,8.01613636363636,-1.4856802656802094e-15,1.5386219114401172,-11.7225,5.477500000000003,2.5837917664003644e-15,72.02255134603374,-89.66764687329209,115.4329091340986,000
2.0670334131202917e-15,10.41797790535014,-17.89,10.810000000000002,5.167583532800728e-16,14.484508538549235,-25.01818181818182,11.781818181818185,-3.100550119680437e-15,13.68328102267342,-23.205,12.294999999999998,-1.0335167065601458e-14,22.98756600550476,-39.03522727272728,21.06477272727272,1.0335167065601457e-15,15.830117525393444,-24.838636363636365,19.161363636363628,-1.0335167065601457e-15,28.444018960668576,-48.05443255038868,57.52507331616326,001
-3.6173084729605105e-15,10.097496825885132,-17.068181818181824,10.031818181818174,-4.134066826240583e-15,10.01253513873695,-17.05193181818182,13.04806818181818,-5.167583532800728e-16,10.799722276043465,-18.028181818181817,15.171818181818178,3.100550119680437e-15,12.262820646012932,-18.516590909090908,21.48340909090909,3.6173084729605105e-15,15.047430280876908,-22.35681818181818,26.44318181818183,-8.268133652481165e-15,73.81155465494159,-228.5040523800706,58.46415114238273,004
7.751375299201094e-16,11.344783315298464,-24.80227272727273,14.197727272727269,5.167583532800728e-16,13.29070972055417,-24.73181818181818,22.168181818181825,1.808654236480255e-15,12.474490229879184,-24.18306818181818,17.116931818181833,1.0335167065601457e-15,23.255072649052437,-40.218295454545455,32.08170454545456,1.808654236480255e-15,17.21428554450783,-28.755681818181817,25.744318181818176,4.134066826240583e-15,66.54437374055111,-89.20266557900727,86.68219949686763,003
-2.0670334131202917e-15,23.05908359653487,-19.990227272727275,34.00977272727272,0.0,55.37625289972552,-48.34511363636364,64.55488636363636,-2.0670334131202917e-15,14.170349962707316,-11.83034090909091,25.16965909090909,1.0335167065601457e-15,14.8637004012382,-12.676136363636363,24.32386363636364,0.0,10.824393747457638,-9.45,12.549999999999995,1.0335167065601457e-15,25.695011173743364,-27.84334046735325,48.895761823493565,011
-3.2579999304454592e-15,0.6822104931945805,-10.945454545454544,0.2545454545454539,-8.356951494451178e-16,0.8269727774782442,-9.67784090909091,1.3221590909090892,-4.9536132771456976e-15,0.6812488152995988,-10.939772727272729,0.1602272727272691,-1.6350557271752305e-15,0.7949907738952154,-11.168181818181818,1.5318181818181884,1.8591189194177626e-15,1.484666875392736,-13.801704545454545,2.398295454545451,-1.162706294880164e-15,43.51799328388167,-66.41665558846569,79.74430499161218,009
-2.8542824669454026e-15,0.6816126584180358,-10.942045454545454,0.1579545454545439,2.5474571946853588e-15,0.6499282283166429,-10.44034090909091,0.0596590909090934,-3.500230408545493e-15,0.6808771915698156,-10.9375,0.0624999999999964,-3.500230408545493e-15,0.6808771915698156,-10.9375,0.0624999999999964,-1.5866096315552237e-15,0.7427751180761629,-11.931818181818182,0.0681818181818165,-1.873249030640264e-14,9.588923978332522,-41.846705041833694,17.06939911587864,006
-1.687538997430238e-15,1.1390606574285895,-10.761477272727276,3.138522727272722,4.780014767840674e-15,8.864469686206013,-21.02147727272727,9.578522727272734,-2.0670334131202917e-15,5.808522539416464,-14.435000000000002,7.864999999999988,4.650825179520656e-15,9.231853151090837,-24.143181818181816,8.856818181818184,1.6794646481602368e-15,4.901326962337397,-14.354090909090909,6.845909090909103,2.5837917664003644e-15,99.37187830777374,-179.9016182530595,152.0649716255833,001
8.268133652481165e-15,53.11288497494342,-72.49204545454546,39.50795454545455,4.134066826240583e-15,53.15924149770735,-72.55454545454546,39.64545454545456,1.2402200478721748e-14,53.16852927161919,-72.56704545454545,39.73295454545456,0.0,53.12974894671061,-72.51363636363638,39.48636363636364,4.134066826240583e-15,53.16338888869074,-72.56022727272727,39.63977272727274,-2.0670334131202917e-15,81.71823692006672,-176.45624528380384,182.13282854559284,007
2.5837917664003644e-15,25.694207952399243,-10.28625,71.91375,-7.751375299201094e-16,5.312307940135478,-12.36340909090909,15.936590909090905,1.0335167065601457e-15,4.846939840098393,-13.578068181818184,14.521931818181816,1.5502750598402185e-15,4.234270594684315,-13.056590909090913,13.443409090909087,-1.6794646481602368e-15,3.8479735396140975,-11.887045454545458,14.812954545454543,2.0670334131202917e-15,45.77489859809727,-138.43623355218392,124.89516908994246,002
3.6173084729605105e-15,12.235973965496065,-19.320454545454545,16.379545454545458,2.0670334131202917e-15,8.965434124416742,-14.760227272727272,8.93977272727273,-1.5502750598402185e-15,10.05459003565655,-16.67318181818182,8.626818181818177,-2.5837917664003644e-15,12.814729184730975,-20.37261363636364,18.42738636363636,2.0670334131202917e-15,11.280326955667388,-18.288977272727276,10.211022727272734,0.0,32.62412797516457,-57.41871411891169,53.65717587633024,011
2.777576148880392e-15,5.166307682698936,-31.97113636363636,6.62886363636364,-1.162706294880164e-15,11.024346366561485,-32.49090909090909,17.309090909090905,1.0012193094801413e-15,7.550707919304298,-28.54090909090909,11.559090909090912,-4.004877237920565e-15,15.831043223535666,-47.80500000000001,21.395,2.648386560560373e-15,13.207434699944791,-35.330681818181816,19.36931818181818,1.5502750598402185e-15,42.88301255991607,-274.9093261847893,21.399808271681707,005
-3.2297397080004555e-16,1.7056860388476638,-27.366477272727277,0.5335227272727323,2.4223047810003414e-15,1.1204817440917887,-17.754545454545458,0.4454545454545524,1.4695315671402072e-15,1.0919981247429638,-16.98806818181818,0.5119318181818215,6.45947941600091e-17,0.8101249058755307,-10.991477272727272,0.5085227272727302,1.4210854715202005e-15,0.8218825318606601,-10.969886363636364,0.530113636363641,-2.680683957640378e-15,3.5143660804733976,-52.85783073675193,2.925913154979966,015
-2.454602178080346e-15,5.727270200892299,-20.398977272727272,2.7010227272727327,-1.2918958832001822e-15,4.558962514053549,-16.1625,2.7375000000000007,-4.134066826240583e-15,5.711605555054455,-20.327272727272728,1.8727272727272712,-1.5502750598402185e-15,5.738695453116126,-20.446704545454544,4.053295454545456,-2.1962230014403096e-15,6.528084891863149,-23.20409090909091,3.295909090909088,-1.0335167065601457e-15,67.01702983578292,-137.3746781841945,94.80901984123508,008
1.5502750598402185e-15,9.723269989421771,-19.83659090909091,9.363409090909087,5.167583532800729e-15,19.84742746070259,-37.455681818181816,19.7443181818182,-4.134066826240583e-15,13.83717712785988,-27.168636363636367,15.731363636363632,0.0,22.67045824903137,-43.96522727272728,20.734772727272727,-1.5502750598402185e-15,12.375194179960795,-24.09909090909091,16.800909090909094,4.134066826240583e-15,73.29785527169585,-119.34001707085912,198.4716504790769,002
2.672609608370377e-15,1.0486029667220005,-11.699999999999998,2.3000000000000043,1.4210854715202005e-15,0.8863407631081329,-12.139772727272724,1.7602272727272776,-3.552713678800501e-16,0.92308333227637,-12.36534090909091,1.6346590909090857,-1.6512044257152329e-15,0.7106783567523347,-11.341477272727278,0.4585227272727259,-5.086840040100717e-16,0.815107069730086,-12.605681818181818,1.0943181818181849,1.0722735830561512e-14,6.542705957270364,-40.64020762888617,12.442040258804042,006
3.213591009460453e-15,2.054217136755025,-11.428977272727272,6.371022727272731,-1.291895883200182e-16,6.664594824410087,-13.545909090909092,17.954090909090908,2.9067657372004104e-15,1.3540765232764458,-12.005795454545453,6.994204545454551,2.2931151926803235e-15,3.815620960411694,-17.97056818181818,11.329431818181824,-1.1950036919601685e-15,4.557756136464902,-14.061477272727274,13.838522727272732,7.751375299201094e-16,42.93390437312943,-89.51914793238547,51.54248827102811,011
1.98467505056628e-14,3.124973380051909,-50.12931818181816,0.3706818181818363,1.4856802656802094e-15,3.1251792820473536,-50.20397727272727,0.3960227272727508,1.3726393759001937e-15,3.128813324195818,-50.20397727272727,0.296022727272728,-5.732787981700808e-15,3.0949355437786785,-49.81715909090909,0.6828409090908991,-2.842170943040401e-15,3.126194843889741,-50.215340909090905,0.4846590909091048,-8.526512829121202e-15,18.125152017332077,-40.34039248755072,33.3866706742934,012
1.5825724569202229e-15,0.9633565202581889,-13.98181818181818,0.6181818181818173,4.876906959080688e-15,1.5311054283244605,-20.07840909090909,2.321590909090908,-3.459858662195488e-15,1.2035325930274332,-18.520454545454548,0.9795454545454448,-1.0835776720341527e-14,3.190793297481373,-51.23579545454545,0.4642045454545496,4.263256414560601e-15,3.185004928103794,-28.55624999999999,5.9437500000000085,3.8756876496005453e-16,3.234117751695698,-6.938973358739965,5.536036714643462,015
1.0335167065601457e-15,10.865986195083057,-14.084090909090907,8.915909090909095,-1.5502750598402185e-15,7.701690272781114,-9.981818181818182,6.018181818181816,-2.0670334131202917e-15,10.765544612955402,-13.95193181818182,8.648068181818186,0.0,10.707856077036563,-13.879772727272728,8.620227272727275,2.5837917664003644e-15,11.235900862050103,-14.56,9.140000000000002,2.583791766400364e-16,1.805877702041274,-1.447482159402702,2.340341824207171,015
-9.36624515320132e-16,4.738099004849104,-9.497045454545455,8.602954545454544,3.423524090480483e-15,2.2322784079267226,-11.523863636363636,7.076136363636365,-1.0335167065601457e-15,10.396601257956474,-16.524318181818185,16.47568181818182,-1.5825724569202229e-15,3.354157066700839,-6.0959090909090925,8.204090909090908,1.9782155711502787e-15,1.665716281630346,-10.139204545454543,6.460795454545455,1.162706294880164e-15,82.39013477830413,-177.4908885637207,180.24848885549704,003
-3.100550119680437e-15,15.50788207847601,-18.991590909090917,23.108409090909102,-1.2402200478721748e-14,48.72896545355293,-61.9459090909091,39.0540909090909,2.0670334131202917e-15,26.791953398907584,-34.04284090909091,24.35715909090908,0.0,32.27013053713575,-40.042159090909095,58.05784090909093,1.0335167065601457e-15,18.142474077446728,-22.693409090909093,24.00659090909092,-1.5502750598402185e-15,29.83635300580666,-51.08278535043097,67.34816386090534,011
-1.1223345485301585e-15,1.2511828907210392,-11.52068181818182,3.479318181818176,-8.074349270001139e-17,9.71282624934679,-14.697499999999998,16.002500000000012,4.941501753240697e-15,7.901220872160273,-13.60204545454545,12.997954545454562,1.3241932802801868e-15,8.206516911686561,-20.608295454545456,16.89170454545456,-1.1142601992601572e-15,2.4606210974942657,-13.339204545454546,7.260795454545445,0.0,85.18717586421353,-164.32976022849115,112.22894607202562,000
4.117918127700581e-15,0.7997069372175565,-11.698295454545452,1.501704545454551,6.459479416000911e-16,1.6246875096867803,-11.313636363636364,3.7863636363636415,-1.808654236480255e-15,1.4991183316238732,-13.038977272727276,2.961022727272724,-1.1990408665951693e-15,0.7003244525525115,-11.090454545454543,0.5095454545454565,2.2285203985203144e-15,1.6506028786839786,-14.071022727272728,2.5289772727272783,-3.746498061280528e-15,11.996104789180231,-66.44794364169873,52.30558080829631,012
-5.167583532800728e-16,11.292743569292517,-21.353295454545457,14.64670454545455,-4.134066826240583e-15,10.90617891473199,-20.58215909090909,11.417840909090902,2.0670334131202917e-15,11.53719231925906,-21.815454545454543,14.88454545454546,1.5502750598402185e-15,12.6486164924688,-23.39909090909091,17.400909090909103,0.0,8.77261139746247,-17.128295454545455,9.971704545454545,-1.0335167065601457e-15,66.31606698641765,-115.34333694915571,130.89788057980823,000
-3.5365649802604987e-15,2.702281326444764,-12.828295454545458,4.971704545454546,3.6173084729605105e-15,5.367773784623618,-10.055227272727272,7.444772727272724,-2.8744683401204053e-15,5.833522194896246,-12.23227272727273,7.267727272727264,-7.428401328401047e-15,5.78386802571108,-13.09454545454546,6.505454545454533,3.1651449138404458e-15,1.6425369506642833,-12.002045454545453,4.69795454545455,8.138944064161148e-15,53.3802971220644,-74.20201196849897,129.03643120471642,010
4.501449718025635e-15,0.7118261548229898,-11.43465909090909,0.0653409090909136,-1.6067955047302265e-15,0.4960380217365038,-7.959090909090909,0.1409090909090924,4.501449718025635e-15,0.7118261548229898,-11.43465909090909,0.0653409090909136,4.501449718025635e-15,0.7118261548229898,-11.43465909090909,0.0653409090909136,-6.580594655050928e-16,0.7425769014354368,-11.925,0.0749999999999992,-8.720297211601229e-16,0.1743781916170156,-0.1227698804632568,2.649199932379668,015
-1.9378438248002726e-16,0.6779842110201103,-10.856477272727268,0.2435227272727296,8.720297211601229e-16,0.7435417532613586,-9.770454545454545,1.6295454545454575,-2.4243233683178418e-15,0.7199652410686973,-10.985227272727272,2.014772727272732,-6.055761952500853e-16,1.0298714552600756,-11.654886363636365,3.145113636363636,-3.0198066269804257e-15,1.1718592409408706,-12.159318181818186,2.4406818181818157,-1.162706294880164e-15,7.471708376564217,-44.33206248398847,18.601621733181204,006
5.490557503600774e-15,3.250483862185205,-52.209659090909085,0.3903409090909093,2.9067657372004104e-15,1.3335676871996316,-9.704204545454544,4.995795454545455,1.2757471846601798e-15,0.8351143631164963,-11.691477272727267,5.508522727272737,2.083182111660293e-15,0.7308108538686554,-9.25863636363636,2.841363636363635,2.6564609098303744e-15,0.7195780354278806,-11.448295454545455,1.0517045454545446,-7.492996122561056e-15,5.470523605734478,-34.69939511354653,10.807204806923991,013
-2.3011895419503244e-15,1.0949057883826745,-11.356704545454548,3.343295454545455,7.751375299201094e-16,2.246781157162802,-12.3125,7.387500000000003,3.552713678800501e-15,3.334445182810692,-13.239431818181814,8.560568181818187,-1.2595984861201776e-15,2.1505560375542787,-12.542045454545455,6.257954545454545,-3.875687649600546e-15,3.8561746647342137,-10.781022727272733,7.518977272727273,-8.268133652481165e-15,54.54561705111892,-19.98640928802837,337.29517485287954,004
-1.1667434695151646e-15,0.7151286871998624,-11.395227272727276,0.2047727272727257,2.260817795600318e-16,0.5169766562619966,-8.161022727272726,0.4389772727272749,2.8300594191353988e-15,0.7218311965708989,-11.290795454545451,0.3092045454545484,3.290297327525464e-15,0.7020569597191406,-11.15965909090909,0.4403409090909136,-2.2083345253453117e-15,0.6823503604914483,-10.946590909090908,0.2534090909090913,2.846208117675401e-16,0.3103352658721672,-0.065405085579437,4.984071962908551,013
0.0,11.23197297580597,-15.135340909090912,10.864659090909091,-4.134066826240583e-15,15.853492224190836,-20.234545454545454,25.765454545454546,1.0335167065601457e-15,13.919728177245744,-17.85875,22.641250000000007,-6.201100239360874e-15,20.09485684682065,-25.356818181818188,29.74318181818182,2.0670334131202917e-15,11.895535354225816,-15.825,14.575000000000006,0.0,99.9188763071899,-90.6632749828025,264.80718956769704,004
-5.167583532800728e-16,10.281070459885797,-15.51875,7.2812500000000036,-1.5502750598402185e-15,7.335754505381375,-11.073863636363637,5.026136363636365,2.5837917664003644e-15,10.206534807482065,-15.406704545454543,7.193295454545458,0.0,10.154638743772669,-15.327272727272728,7.072727272727274,1.5502750598402185e-15,10.639083820773976,-16.060000000000002,7.440000000000005,-6.45947941600091e-17,1.6597734977439442,-1.152670632448558,2.505664889461748,015
-2.5837917664003644e-15,1.3927033463928058,-22.372159090909093,0.1278409090909065,-6.661338147750939e-16,0.716947218094232,-11.326931818181825,0.1730681818181807,2.099330810200296e-15,0.7327608887929464,-11.43965909090909,0.3603409090909117,-3.233776882635456e-15,0.8355849187893852,-13.422159090909089,0.0778409090909058,8.22776190613116e-15,1.7731295580842563,-28.274545454545457,0.4254545454545564,-2.2936198395096984e-16,0.0586342074177522,-0.0340349952075813,0.9239504382511602,007
3.100550119680437e-15,15.15688486358851,-15.113068181818182,78.38693181818182,-2.648386560560373e-15,7.308001667904789,-15.463409090909094,10.336590909090908,1.9378438248002726e-16,6.561178256308367,-17.36534090909091,9.234659090909084,9.689219124001363e-16,5.92477346286424,-16.830568181818183,10.36943181818182,1.1304088978001594e-15,4.781807331261454,-13.385681818181816,13.014318181818185,9.301650359041311e-15,85.28755724400861,-209.35975562449664,116.51858472308626,003
-3.100550119680437e-15,10.876235324537197,-12.152272727272727,9.94772727272727,-5.167583532800728e-16,9.007066093782626,-10.058863636363638,9.14113636363636,-4.134066826240583e-15,10.874166634735738,-12.15,9.849999999999996,-4.134066826240583e-15,10.874166634735738,-12.15,9.849999999999996,-2.5837917664003644e-15,9.911384406703132,-11.055227272727274,12.24477272727273,-8.268133652481165e-15,36.69306009738414,-40.64463047241157,46.54293017044092,006
2.325412589760328e-15,1.776224838574618,-15.479431818181816,2.2205681818181766,-2.1962230014403096e-15,4.648674247825578,-26.03068181818182,23.869318181818187,3.875687649600546e-15,5.470662003421691,-32.05625,6.043750000000003,-3.6173084729605105e-15,3.504001247393548,-17.88159090909091,4.118409090909079,-1.0335167065601457e-15,5.161840877019498,-19.73181818181818,5.968181818181819,5.167583532800729e-15,21.48318687237061,-41.952828545083165,20.333413363588623,013
5.167583532800728e-16,11.337310904415933,-16.707954545454545,13.29204545454546,-5.167583532800729e-15,16.804882233758615,-25.04886363636364,13.55113636363636,-4.134066826240583e-15,15.40487857247322,-22.97159090909091,12.7284090909091,2.0670334131202917e-15,28.400996355680046,-42.24556818181818,23.454431818181824,0.0,17.461257942245165,-25.272727272727277,19.027272727272724,-3.100550119680437e-15,33.92104471098103,-52.003529178294585,80.84704886309913,001
-4.134066826240583e-15,12.28841745353716,-16.556818181818187,10.543181818181814,-5.167583532800728e-16,10.478758275673696,-14.125,7.8749999999999964,-5.167583532800728e-16,12.468227934968404,-16.80284090909091,10.197159090909086,2.0670334131202917e-15,18.908225477354534,-25.47954545454545,15.520454545454555,0.0,11.830896875037352,-15.938636363636364,10.06136363636364,-6.201100239360874e-15,60.50299829138714,-63.86628241159685,110.62801409549542,007
1.0335167065601457e-15,11.381361630401852,-12.377272727272729,15.922727272727276,8.268133652481165e-15,39.07523840876678,-42.4203409090909,57.4796590909091,4.134066826240583e-15,25.151522733546685,-27.332954545454545,34.567045454545465,-2.0670334131202917e-15,13.982396797269091,-14.79659090909091,21.903409090909093,0.0,14.601731648535631,-15.908977272727274,24.29102272727273,-9.043271182401274e-16,30.89369567602635,-105.41817201994598,40.58694403985634,013
2.0670334131202917e-15,16.5230767438345,-15.165909090909093,22.83409090909091,-2.0670334131202917e-15,19.508197577615228,-17.9,25.099999999999994,0.0,13.489311731579768,-12.440909090909091,17.55909090909091,0.0,27.718810314440518,-25.479545454545452,38.120454545454535,-1.0335167065601457e-15,13.527437682278707,-12.495454545454546,19.80454545454546,-2.0670334131202917e-15,19.72323724073487,-28.919950952498176,78.35264519866533,013
2.0670334131202917e-15,11.296872404495431,-19.094886363636363,13.905113636363636,-2.0670334131202917e-15,24.455842943570328,-43.77931818181818,32.820681818181825,5.167583532800728e-16,13.844285186379162,-23.66329545454545,31.436704545454557,-2.0670334131202917e-15,11.53473951378298,-20.55340909090909,17.04659090909091,-1.0335167065601457e-15,10.229016164529945,-18.456818181818186,20.44318181818182,-8.268133652481165e-15,123.54355244529508,-247.9623208921388,110.17640811028473,004
4.134066826240583e-15,11.842132557626469,-11.89681818181818,19.10318181818182,1.5502750598402185e-15,8.358548152704175,-8.414772727272727,11.885227272727274,2.0670334131202917e-15,11.259766385213627,-11.378636363636364,11.62136363636364,0.0,12.032685169312002,-12.08284090909091,18.91715909090909,0.0,12.530876303654903,-12.496250000000002,15.603750000000003,-5.167583532800728e-16,21.21401469361997,-46.74493490526356,41.79136838732689,011
-4.037174635000569e-16,0.9284250860978864,-14.913636363636364,0.0863636363636359,-1.2151895651351713e-15,0.785189579413682,-12.425227272727277,0.4747727272727289,-8.760668957951235e-16,0.7156202519781864,-11.34886363636364,0.2511363636363626,1.0173680080201437e-15,0.8185854749212612,-12.997045454545455,0.302954545454547,-1.3161189310101857e-15,1.1747713862353626,-18.86590909090909,0.1340909090909079,1.7763568394002506e-16,0.1761733340419021,-0.04012071851563,2.8223764259579625,009
-1.2111523905001709e-15,1.3952597167443133,-22.350568181818183,0.1494318181818172,7.751375299201094e-16,0.7184320622711473,-11.409090909090912,0.1909090909090913,-1.4654943925052068e-15,0.7202429786864346,-11.204772727272733,0.3952272727272721,-3.681903267120519e-15,0.8359634587959858,-13.42556818181818,0.1744318181818158,0.0,1.7021929789245402,-27.34375,0.15625,8.276208001751166e-17,0.0591227701230559,-0.0372702534848592,0.917277433203097,009
-2.325412589760328e-15,6.35410477321615,-19.90340909090909,2.196590909090908,-1.2918958832001822e-15,5.2868239266505705,-16.361363636363638,5.438636363636359,1.291895883200182e-16,6.353736861677386,-19.902272727272724,2.2977272727272755,-2.325412589760328e-15,6.366550692246323,-19.930681818181817,4.469318181818185,2.5837917664003644e-15,7.184548243150794,-22.259204545454544,6.840795454545461,1.0335167065601457e-15,56.27336001347051,-96.69394095327524,123.14996503842175,008
-5.167583532800728e-16,9.082137500500412,-12.185113636363637,10.114886363636373,2.5837917664003644e-15,12.021415377814312,-16.163636363636364,9.83636363636364,1.5502750598402185e-15,12.016033752813792,-16.15681818181818,9.843181818181822,1.0335167065601457e-15,8.657906716330322,-11.628863636363638,8.171136363636363,0.0,12.092741786940625,-16.25227272727273,12.247727272727271,2.0670334131202917e-15,21.422854390872885,-28.20525381626646,28.188690127279944,006
2.6322378620203717e-15,1.166538904850123,-14.302272727272724,2.3977272727272805,9.204758167801298e-16,1.1292938031361246,-12.689772727272723,4.7102272727272805,-3.2297397080004546e-17,1.0590019227149912,-13.40386363636364,1.6961363636363629,3.233776882635456e-15,0.6998230203516096,-10.492613636363636,1.007386363636364,-5.409814010900763e-16,0.7099369952256912,-11.225909090909097,0.2740909090909085,3.100550119680437e-15,10.67265703010739,-74.95670090774246,18.86914874949585,006
-2.583791766400364e-16,8.179374306729509,-19.26636363636364,3.733636363636364,-2.0670334131202917e-15,5.736296552698078,-13.511363636363637,2.5886363636363647,-3.100550119680437e-15,8.147729008970273,-19.18829545454546,3.811704545454543,0.0,8.097103983743432,-19.068409090909093,3.931590909090911,-5.167583532800728e-16,8.49563776919496,-20.00840909090909,3.991590909090906,-2.583791766400364e-16,1.370147661097198,-0.6330350243039047,3.226981641492452,015
4.501449718025635e-15,0.7118261548229898,-11.43465909090909,0.0653409090909136,-4.440892098500626e-16,0.5238444583356071,-8.027727272727272,0.4722727272727276,4.501449718025635e-15,0.7118261548229898,-11.43465909090909,0.0653409090909136,4.501449718025635e-15,0.7118261548229898,-11.43465909090909,0.0653409090909136,-2.446527828810345e-15,0.6888111089418147,-11.027272727272727,0.3727272727272748,-2.0589590638502903e-16,0.3133699056792823,-0.060917784302104,5.035541803386577,015
0.0,11.927774162629426,-12.667159090909092,17.232840909090907,0.0,12.319771198515864,-13.095340909090911,22.704659090909093,0.0,18.869136607760144,-18.79863636363636,39.40136363636364,2.0670334131202917e-15,11.567452001893749,-11.812954545454543,23.287045454545456,1.0335167065601457e-15,12.72746055056215,-13.495454545454546,22.704545454545457,-4.134066826240583e-15,87.84432297770425,-245.86738600682384,105.34256437908287,004
3.649605870040515e-15,1.6589445763611317,-22.577272727272728,1.5227272727272665,-2.745278751800387e-15,1.6983383005027446,-24.56875,2.3312500000000043,4.53778428974064e-15,1.8715866865327424,-28.54295454545455,1.6570454545454538,-6.136505445200865e-16,0.7616234292180655,-11.095454545454544,0.9045454545454596,2.583791766400364e-16,1.798254304426498,-22.47204545454545,2.5279545454545342,-5.167583532800728e-16,3.195136331955108,-12.843973407530342,13.4152553011104,015
-1.5502750598402185e-15,10.412153926069536,-7.6522727272727264,14.44772727272727,-1.0335167065601457e-15,9.60468205384082,-7.0590909090909095,13.940909090909097,-2.0670334131202917e-15,10.409010519737214,-7.65,14.349999999999996,0.0,10.654640995441168,-7.828409090909091,16.471590909090914,0.0,12.417475355399857,-9.12284090909091,18.977159090909097,-2.0670334131202917e-15,38.83172796163999,-28.3108727260032,66.36295446802865,012
4.134066826240583e-15,23.394320643654076,-53.60340909090909,13.296590909090916,1.4469233891842042e-14,40.85423686958651,-93.7715909090909,18.22840909090911,-1.0335167065601457e-15,10.854817478294455,-23.58761363636364,9.412386363636362,3.6173084729605105e-15,12.13880142353437,-26.4,10.5,3.100550119680437e-15,16.191810587875477,-33.9875,16.012500000000003,-3.488118884640492e-15,28.69100649765695,-50.93091181832865,44.82752448188584,011
-2.147776905820303e-15,0.6855466239095037,-10.96590909090909,0.3340909090909107,4.864795435175686e-16,0.6731843886145764,-8.865227272727275,1.1347727272727255,-3.2579999304454592e-15,0.6821938359088753,-10.945454545454544,0.2545454545454539,-1.828840109655258e-15,0.6756474932418284,-10.83931818181818,0.1606818181818177,-6.205137413995875e-15,0.7158294959360549,-11.426704545454555,0.373295454545449,-1.0335167065601457e-15,123.2842058112802,-206.2178907700013,148.42350385094383,007
7.145799103951009e-16,0.7444524514563295,-11.942045454545452,0.2579545454545489,1.2757471846601798e-15,4.658785488880655,-10.196363636363635,14.003636363636373,6.863196879500968e-17,1.2758973304830936,-12.367045454545451,4.432954545454543,6.661338147750939e-16,2.408370794495937,-11.049659090909088,9.350340909090908,-3.3912266934004783e-16,2.307038457911136,-13.779090909090913,7.220909090909082,7.234616945921021e-15,12.597366924580648,-40.21096848360303,47.43896909991998,004
1.0335167065601457e-15,8.965420297195882,-18.228409090909093,4.871590909090912,1.0335167065601457e-15,8.948118572158338,-17.281136363636364,12.418863636363632,2.0670334131202917e-15,10.050982063669943,-19.96931818181818,10.230681818181823,-1.5502750598402185e-15,10.608243303271516,-20.946136363636366,11.553863636363634,0.0,7.831367580558212,-15.25,12.450000000000005,0.0,67.8747264365919,-137.2730107299789,41.29501570049351,004
-2.325412589760328e-15,9.441171307143328,-18.67840909090909,9.521590909090914,1.5502750598402185e-15,9.4452875756307,-17.8375,10.562500000000009,5.167583532800728e-16,12.09315912452382,-22.84034090909091,12.159659090909091,0.0,13.651236309446226,-25.026704545454542,13.673295454545457,3.6173084729605105e-15,10.104266031362265,-19.84238636363636,10.557613636363635,0.0,52.64090019092892,-71.38945851328553,130.3678887595167,010
2.4868995751603505e-15,2.318919086748917,-36.52920454545455,3.3707954545454726,2.5837917664003644e-15,1.123053590552146,-11.661704545454544,1.438295454545461,1.291895883200182e-16,1.460196758612905,-14.67625,1.8237500000000004,-3.0682527226004327e-16,0.7344688022561641,-11.03318181818182,0.4668181818181836,1.227301089040173e-15,2.120931371775379,-17.209659090909092,8.89034090909091,-1.0335167065601457e-15,4.790633649568779,-7.919789207069444,9.170395906092748,013
-3.2620371050804604e-15,0.949945626978132,-11.081818181818182,6.018181818181819,-2.422304781000341e-16,0.7880187439431788,-8.63556818181818,1.6644318181818214,-3.500230408545493e-15,0.6808771915698156,-10.9375,0.0624999999999964,-3.500230408545493e-15,0.6808771915698156,-10.9375,0.0624999999999964,-4.037174635000569e-16,1.698199687831813,-11.627045454545456,3.0729545454545466,-1.0335167065601457e-15,57.35218259020312,-136.11913102636504,131.14218913256389,008
1.4856802656802094e-15,0.672486904232072,-9.175,0.9250000000000008,-6.459479416000911e-16,2.6440946110121457,-26.935227272727275,4.964772727272724,-3.2297397080004555e-16,1.9613446090934248,-12.660227272727273,5.7397727272727295,2.325412589760328e-15,2.244443894637977,-11.16238636363636,5.337613636363642,-6.459479416000911e-16,2.9537637427414345,-13.835454545454546,7.664545454545461,1.9378438248002726e-16,6.154471842811566,-19.181923805504127,33.594364619586266,006
2.7129813547203826e-15,1.266847293921292,-10.844545454545454,3.355454545454542,-2.5837917664003644e-15,7.407804235042307,-18.24477272727273,10.15522727272728,3.8756876496005453e-16,7.44169476383983,-18.164204545454545,10.03579545454546,-1.4210854715202005e-15,7.210118202484732,-19.73522727272728,11.464772727272724,2.454602178080346e-15,2.280927861326259,-11.058522727272726,4.541477272727271,3.100550119680437e-15,89.31084231844724,-180.08633984620968,146.97974201067916,003
0.0,23.48128164751484,-43.68409090909091,16.615909090909092,-8.268133652481165e-15,45.74767375425356,-85.35227272727273,25.34772727272725,2.0670334131202917e-15,13.053729589598031,-23.44272727272727,12.557272727272736,-1.5502750598402185e-15,14.391969322915315,-25.74090909090909,16.259090909090915,-3.100550119680437e-15,16.496798161275528,-29.64625,17.353750000000005,-1.5502750598402185e-15,25.372127400463512,-36.8649144926912,38.24870653336947,011
2.55149436932036e-15,2.871265225982073,-12.157954545454544,5.34204545454546,2.0024386189602826e-15,9.701327052418954,-33.24488636363637,13.455113636363636,-1.744059442320246e-15,13.071149907504012,-20.988068181818186,18.01193181818182,-1.2595984861201776e-15,7.674605136287723,-14.477045454545456,10.12295454545455,-4.3278512087206105e-15,9.289421935967928,-19.948068181818183,13.251931818181816,8.268133652481165e-15,18.684896942117025,-60.92598541160534,23.615656133332948,005
0.0,0.0,0.0,0.0,0.0,0.0,0.0,0.0,0.0,0.0,0.0,0.0,0.0,0.0,0.0,0.0,0.0,0.0,0.0,0.0,0.0,0.0,0.0,0.0,012
-1.4210854715202005e-15,2.427341503962617,-22.273636363636367,6.326363636363631,8.106646667081143e-15,3.501859406839256,-56.25511363636361,0.5448863636363797,-3.5688623773405035e-15,1.0937670895949412,-16.490909090909092,0.5090909090909008,2.260817795600318e-16,1.2076289007735237,-16.87772727272727,2.3222727272727326,1.1950036919601685e-15,1.471253471316041,-19.863636363636367,2.636363636363626,-1.5502750598402185e-15,97.14219641647142,-160.54406530396096,153.81553153031177,009
-2.0670334131202917e-15,10.786992317329805,-9.201136363636364,12.898863636363634,-1.5502750598402185e-15,9.758322721914936,-8.323863636363637,11.676136363636363,-2.0670334131202917e-15,10.786992317329805,-9.201136363636364,12.898863636363634,-3.6173084729605105e-15,10.822789066201354,-9.230681818181818,13.769318181818186,2.0670334131202917e-15,12.430207889726471,-10.6,16.4,6.201100239360874e-15,33.68164983996347,-28.39793887168055,54.37841970645975,006
1.5502750598402185e-15,29.03715263144154,-60.70238636363637,50.19761363636364,-3.875687649600546e-15,13.174446980960235,-29.91886363636364,11.881136363636363,-5.167583532800728e-16,12.487736329136402,-29.244318181818183,9.75568181818181,1.5502750598402185e-15,11.084297442480892,-26.520454545454545,10.079545454545457,-7.751375299201094e-16,11.35953262037245,-26.734318181818185,12.565681818181815,-5.167583532800728e-16,72.91234122878492,-88.58202662681873,144.71664726793543,002
2.083182111660293e-15,0.941383821553924,-11.751022727272726,2.048977272727271,3.488118884640492e-15,9.45233403374182,-18.96329545454545,11.136704545454542,1.808654236480255e-15,7.414826614224249,-16.679090909090906,8.920909090909092,-1.6148698540002276e-15,8.527476567635366,-24.455454545454547,13.144545454545444,-2.454602178080346e-15,3.961811374516973,-14.690795454545457,12.609204545454542,-4.134066826240583e-15,93.39642699632884,-185.8782530012746,111.0691564389723,000
3.358929296320473e-15,4.624512001002632,-21.62215909090909,2.477840909090915,-5.81353147440082e-16,3.985887745967066,-18.13511363636364,5.764886363636368,-2.842170943040401e-15,4.593093751967133,-21.51511363636364,4.084886363636365,-9.043271182401274e-16,4.758413968906391,-21.92352272727273,7.176477272727272,-6.459479416000911e-16,5.020560001361674,-22.1,4.5,1.808654236480255e-15,47.5897014621449,-70.10135237765924,88.14672584849853,009
-2.664535259100376e-16,0.86000957975637,-10.1875,2.5124999999999997,2.842170943040401e-15,4.579007523955617,-10.99556818181818,11.304431818181818,-8.074349270001138e-16,2.916644222414629,-10.62965909090909,7.570340909090916,-7.488958947926056e-15,4.173667922298065,-11.672272727272734,10.627727272727268,3.9079850466805505e-15,2.0840611180581177,-12.842727272727268,6.657272727272733,-8.235836255401162e-15,6.92493261310961,-11.962471979926136,80.05741470705988,004
2.7129813547203826e-15,5.470302619033217,-21.522727272727277,2.077272727272732,4.780014767840674e-15,8.887398277364184,-34.26136363636363,11.238636363636374,-1.2918958832001822e-15,6.739886315737844,-26.029204545454547,5.070795454545454,3.6173084729605105e-15,10.948093181247073,-42.04761363636364,8.35238636363637,1.0335167065601457e-15,7.206478232284942,-27.581818181818186,7.318181818181817,-7.751375299201092e-15,19.100404867149955,-56.34402499564565,38.70451659640177,006
-3.100550119680437e-15,16.33626011754524,-19.24090909090909,21.159090909090907,-5.167583532800728e-16,10.856351910648955,-12.81931818181818,11.18068181818182,3.100550119680437e-15,12.287453822332372,-14.476136363636364,13.423863636363642,5.167583532800729e-15,15.812778204115215,-18.54988636363636,20.75011363636364,4.134066826240583e-15,54.933064086747216,-64.88863636363637,47.11136363636365,-1.5502750598402185e-15,65.555346609762,-100.14220996375016,149.5419109561554,008
2.0670334131202917e-15,3.1158666116725118,-13.971590909090908,6.928409090909085,-1.3564906773601913e-15,13.9712133387372,-16.19784090909091,18.8021590909091,-7.492996122561056e-15,9.65187291739448,-14.944431818181826,13.855568181818178,-3.8756876496005453e-16,15.54536818157828,-17.239090909090912,21.6609090909091,4.521635591200637e-16,7.723107246257174,-14.899090909090912,13.300909090909087,-1.8603300718082623e-14,73.33144706311487,-37.59623521804258,319.69967286774363,005
4.037174635000569e-17,0.6408923273113911,-8.914545454545456,0.9854545454545444,2.583791766400364e-16,3.012904526438546,-27.326704545454543,8.673295454545453,-1.2918958832001822e-15,2.306364484604962,-13.95102272727273,5.848977272727275,1.6148698540002276e-15,1.7856405979483445,-11.983863636363631,4.116136363636368,6.459479416000911e-16,2.576486572418192,-15.418181818181818,6.081818181818189,-2.583791766400364e-16,3.9953389824663432,-17.212214055022205,8.162940775731691,006
1.0335167065601457e-15,5.604435780096257,-20.363636363636363,3.0363636363636424,-5.167583532800729e-15,5.784855370092893,-21.127272727272736,1.872727272727268,-5.167583532800728e-16,8.740100066564096,-31.859090909090902,3.840909090909097,-3.746498061280528e-15,6.43214197707289,-23.43636363636364,2.5636363636363626,-2.842170943040401e-15,6.286945429882976,-22.91465909090909,2.785340909090909,7.751375299201094e-16,47.325018816209486,-82.45268820878684,61.223927371603565,007
-1.2902810133461821e-14,3.4811615509484266,-55.85772727272729,0.7422727272727059,1.6956133467002393e-15,3.492885441676791,-56.07613636363634,0.4238636363636345,-9.705367822541367e-15,3.497360159643316,-56.21193181818181,0.3880681818181699,-1.5825724569202229e-15,3.4795295687987227,-55.81715909090909,0.6828409090908991,-1.049665405100148e-15,3.495701839875045,-56.189318181818166,0.4106818181818141,2.0670334131202917e-15,94.87218656010876,-110.48846306251886,246.4951830249213,007
0.0,24.994178330427733,-40.763636363636365,19.53636363636364,-2.0670334131202917e-15,48.88646252261669,-79.97045454545454,30.729545454545445,-5.167583532800728e-16,13.884595734434535,-21.926136363636363,14.073863636363644,5.167583532800728e-16,15.44132646557701,-24.30227272727273,17.69772727272728,1.0335167065601457e-15,17.601750874064905,-27.82340909090909,19.176590909090915,-5.167583532800729e-15,25.74495818242228,-39.01560077582605,38.43511509657327,011
2.8583196415804035e-14,3.3764325376500066,-54.221022727272725,0.5789772727272862,1.5341263613002163e-16,0.7275516155612505,-11.294318181818182,0.4056818181818222,-1.5866096315552237e-15,0.7427751180761629,-11.931818181818182,0.0681818181818165,3.076327071870434e-15,0.663635886908297,-10.443522727272724,0.4564772727272768,2.216408874615313e-15,0.7429983005970353,-11.66715909090909,0.5328409090909076,-2.119516683375299e-17,0.0681015651891654,-0.0342172999605714,1.0801856115688788,013
-1.2660579655361783e-14,8.178000927705604,-57.4709090909091,3.829090909090894,2.842170943040401e-15,5.90988959200334,-15.214318181818175,11.985681818181812,2.5837917664003644e-15,5.63753866051137,-14.208181818181815,9.591818181818184,3.875687649600546e-15,2.679085472123304,-13.193181818181817,11.006818181818186,2.0670334131202917e-15,2.047562297864552,-12.025,8.975000000000005,1.5502750598402185e-15,69.52396446428881,-88.86141582275779,109.43297453627372,000
3.6173084729605105e-15,8.198349054600833,-44.719772727272726,9.280227272727268,7.751375299201094e-16,5.538500553227308,-25.071590909090908,13.328409090909098,-3.6173084729605105e-15,5.686671018506986,-24.35,15.049999999999995,-5.167583532800728e-16,13.811047799581104,-35.513636363636365,37.18636363636364,-1.9378438248002726e-16,12.794900631882689,-26.382954545454545,86.81704545454545,-1.808654236480255e-15,54.770342991932864,-78.07490065203365,103.54699082648597,011
-3.6173084729605105e-15,5.593369395842467,-15.362272727272728,10.637727272727275,1.1304088978001594e-15,9.410351910999024,-19.222954545454545,10.677045454545452,1.4695315671402072e-15,8.25600482381318,-19.238409090909087,9.561590909090915,-4.3278512087206105e-15,9.294685942884758,-20.943636363636365,11.45636363636364,1.0658141036401502e-15,4.936858044887647,-14.35090909090909,6.24909090909091,2.0347360160402873e-14,6.283059793208006,-8.92902050659552,85.61302639455639,005
0.0,13.646857590941517,-10.252272727272729,24.747727272727275,8.268133652481165e-15,53.64403680428134,-41.1125,70.98750000000003,1.0335167065601457e-15,16.066975067196605,-12.114090909090908,26.38590909090909,-4.134066826240583e-15,17.4304956973599,-13.14875,30.25125000000001,2.0670334131202917e-15,19.73555733037443,-14.886363636363637,34.11363636363636,-1.0335167065601457e-15,26.516171612214062,-47.7003921624513,64.63600498207843,011
2.1962230014403096e-15,4.47058649340792,-12.18863636363636,7.31136363636363,-5.9427210627208375e-15,8.787259854118442,-15.427727272727276,11.87227272727273,-5.3290705182007506e-15,3.290753983034816,-52.84136363636364,0.6586363636363757,3.100550119680437e-15,9.079873539839827,-23.728977272727267,8.271022727272737,-1.0335167065601457e-15,8.005040392234237,-15.716477272727277,11.783522727272732,5.167583532800729e-15,40.01241814309592,-130.76141440368775,215.72449896136507,010
3.100550119680437e-15,12.932476931915431,-20.845795454545453,11.154204545454544,5.167583532800729e-15,25.39752821866271,-40.34386363636364,36.75613636363637,-4.134066826240583e-15,20.438900601538887,-32.80113636363637,28.59886363636365,4.134066826240583e-15,12.459746881673476,-19.91590909090909,19.084090909090904,1.0335167065601457e-15,13.242068136941011,-21.042045454545452,21.25795454545456,7.751375299201094e-16,47.101444725165614,-73.02854557244076,88.98902198788265,001
-2.745278751800387e-16,2.8535583846393355,-16.85,8.25,-1.808654236480255e-15,9.62328357293947,-20.572954545454547,22.427045454545464,2.583791766400364e-16,3.620028187815464,-18.944318181818183,7.155681818181812,-1.7117620452402413e-15,3.212228820917632,-12.842045454545456,5.157954545454537,2.745278751800387e-15,3.152016389836436,-15.564204545454544,4.935795454545456,-4.134066826240583e-15,97.34815059268696,-126.8501850773328,121.60379545642644,001
-3.100550119680437e-15,12.428936260192074,-19.188409090909094,16.51159090909091,5.167583532800728e-16,8.944191342322597,-14.146931818181818,11.453068181818184,-4.650825179520656e-15,9.824968193332738,-15.8,6.199999999999996,1.0335167065601457e-15,9.971890179399288,-16.0125,9.887500000000005,0.0,10.244967772350886,-14.754659090909092,21.245340909090903,-5.167583532800728e-16,38.60378886920836,-62.28849597672493,66.68544962281366,011
1.9378438248002726e-16,4.033424496812554,-13.944318181818184,9.955681818181825,-9.689219124001366e-17,2.925282618171736,-13.235113636363636,7.864886363636366,-1.6148698540002275e-16,13.745152697428278,-22.144772727272727,23.455227272727257,6.459479416000911e-16,7.990845860231786,-15.377727272727272,17.622272727272723,-3.597122599785507e-15,1.4651326167657122,-11.975227272727276,4.224772727272722,1.0335167065601457e-15,80.42250794758957,-98.71686220571472,121.49259085927552,001
7.751375299201094e-16,7.890961195889973,-21.08636363636364,9.013636363636364,-7.751375299201094e-16,7.795501986835498,-21.20102272727273,16.598977272727275,-1.5502750598402185e-15,15.786404323151896,-30.43397727272728,29.466022727272723,-1.5502750598402185e-15,13.609875235016176,-25.770795454545457,26.92920454545456,1.5502750598402185e-15,9.480097093183048,-23.53011363636364,17.46988636363637,-3.100550119680437e-15,90.1769396755428,-54.21970388632448,301.1212722024755,004
-1.3241932802801868e-15,0.8974782091210386,-14.416477272727272,0.0835227272727259,-1.3524535027251909e-15,0.7768813475037057,-12.450909090909091,0.1490909090909085,-2.8260222445003984e-16,0.9151443626802572,-14.542499999999997,0.4575000000000031,-5.038393944480711e-15,2.2567449378163,-28.58738636363637,3.012613636363639,-4.448966447770627e-15,1.330805419886458,-21.377840909090907,0.1221590909090863,4.032128166706818e-16,0.1232684462729333,-1.957087750690548,0.0620155193504712,015
-3.488118884640492e-15,5.752902609096737,-20.30454545454545,1.7954545454545432,2.0670334131202917e-15,5.490088740645756,-19.37727272727273,1.6227272727272748,-3.875687649600546e-15,5.751521537819361,-20.3,1.6999999999999955,-3.875687649600546e-15,5.751521537819361,-20.3,1.6999999999999955,1.0335167065601457e-15,6.274387132166577,-22.145454545454545,1.8545454545454556,-3.100550119680437e-15,24.387663255752653,-80.03540791901968,23.54676707370625,006
-1.764245315495249e-15,0.6866606446484977,-10.9625,0.6375000000000064,4.198661620400592e-16,0.8901573170346062,-8.995795454545455,2.004204545454545,-3.702089140295522e-15,0.6834728029073645,-10.948863636363637,0.6511363636363683,-4.432817749230625e-15,0.8628385968504637,-11.119318181818183,3.2806818181818223,-1.1950036919601685e-15,1.1716380545579892,-12.810795454545454,3.189204545454544,1.808654236480255e-15,56.64993938085997,-63.78657551814492,110.00183698534616,008
2.0670334131202917e-15,23.23532601199693,-30.73784090909091,24.26215909090909,-5.167583532800729e-15,22.85373630659739,-28.23068181818182,30.169318181818184,-3.100550119680437e-15,24.32701713328837,-29.866818181818186,29.03318181818181,1.0335167065601457e-15,16.74539188956544,-21.319318181818183,19.380681818181827,-2.0670334131202917e-15,22.45045130944886,-27.43795454545455,29.562045454545466,8.268133652481165e-15,69.49200722390442,-59.232275290833655,92.49611618453054,005
2.9390631342804144e-15,3.433723581145528,-55.11806818181817,0.5819318181818289,4.247107716020599e-15,3.4231662291716587,-54.89238636363635,0.6076136363636522,-3.940282443760556e-15,3.432332394874504,-54.98238636363636,0.7176136363636374,1.0335167065601457e-15,3.402599955038635,-54.62147727272727,0.5785227272727127,-6.717858592640947e-15,17.193801586723502,-63.73079545454546,11.269204545454542,0.0,54.90025647213973,-143.12956784827935,126.0179293722198,009
1.0335167065601457e-15,10.404133136017796,-14.285227272727273,13.714772727272733,-3.6173084729605105e-15,11.496574532503365,-16.423863636363638,15.176136363636363,0.0,17.85705421037619,-22.723863636363635,26.17613636363636,-1.0335167065601457e-15,19.22625769806267,-24.721136363636365,26.878863636363644,-1.0335167065601457e-15,17.118770779951724,-23.097727272727276,25.00227272727272,3.100550119680437e-15,92.12777605921744,-179.93234181264668,178.10726549121932,003
-9.043271182401274e-16,6.194199895470061,-20.07613636363636,4.02386363636364,1.808654236480255e-15,5.076656057406945,-16.432954545454546,3.067045454545454,-4.650825179520656e-15,6.174461594455417,-20.026136363636365,2.073863636363633,-7.751375299201094e-16,6.374339577483322,-20.54329545454545,5.656704545454549,5.167583532800728e-16,7.364403425255664,-23.63590909090909,6.564090909090911,-1.2918958832001822e-15,46.28370083713688,-111.46418935279767,103.54853651035604,009
-3.6173084729605105e-15,4.648908718476548,-20.925,1.375,-6.45947941600091e-17,3.799932952594675,-17.044318181818184,1.955681818181816,-1.6148698540002276e-15,4.645244919438613,-20.907954545454544,1.2920454545454554,-4.5216355912006375e-15,4.643556002143327,-20.901136363636365,1.1988636363636331,2.0024386189602826e-15,4.845965987367549,-21.849886363636365,1.8501136363636304,2.0670334131202917e-15,121.0473061625288,-203.269140038178,151.28115429334153,007
2.5837917664003644e-15,9.81843606310122,-16.782954545454544,6.21704545454546,5.167583532800728e-16,13.620913861466404,-21.743181818181817,16.65681818181818,1.5502750598402185e-15,13.602500453778392,-22.063636363636363,15.936363636363636,2.0670334131202917e-15,11.97639204488174,-19.646704545454543,13.753295454545462,1.0335167065601457e-15,11.401913895612198,-19.11375,12.786250000000004,-1.0335167065601457e-15,95.87038614372068,-209.0319195915372,129.78953734805074,003
-1.0335167065601457e-15,13.278432187224633,-17.339886363636364,13.960113636363644,4.134066826240583e-15,14.649475900632869,-18.393863636363637,17.206136363636368,2.0670334131202917e-15,16.654669448833165,-21.09556818181818,20.604431818181823,-1.0335167065601457e-15,17.68375488195894,-22.217045454545456,21.182954545454542,0.0,12.239301397901665,-16.176136363636363,11.923863636363642,6.201100239360874e-15,51.40815119209704,-96.4697217332116,126.20917942879268,010
3.714200664200524e-15,3.486196909534148,-13.68125,6.818749999999998,-1.0335167065601457e-15,16.40189834455965,-37.14488636363637,18.355113636363637,-1.0981115007201548e-15,9.080412615746638,-25.491477272727277,9.608522727272735,-6.201100239360874e-15,17.442179929770226,-43.06954545454546,15.930454545454523,-1.2918958832001822e-15,10.42588222628095,-27.77659090909091,10.32340909090908,0.0,163.65487117875264,-211.4306412574492,145.46706116072102,005
3.851464601790543e-15,0.8046730445825101,-12.926136363636363,0.0738636363636402,-1.7077248706052409e-15,0.6841294160107715,-10.98181818181818,0.2181818181818187,-4.307665335545607e-15,0.6819687333784331,-10.944318181818184,0.1556818181818151,-3.4437099636554857e-15,0.6844200355950771,-10.956818181818182,0.3431818181818187,-1.873249030640264e-15,1.2548786561386054,-19.92011363636364,0.579886363636362,1.5058661388552124e-15,0.5401372898161148,-0.0693930020512425,8.674515909440284,008
-3.100550119680437e-15,8.238410514145722,-8.198863636363637,10.101136363636368,-2.0670334131202917e-15,10.983357129431994,-10.948409090909092,11.45159090909091,-1.0335167065601457e-15,11.538488856448776,-11.493977272727273,13.90602272727273,5.167583532800728e-16,8.390428800397833,-8.35,9.650000000000004,-1.0335167065601457e-15,11.079796852625709,-11.0425,12.9575,2.0670334131202917e-15,22.45625524989909,-22.00913912047732,36.67892783477292,012
-2.5837917664003644e-15,9.743901819888162,-15.985227272727272,6.214772727272727,1.5502750598402185e-15,9.353893762086289,-15.331818181818182,8.968181818181822,-1.5502750598402185e-15,9.803191576351276,-16.06590909090909,9.53409090909091,2.0670334131202917e-15,9.9711399503053,-16.358522727272728,6.641477272727276,-3.6173084729605105e-15,10.478979980701864,-17.176136363636367,7.423863636363634,0.0,35.25828809177834,-57.25004315708601,31.844321027961897,012
0.0,11.453541893267186,-10.809090909090909,13.390909090909094,3.100550119680437e-15,18.29049550945531,-16.473863636363635,26.62613636363636,-2.0670334131202917e-15,17.202722034692435,-15.735227272727272,24.264772727272728,5.167583532800729e-15,17.740031655566344,-16.263636363636362,24.736363636363645,3.100550119680437e-15,11.485677064687897,-10.757954545454544,15.64204545454546,1.291895883200182e-16,41.3929520273415,-69.55002178602938,134.1737166396617,002
1.6794646481602368e-15,3.1179648890053677,-9.305795454545452,7.494204545454551,-2.583791766400364e-16,3.5206267931334225,-11.352272727272728,9.547727272727268,-1.3564906773601913e-15,9.768204211631971,-18.052159090909093,17.147840909090906,1.4856802656802094e-15,7.617661452144186,-17.066022727272724,17.833977272727267,-3.2297397080004555e-16,4.87944388337992,-16.37034090909091,12.0296590909091,-2.583791766400364e-16,69.42435407302783,-93.90391385464798,104.90957626677212,001
-1.8328772842902583e-15,1.7131868080440604,-21.81022727272727,0.2897727272727266,1.227301089040173e-15,1.7029012676232076,-20.02,1.6800000000000033,-1.0658141036401502e-15,1.7122784437725842,-21.80340909090909,0.3965909090909107,-2.809873545960396e-15,1.8313895280102992,-22.181818181818183,1.8181818181818168,-7.912862284601115e-16,2.0607214971565115,-24.342045454545456,2.1579545454545404,-4.134066826240583e-15,67.52006308024954,-122.82027014807002,111.819697945085,008
6.459479416000911e-16,1.2356503572081363,-14.869886363636365,2.030113636363634,1.4856802656802094e-15,1.0459621729546758,-13.276704545454546,3.7232954545454575,2.163925604360305e-15,1.826397061636981,-15.403522727272726,7.296477272727269,7.993605777301127e-16,1.095407480835442,-10.989204545454545,2.7107954545454582,2.644349385925373e-16,0.7110763924130149,-11.22602272727273,0.3739772727272736,3.100550119680437e-15,114.23251969497998,-141.4149226309796,175.75216739943397,008
-4.521635591200637e-16,5.54065364907315,-23.93943181818182,6.260568181818183,-1.5502750598402185e-15,11.184784597628658,-44.14306818181819,20.356931818181813,1.0335167065601457e-15,8.31866806514716,-31.34659090909091,17.853409090909093,-2.0670334131202917e-15,6.405034297065933,-25.801250000000003,9.898749999999993,4.263256414560601e-15,5.0206288037167965,-22.289772727272727,12.01022727272727,-1.653626730496233e-14,54.16224769734508,-320.19684267052367,31.08243560859387,004
0.0,23.365577561015137,-24.39511363636364,30.604886363636364,0.0,55.886322992401766,-58.70215909090909,54.1978409090909,-4.134066826240583e-15,14.784918954782386,-14.801022727272729,22.29897727272727,0.0,15.328765009784927,-15.712954545454544,21.48704545454546,0.0,10.92448511372504,-11.475,10.524999999999997,-4.134066826240583e-15,26.5396598384629,-30.129662788894045,47.32907449263708,011
1.4210854715202005e-15,0.9414720538067888,-14.785909090909088,0.3140909090909112,-6.055761952500853e-16,0.7767483528245828,-12.448295454545455,0.2517045454545474,-3.794944156900535e-15,0.68782580559541,-10.979545454545455,0.3204545454545453,2.099330810200296e-15,0.8231712686312617,-12.69625,0.5037500000000037,-9.043271182401274e-16,1.1529100745415224,-18.451704545454547,0.3482954545454575,2.8663939908504044e-16,0.1649911502163784,-0.0398537722701721,2.6307025108345936,012
2.1962230014403096e-15,3.894117033296287,-22.14659090909091,0.8534090909090928,-2.1962230014403096e-15,5.225157076803789,-23.422500000000003,9.8775,-6.45947941600091e-17,5.88983211145584,-25.15375,10.646250000000002,6.45947941600091e-17,5.969395690054576,-26.15443181818182,11.445568181818189,-8.397323240801184e-16,4.043762157172575,-20.06465909090909,4.935340909090908,-1.653626730496233e-14,77.24075683502946,-317.83619990989337,39.37261859103273,004
3.6173084729605105e-15,6.974697703689476,-20.243181818181817,2.7568181818181863,2.7129813547203826e-15,4.968839758272391,-14.417045454545452,2.182954545454546,2.5837917664003644e-15,6.943592533604438,-20.15,2.750000000000007,4.134066826240583e-15,6.892020245588312,-19.999659090909088,2.900340909090918,-1.4210854715202005e-15,6.754325137114085,-19.60681818181818,2.5931818181818187,1.227301089040173e-15,3.074297488492129,-1.1186610296886863,8.921851372183834,013
2.583791766400364e-16,6.1252132700262605,-25.668181818181814,10.631818181818186,1.5502750598402185e-15,7.065775675660835,-28.340681818181817,8.459318181818187,1.162706294880164e-15,7.044374898948958,-28.980681818181814,9.019318181818182,2.583791766400364e-16,7.500643137025536,-30.87840909090909,8.121590909090909,3.746498061280528e-15,4.625465556197587,-21.940454545454543,8.059545454545457,3.8756876496005453e-16,46.76612630917291,-73.5000859313029,135.9480738255403,010
2.7129813547203826e-15,3.240834820008344,-13.068181818181817,5.731818181818188,1.0335167065601457e-15,10.73662375319954,-31.52613636363636,14.47386363636364,2.0024386189602826e-15,13.266675184145884,-28.760113636363634,18.63988636363637,-3.8756876496005453e-16,7.430284084609139,-17.405113636363637,9.794886363636364,1.6148698540002276e-15,10.049324121017104,-21.627272727272725,14.872727272727287,-4.392446002880619e-15,7.492054801627385,-81.71719596003392,15.01526859190298,005
4.263256414560601e-15,4.520580964855519,-15.12011363636363,7.779886363636361,4.973799150320701e-15,2.6336045907645027,-12.276363636363632,4.323636363636364,1.84095163356026e-15,2.669542823087416,-13.28954545454545,5.510454545454547,-3.8110928554405374e-15,5.354830015397469,-16.59522727272728,9.904772727272732,-4.844609562000683e-16,3.108689999404363,-11.556818181818183,7.44318181818182,-1.0335167065601457e-15,70.21902188488379,-185.12328930272488,139.00581089632345,000
0.0,10.143595712304888,-16.08215909090909,6.917840909090913,-3.358929296320473e-15,7.189133213652141,-11.4,4.599999999999998,2.0670334131202917e-15,10.05137381586519,-15.939431818181816,6.6605681818181885,-1.5502750598402185e-15,9.998249340561228,-15.85318181818182,6.746818181818181,1.0335167065601457e-15,10.48896052636074,-16.633409090909094,7.066590909090909,3.2297397080004555e-16,1.6853907525350038,-1.1154212137926156,2.672402769817257,015
-2.5837917664003644e-15,6.375798401430351,-12.83875,4.961250000000003,-7.751375299201094e-16,8.720110623563789,-17.60340909090909,4.496590909090909,1.0335167065601457e-15,8.722402102488738,-17.608749999999997,4.491250000000001,2.5837917664003644e-15,7.212194731211096,-14.5375,5.562500000000002,-5.167583532800728e-16,8.766927899406292,-17.695454545454545,4.704545454545457,-1.3564906773601913e-15,31.94034639364067,-77.83367239851552,56.92485510066388,008
-1.0335167065601457e-15,9.492797889814126,-17.71136363636364,5.288636363636364,-2.583791766400364e-16,6.636513074282606,-12.38181818181818,3.618181818181817,5.167583532800728e-16,9.445091074356696,-17.61977272727273,5.380227272727275,-3.6173084729605105e-15,9.404165901981074,-17.544772727272733,5.455227272727271,3.100550119680437e-15,9.8681190693537,-18.408181818181816,5.591818181818184,-1.291895883200182e-16,1.5907945375733823,-0.9085580573026512,2.9680743845525,015
1.808654236480255e-15,4.743205654805723,-14.432159090909089,8.267840909090907,-9.689219124001366e-17,3.018525240593355,-10.88909090909091,5.510909090909088,3.2297397080004546e-17,3.478686089398466,-11.946022727272725,6.55397727272727,-5.167583532800728e-16,5.45554752987481,-14.607613636363636,9.892386363636362,2.0670334131202917e-15,3.082591698229896,-11.567613636363635,7.932386363636372,5.167583532800729e-15,65.24031849586953,-97.80020916629064,128.02251141759655,000
-9.689219124001363e-16,1.5344202298041525,-19.03011363636364,2.4698863636363626,2.3092638912203257e-15,1.1857185147317564,-15.582386363636363,1.417613636363637,1.291895883200182e-16,1.9020771289414489,-14.66306818181818,2.536931818181809,2.212371699980312e-15,1.3229948134225529,-13.248295454545453,2.2517045454545546,-6.0396132539608514e-15,3.46923956228103,-55.67363636363638,0.6263636363636209,9.301650359041311e-15,73.15640771045518,-67.32053232014688,187.2898797222935,007
3.815130030075538e-15,1.3033488285585546,-12.157386363636364,3.4426136363636357,4.521635591200637e-16,9.792062990557902,-21.07784090909091,15.822159090909103,-4.521635591200637e-16,7.917952447328864,-16.624204545454546,12.675795454545463,4.5216355912006375e-15,8.199256589839901,-22.344318181818178,16.755681818181834,2.793724847420394e-15,2.535825229491337,-15.496704545454543,7.303295454545449,-3.100550119680437e-15,83.64279907990476,-186.38913928345215,109.61976528837047,000
2.0670334131202917e-15,9.564906435039171,-19.48465909090909,21.215340909090912,-4.134066826240583e-15,8.70835869181856,-18.55340909090909,12.346590909090914,-1.808654236480255e-15,8.800366404344942,-18.78511363636364,10.214886363636364,-1.808654236480255e-15,11.050237296332988,-21.24761363636364,16.652386363636367,-2.842170943040401e-15,8.72647645219198,-18.542045454545452,13.557954545454546,-5.167583532800729e-15,75.99727992732765,-108.7560502937745,136.3936826354654,001
4.134066826240583e-15,22.504149727520872,-25.14363636363636,28.15636363636364,2.0670334131202917e-15,26.61623004765883,-28.680568181818185,36.81943181818181,2.0670334131202917e-15,30.3204145284521,-32.80443181818182,37.69556818181818,1.0335167065601457e-15,13.907056238119816,-15.34625,18.15375000000001,4.134066826240583e-15,26.959573679930763,-28.85829545454545,37.24170454545455,1.653626730496233e-14,59.8108851613183,-71.17834700496236,67.26716390588395,005
-6.943940372200979e-16,3.981173924374029,-15.472954545454543,8.327045454545459,2.777576148880392e-15,10.07670127700693,-16.150681818181816,10.549318181818188,-5.813531474400821e-15,7.937276442319339,-17.76670454545455,10.033295454545446,1.0658141036401502e-15,8.461144513437455,-18.3425,10.557500000000012,6.459479416000911e-16,5.971172603418364,-14.967386363636365,6.732613636363645,1.2789769243681804e-14,8.113818963337629,-12.497274041343076,78.20480971684181,005
0.0,12.213900629816887,-16.493636363636362,10.406363636363636,-3.6173084729605105e-15,10.471270219032643,-14.15,7.849999999999996,4.134066826240583e-15,12.478395834533613,-16.85681818181818,10.143181818181816,1.0335167065601457e-15,18.90841590489645,-25.542386363636364,15.457613636363645,0.0,11.847496941045332,-15.996931818181816,10.003068181818186,-2.0670334131202917e-15,63.30787244291258,-64.35498285642325,103.94334805412412,007
1.4210854715202005e-15,2.7994366962150976,-12.482954545454543,5.317045454545454,1.0981115007201548e-15,5.33509934980728,-28.211136363636367,13.088863636363634,-2.180074302900308e-15,4.331803776030133,-18.56647727272728,7.933522727272731,-5.329070518200751e-16,2.9687748063339425,-12.884886363636362,6.315113636363641,6.459479416000911e-16,3.9731681417534586,-13.58409090909091,8.815909090909098,-3.358929296320473e-15,60.66645610693972,-100.72537487178349,86.68339033755754,001
0.0,10.167576229959897,-7.576250000000001,15.423750000000002,1.0335167065601457e-15,10.712792662979124,-7.990795454545455,14.90920454545455,-1.0335167065601457e-15,14.314642764281905,-10.673409090909091,20.526590909090917,1.5502750598402185e-15,10.001651451961768,-7.460227272727272,14.03977272727273,0.0,10.803894882314395,-8.059090909090909,14.940909090909097,4.134066826240583e-15,48.25578664915183,-43.33196855911813,136.21237795425742,007
4.134066826240583e-15,10.121104157514242,-16.138295454545453,6.86170454545455,-5.167583532800728e-16,7.171822733609222,-11.436363636363636,4.563636363636363,-1.0335167065601457e-15,10.039415450632202,-16.008977272727275,6.791022727272729,1.0335167065601457e-15,10.002884811165956,-15.95,6.750000000000004,4.650825179520656e-15,10.475679143253515,-16.703181818181818,6.996818181818185,1.9378438248002726e-16,1.6872737381308491,-1.1064837232769786,2.6905075850549887,015
9.9314496021014e-16,0.7201149812775257,-11.443068181818184,0.256931818181819,-1.6552416003502332e-16,0.5224710340343842,-8.048863636363635,0.4511363636363654,1.340341978820189e-15,0.7092609699189811,-11.235113636363636,0.3648863636363657,1.7198363945102424e-15,0.7127857463113503,-11.29215909090909,0.4078409090909147,-3.2579999304454592e-15,0.6821438616112321,-10.945454545454544,0.1545454545454525,1.943899586752774e-15,0.3107764428615324,-0.0605661965641086,4.984327189562743,013
0.0,0.0,0.0,0.0,0.0,0.0,0.0,0.0,0.0,0.0,0.0,0.0,0.0,0.0,0.0,0.0,0.0,0.0,0.0,0.0,0.0,0.0,0.0,0.0,004
1.9378438248002726e-16,3.4510531091224146,-13.147727272727272,6.952272727272732,-3.8756876496005453e-16,7.067203001503694,-18.079090909090908,8.720909090909089,-1.2918958832001822e-15,6.195216763261933,-17.377272727272725,8.82272727272727,-1.4210854715202005e-15,7.10774940751145,-19.40079545454545,8.399204545454552,1.3726393759001937e-15,1.787069242439343,-12.912499999999998,4.987500000000001,-7.234616945921021e-15,57.49206789474231,-87.1470160657862,120.85499821614684,010
2.9713605313604188e-15,12.087600332790151,-13.742613636363636,79.05738636363637,-5.652044489000797e-16,5.259192365643509,-15.779545454545454,6.720454545454548,1.0335167065601457e-15,4.777294589518351,-15.378636363636362,6.62136363636364,3.5284906309904975e-15,3.7634647643549566,-13.99488636363636,6.705113636363638,-3.3912266934004783e-16,3.642054212157957,-13.979545454545455,9.320454545454544,-5.425962709440765e-15,75.8427016986727,-94.74181579839654,145.457561780913,002
2.0670334131202917e-15,9.675571928767846,-17.068181818181817,7.931818181818183,3.100550119680437e-15,14.54615029408466,-23.82840909090909,16.17159090909091,-1.0335167065601457e-15,14.636435113726517,-24.31284090909091,14.687159090909084,-5.167583532800728e-16,13.055473929931612,-21.869318181818183,15.230681818181818,5.167583532800728e-16,11.800253391924953,-20.0375,17.862500000000004,-5.167583532800728e-16,59.191990144821474,-88.76316918701454,137.3328522651499,002
2.0670334131202917e-15,10.959729818109134,-10.163636363636364,17.83636363636364,0.0,12.6338846075284,-11.778295454545455,20.021704545454547,2.0670334131202917e-15,19.6140650432454,-16.504545454545454,39.69545454545455,2.0670334131202917e-15,9.644452538107805,-8.757613636363637,18.042386363636364,0.0,11.82896819775294,-11.139886363636364,16.560113636363635,-1.0335167065601457e-15,49.90738365991565,-93.18345393495636,112.80060299252592,002
-1.7965427125752535e-15,0.7233409344410262,-11.502272727272732,0.4977272727272712,-1.1950036919601685e-15,2.222894813238616,-8.287386363636363,9.312613636363633,-2.260817795600318e-16,1.2121726308932963,-11.50761363636364,4.992386363636364,2.9713605313604188e-15,1.6153542352278627,-11.597613636363636,6.802386363636362,2.034736016040287e-15,1.5663154201345395,-10.041931818181816,4.65806818181818,-1.0335167065601457e-15,40.34200554626879,-61.918578798066775,62.098135957999794,008
-1.9055464277202687e-15,1.2361689143117718,-12.42477272727273,2.975227272727267,-1.595491415752225e-14,3.0975053091123743,-49.80420454545457,0.3957954545454356,-7.186170850301014e-15,3.093698855909172,-49.7296590909091,0.3703409090908991,1.5082884436362126e-14,3.06279656811635,-49.20397727272727,0.2960227272727422,-7.105427357601002e-16,1.1534806292190036,-16.852272727272727,1.547727272727272,-6.8470481809609646e-15,3.154667487276285,-33.17418406726188,4.07781289875885,013
-1.5502750598402185e-15,10.935756604856437,-8.649545454545455,14.350454545454548,-5.167583532800728e-16,7.801700833713141,-6.1693181818181815,10.430681818181816,-1.0335167065601457e-15,10.822651849967231,-8.559659090909092,14.240340909090913,-1.0335167065601457e-15,10.783990606272692,-8.527613636363636,14.072386363636369,-2.0670334131202917e-15,10.625584998479722,-8.40340909090909,13.696590909090908,0.0,4.81186190352939,-6.17883025193989,3.8055322860098366,013
5.038393944480711e-15,4.991472764782981,-21.657954545454544,1.3420454545454596,-7.105427357601002e-16,3.490861742103135,-15.145454545454545,0.8545454545454536,9.689219124001363e-16,4.968493289537768,-21.5525,1.4475000000000016,3.423524090480483e-15,4.947376035419898,-21.453977272727272,1.5460227272727316,-5.167583532800728e-16,5.190056488201564,-22.51738636363637,1.4826136363636344,3.2297397080004546e-17,0.8365256046347194,-0.2469988500388815,3.62963359181627,015
2.2608177956003187e-15,3.366255151859015,-53.95284090909091,0.7471590909091219,8.074349270001138e-16,1.868524354795198,-14.565909090909091,5.334090909090907,1.7117620452402413e-15,2.43704981008996,-17.511363636363633,4.988636363636374,1.5502750598402185e-15,1.6113936038693055,-12.25125,4.548750000000009,2.9390631342804144e-15,0.9933964234025228,-12.458522727272724,1.0414772727272703,1.2918958832001822e-15,4.171578447504539,-23.41694590583244,13.05640141660551,013
-2.0105129682302835e-15,0.9751276603752594,-13.398977272727274,1.7010227272727256,-2.680683957640378e-15,1.9453775174587271,-19.186704545454543,3.9132954545454552,7.428401328401047e-16,1.4061049741563063,-15.152272727272727,2.3477272727272727,1.6633159496202346e-15,0.9744378478477628,-11.74375,1.15625,-2.325412589760328e-15,1.0780917245433832,-10.26477272727273,5.135227272727274,3.100550119680437e-15,62.40582209300778,-194.4018212263226,108.57883379665202,009
0.0,12.962047986970614,-34.47727272727273,8.122727272727282,5.167583532800728e-16,7.49575628906392,-19.82613636363636,6.373863636363641,6.459479416000911e-16,9.15320410582505,-22.760227272727278,13.739772727272726,3.875687649600546e-15,16.78347423006944,-41.36136363636364,24.73863636363637,-4.650825179520656e-15,43.71135737049912,-61.40568181818182,49.59431818181818,2.325412589760328e-15,30.487347041857387,-55.427665597091575,45.347589157288446,011
3.286260152890464e-15,0.866740086819096,-13.92159090909091,0.1784090909090956,-2.325412589760328e-15,2.4096311465443607,-19.729318181818183,5.070681818181811,1.3564906773601913e-15,1.2884583360671742,-16.517840909090907,2.4821590909091,1.3871732045861955e-14,3.195194157242927,-51.36454545454544,0.6354545454545644,-2.107405159470297e-15,1.905642553262754,-23.51556818181819,3.5844318181818053,-2.664535259100376e-16,1.0317337727423626,-2.7639672852747954,1.8953255047290585,013
1.9257323008952717e-15,0.7116465364715137,-11.42784090909091,0.0721590909090927,1.2252825017226728e-15,0.5322036287731782,-8.220454545454544,0.4795454545454554,3.3912266934004787e-15,0.7117016968285206,-11.417613636363637,0.0823863636363668,2.494973924430352e-15,0.7147652387958646,-11.40875,0.0912500000000022,-4.481263844850632e-15,0.6837825868162023,-10.95568181818182,0.2443181818181798,1.8772862052752647e-16,0.3116923093855646,-0.0585790747565386,5.005221918609694,013
4.134066826240583e-15,5.991071007606388,-21.65,6.550000000000004,-5.167583532800728e-16,14.400678196821463,-40.30125,15.698750000000004,1.937843824800273e-15,11.531599845193616,-34.12568181818182,12.474318181818184,-2.0670334131202917e-15,16.569397195960388,-49.87875,15.021250000000002,-1.0335167065601457e-15,8.481731095936784,-28.09534090909091,8.904659090909096,3.100550119680437e-15,108.16053758541126,-196.0538961969521,142.6254672094437,003
-3.6173084729605105e-15,9.569295376250745,-16.307954545454546,5.792045454545452,-7.751375299201094e-16,7.684431238430152,-13.059204545454548,6.440795454545453,-4.134066826240583e-15,9.565200828550116,-16.301136363636363,5.7988636363636346,-5.167583532800729e-15,9.564517760974674,-16.3,5.699999999999996,-2.5837917664003644e-15,10.42066782769735,-17.649545454545457,8.950454545454544,-1.0335167065601457e-15,46.50716948732057,-128.98749930683547,97.98285574069855,009
2.0670334131202917e-15,10.102361437385332,-14.545454545454543,11.45454545454546,-3.100550119680437e-15,14.342391939977006,-19.531590909090912,18.968409090909088,0.0,24.383491247212586,-29.039772727272727,36.260227272727285,2.0670334131202917e-15,19.565592770333986,-22.825,30.675,2.0670334131202917e-15,16.581089148646775,-21.56090909090909,23.83909090909092,8.268133652481165e-15,70.18512998820522,-102.23843530628086,63.78238836862157,005
1.808654236480255e-15,4.502238280580447,-21.994318181818183,1.00568181818182,1.6148698540002276e-15,3.733023937365276,-18.255681818181817,1.4443181818181827,4.844609562000683e-15,4.4979286727383005,-21.973863636363635,1.0261363636363685,2.9067657372004104e-15,4.49483484560403,-21.952272727272728,1.0477272727272755,-2.1962230014403096e-15,4.307922351861674,-21.04431818181818,0.955681818181816,3.100550119680437e-15,20.18494219451396,-95.5083239454298,17.930443996931714,006
-4.763866069300672e-15,0.7241380955349324,-11.28386363636364,0.4161363636363653,-3.4638958368304887e-15,0.6208228593788025,-9.842500000000005,0.2574999999999967,4.501449718025635e-15,0.7118261548229898,-11.43465909090909,0.0653409090909136,-1.893434903815267e-15,0.6932650844177334,-11.0125,0.3874999999999993,1.6148698540002276e-15,0.6189792650634691,-9.943181818181817,0.0568181818181834,-6.0557619525008536e-18,0.1411864836091137,-2.245377976194659,0.1054678572271088,009
-4.134066826240583e-15,9.919719185491507,-16.705909090909095,6.294090909090908,1.808654236480255e-15,7.070291062076534,-11.905454545454544,4.49454545454546,1.5502750598402185e-15,9.833126866602,-16.55965909090909,6.340340909090916,4.134066826240583e-15,9.790291161152696,-16.48715909090909,6.2128409090909145,-5.684341886080802e-15,9.622711746348102,-16.20568181818182,5.99431818181818,-1.0335167065601457e-15,4.369198970654596,-2.678328325378014,7.358173371928598,013
-6.184951540820872e-15,3.4656098958043007,-55.6205681818182,0.5794318181818028,1.2595984861201776e-14,3.4704579686831973,-55.73181818181818,0.5681818181818272,1.9523776534862752e-14,3.470721509943831,-55.72386363636363,0.5761363636363797,1.2418349177261751e-14,3.462694448100944,-55.6375,0.3625000000000113,1.1304088978001594e-15,3.468183141829249,-55.73488636363638,0.565113636363634,-1.937843824800273e-15,33.17514299040079,-77.15421411994953,41.70358864875922,007
4.650825179520656e-15,12.164245593861075,-17.288636363636364,8.811363636363641,1.0335167065601457e-15,14.03467124306182,-19.93409090909091,11.065909090909098,0.0,14.228677871360436,-20.221818181818183,10.878181818181826,-2.0670334131202917e-15,17.828846848819968,-25.338636363636365,13.561363636363634,-1.0335167065601457e-15,18.12226035151062,-25.75454545454545,14.045454545454543,-2.0670334131202917e-15,39.922389868824965,-51.44991652181028,98.72117566638806,012
1.84095163356026e-15,0.92260567940449,-11.761818181818182,1.9381818181818176,4.069472032080574e-15,6.04868409550293,-12.97840909090909,6.521590909090911,5.81353147440082e-16,6.922156123845557,-12.244772727272723,8.055227272727272,-1.937843824800273e-15,6.642367361357181,-11.801136363636369,10.198863636363626,-3.552713678800501e-16,2.285738211946792,-9.209090909090907,5.5909090909090935,4.134066826240583e-15,75.90623934397843,-101.84453398410088,95.87747153759504,000
-2.5837917664003644e-15,5.127049877289558,-11.929318181818186,8.070681818181821,-9.043271182401274e-16,4.8460302284127454,-11.709659090909092,7.690340909090906,1.9378438248002726e-16,4.071234721372408,-11.659659090909091,6.240340909090914,-1.4210854715202005e-15,5.541390793999118,-12.942500000000004,10.257499999999991,1.873249030640264e-15,3.435455921178969,-10.5475,6.952500000000001,-3.6173084729605105e-15,70.42272465519716,-99.1856165572981,111.15234665538328,000
-1.0335167065601457e-15,7.059287227264861,-22.029545454545456,3.970454545454548,0.0,10.877635996669175,-33.96818181818182,5.93181818181818,2.842170943040401e-15,10.801532296315512,-33.564772727272725,5.435227272727268,7.751375299201094e-16,16.062198577420713,-50.013636363636365,8.986363636363627,9.043271182401274e-16,4.683285510353559,-14.415681818181817,3.584318181818187,-1.007678788896142e-14,103.4557929219508,-89.9614042881209,269.2172431124652,007
-3.746498061280528e-15,4.362340426644152,-24.22204545454546,8.277954545454534,-2.842170943040401e-15,11.204765623413095,-40.07022727272728,10.529772727272722,5.9427210627208375e-15,11.089028845836843,-43.40727272727272,9.49272727272728,-3.552713678800501e-15,6.316871087063475,-22.488181818181825,7.111818181818187,1.0012193094801413e-15,11.721743494247688,-45.44852272727272,11.251477272727286,-1.9636817424642772e-14,10.331623675478776,-15.791380292888874,69.30431143994122,005
-2.5837917664003644e-15,8.854058928205312,-17.436363636363637,4.6636363636363605,-5.167583532800728e-16,8.45141319971483,-14.348863636363635,15.651136363636365,-2.325412589760328e-15,9.629065243781884,-18.47159090909091,13.428409090909089,-1.0335167065601457e-15,11.307905104792292,-21.490568181818183,15.509431818181817,-1.5502750598402185e-15,11.64972274702899,-22.72090909090909,10.47909090909091,8.268133652481165e-15,68.03424388104166,-43.14004137060596,133.77672069429968,004
-2.583791766400364e-16,6.639493322385065,-25.194886363636364,10.805113636363645,-1.049665405100148e-15,6.721610543274174,-25.0375,7.162500000000001,7.105427357601002e-16,7.301744721736371,-26.598863636363635,10.401136363636365,1.388788074440196e-15,7.890808807490119,-28.2,12.600000000000012,-1.4210854715202005e-15,4.856509173604616,-20.48568181818182,6.514318181818176,-1.0335167065601457e-15,79.76383327432434,-145.51368169476936,130.98371812166815,000
-1.0335167065601457e-15,12.090619101102057,-24.354545454545452,14.74545454545454,-2.583791766400364e-16,13.74945959681854,-23.9375,23.762500000000017,0.0,12.924002830917123,-23.39090909090909,18.60909090909092,0.0,23.75373295478397,-38.77159090909091,34.62840909090908,5.167583532800728e-16,17.619536218638604,-27.72840909090909,28.27159090909092,-4.134066826240583e-15,67.07293386700795,-85.30816076047446,90.04614539710903,003
1.0012193094801413e-15,0.8759520720572112,-10.355113636363637,1.6448863636363669,-3.2297397080004555e-16,1.0450487107552642,-12.530681818181815,2.4693181818181777,5.765085378780813e-15,3.286844983924113,-52.71477272727272,0.3852272727272776,2.8986913879304087e-15,1.2988983282967406,-17.49670454545455,3.103295454545446,1.2595984861201776e-15,1.914867545534717,-13.305681818181816,4.694318181818183,-1.5502750598402185e-15,88.83814948657088,-210.73345579491985,94.46053519064516,007
3.520416281720497e-15,1.9761981275307896,-11.959772727272725,6.540227272727275,1.6390929018102313e-15,1.1854322144787388,-9.400681818181816,3.399318181818188,2.41019325709534e-15,0.7062705328690796,-11.067840909090904,0.5321590909090972,-3.1126616435854388e-15,0.6990617882426359,-10.89284090909091,1.107159090909093,-2.2608177956003187e-15,2.23366568308263,-11.182840909090912,5.317159090909087,8.268133652481165e-15,66.1927985292036,-78.8886088017944,81.43586847391751,007
-1.687538997430238e-15,1.1390606574285895,-10.761477272727276,3.138522727272722,4.780014767840674e-15,8.864469686206013,-21.02147727272727,9.578522727272734,-2.0670334131202917e-15,5.808522539416464,-14.435000000000002,7.864999999999988,4.650825179520656e-15,9.231853151090837,-24.143181818181816,8.856818181818184,1.6794646481602368e-15,4.901326962337397,-14.354090909090909,6.845909090909103,2.5837917664003644e-15,99.37187830777374,-179.9016182530595,152.0649716255833,001
-1.9378438248002726e-16,3.37482781929943,-0.3409090909090909,37.15909090909091,7.266914343001025e-17,1.1249426064331436,-0.1136363636363636,12.386363636363637,1.6148698540002276e-17,1.349931127719773,-0.1363636363636363,14.863636363636363,-3.2297397080004546e-17,1.0349471979184923,-0.1045454545454545,11.395454545454546,4.844609562000683e-17,1.7099127617783785,-0.1727272727272727,18.827272727272728,2.0185873175002845e-18,0.155505302669393,-0.0156840685533027,1.7140755149466524,013
1.6794646481602368e-15,6.546101900397867,-23.203977272727272,4.996022727272731,-1.808654236480255e-15,12.635054906374044,-42.56511363636364,19.83488636363636,5.167583532800728e-16,9.177811338122025,-29.866704545454542,18.43329545454546,1.4210854715202005e-15,7.447990111564516,-25.08215909090909,9.41784090909091,3.746498061280528e-15,5.992988736676709,-21.757954545454545,9.942045454545458,-4.134066826240583e-15,58.45787085379048,-316.69670144693737,34.582576832180166,004
3.968542666205559e-15,1.2225150574120434,-11.540340909090906,4.459659090909096,8.106646667081143e-15,12.006498859497713,-16.906477272727273,17.79352272727273,5.490557503600774e-16,8.368957483895592,-14.781704545454543,11.918295454545463,-2.454602178080346e-15,12.0253637935512,-20.32079545454545,15.779204545454547,3.746498061280528e-15,4.798682819823434,-14.079886363636362,9.620113636363635,-7.751375299201094e-16,104.53216310551564,-211.4997067620336,131.52095785806824,003
-1.5502750598402185e-15,13.49704508332861,-24.17386363636364,13.826136363636362,-1.0335167065601457e-15,9.773563389179714,-17.536363636363635,15.86363636363637,-3.100550119680437e-15,9.935965745173249,-17.822727272727274,11.677272727272726,-2.5837917664003644e-15,11.662497196460029,-19.27022727272728,19.729772727272724,1.5502750598402185e-15,14.196011254475328,-21.759090909090908,28.7409090909091,-2.0670334131202915e-14,88.41172154271418,-284.6939328472623,70.41098462994358,004
1.0335167065601457e-15,10.157478860812423,-16.894318181818182,10.005681818181817,-2.325412589760328e-15,8.159999617034305,-13.1125,16.78749999999999,2.5837917664003644e-15,10.378637717338853,-17.188636363636363,11.911363636363642,-5.167583532800728e-16,10.494898778052615,-17.337954545454547,12.962045454545455,1.0335167065601457e-15,10.534584811776318,-17.28784090909091,14.312159090909097,4.134066826240583e-15,130.6986851446254,-171.83508283506578,186.30994870310448,004
5.167583532800728e-16,13.230760144373182,-20.787045454545456,14.11295454545455,0.0,15.439506803597272,-23.14215909090909,15.557840909090906,-2.0670334131202917e-15,15.504249669029027,-24.121136363636367,15.378863636363626,-4.134066826240583e-15,15.902648578311371,-24.69011363636364,14.90988636363636,-1.0335167065601457e-15,11.521900068366932,-17.62920454545455,18.37079545454546,2.0670334131202917e-15,49.75664883161416,-95.95972093126272,126.29060779998365,010
8.720297211601229e-16,1.9287484132546244,-10.792613636363637,3.2073863636363638,2.4223047810003414e-15,2.3923979550247503,-16.84045454545454,5.3595454545454615,1.5502750598402185e-15,3.0253967514386777,-22.83579545454545,4.364204545454541,4.0533233335405706e-15,1.7076398579025724,-15.96545454545454,1.5345454545454515,1.6148698540002275e-16,4.669476451442764,-17.31818181818182,7.581818181818193,-5.167583532800728e-16,44.86050983605317,-43.74513168062889,89.05674494817873,001
-1.7763568394002506e-16,0.7108811081303925,-11.063068181818185,0.4369318181818222,2.3011895419503245e-16,0.8661962584548364,-11.565795454545457,2.5342045454545463,-3.0682527226004327e-16,1.0770503162717109,-12.24715909090909,4.952840909090909,-1.2434497875801752e-15,0.8962924091191607,-11.350909090909092,3.74909090909091,-4.077546381350575e-16,1.7171757478692296,-13.188295454545456,5.611704545454543,1.3435717185281894e-14,13.476490170266803,-31.23724685157302,35.15481061700626,006
2.608014814210368e-15,0.9424216816441876,-11.375681818181814,2.3243181818181817,-4.069472032080574e-15,7.293352974527814,-13.822159090909096,9.3778409090909,-5.813531474400821e-15,6.3478395969865415,-14.25079545454546,7.449204545454549,-2.0024386189602826e-15,4.914043533661779,-11.962386363636366,7.237613636363637,1.8328772842902583e-15,3.5147362444098977,-11.488636363636362,5.211363636363643,1.0335167065601457e-15,102.4771429980441,-182.89598619170133,153.23944460431323,003
2.325412589760328e-15,6.660462374284252,-20.585227272727277,2.41477272727273,-2.325412589760328e-15,4.671636656417831,-14.438636363636364,1.661363636363637,-2.583791766400364e-16,6.636906919504083,-20.508295454545458,2.491704545454546,-2.9713605313604188e-15,6.595662579538151,-20.37352272727273,2.6264772727272714,-1.0335167065601457e-15,6.91844572650976,-21.38295454545455,2.617045454545451,0.0,1.115988399061626,-0.4111252148077189,3.4488914509886377,015
0.0,23.009117124908737,-25.99136363636364,31.00863636363637,2.0670334131202917e-15,14.22019121567032,-16.00375,19.796250000000004,-2.0670334131202917e-15,10.87029374750401,-12.370454545454544,11.12954545454546,2.0670334131202917e-15,17.083386460980346,-19.145454545454545,23.654545454545467,2.0670334131202917e-15,12.785747084640642,-14.018181818181816,24.581818181818186,-1.0335167065601457e-15,33.29819390420144,-64.19669480136912,69.55056218940433,011
0.0,6.790125441580346,-8.713181818181818,6.286818181818182,8.268133652481165e-15,45.52834398004829,-58.15284090909091,47.947159090909096,-2.0670334131202917e-15,32.270199784990844,-40.92613636363637,34.77386363636364,-3.100550119680437e-15,17.23932374131454,-21.831818181818186,18.168181818181814,-2.0670334131202917e-15,17.08363888979576,-21.28068181818182,21.819318181818176,-2.0670334131202917e-15,34.771995498251265,-55.73730631352514,53.12009109897024,011
-1.3080445817401844e-15,5.311033482561806,-14.992272727272727,11.007727272727273,-8.235836255401161e-16,8.884646543445767,-17.63534090909091,12.464659090909093,-2.3092638912203257e-15,7.198495075590856,-17.83068181818182,11.16931818181818,-2.680683957640378e-15,9.043292134599817,-20.37193181818182,13.62806818181818,2.260817795600318e-16,4.51836038465273,-18.38284090909091,6.117159090909091,6.588669004320929e-15,7.060836701771829,-8.017467442636388,83.07422761623755,005
2.583791766400364e-16,7.61886692786157,-14.01590909090909,8.084090909090907,-5.167583532800728e-16,14.191114850584478,-23.520454545454545,17.379545454545468,3.100550119680437e-15,20.19927504503668,-30.443863636363638,26.356136363636377,-2.0670334131202917e-15,20.731977221976237,-30.84011363636364,27.159886363636367,4.134066826240583e-15,20.83062201472017,-31.52965909090909,28.97034090909091,0.0,63.953008468279045,-118.97283446349574,48.623050190221576,005
-2.8542824669454026e-15,0.6816126584180358,-10.942045454545454,0.1579545454545439,2.0468475399452887e-15,0.8653492583015111,-10.025454545454544,2.474545454545453,-4.9536132771456976e-15,0.6812488152995988,-10.939772727272729,0.1602272727272691,-3.3871895187654775e-15,0.7129781272362816,-10.98409090909091,1.1159090909090956,-4.521635591200637e-16,1.60868982144857,-11.717613636363636,4.782386363636359,4.134066826240583e-15,75.37398545180206,-220.9093379400412,106.5423445129706,007
3.2297397080004557e-15,6.055594452533437,-21.68409090909091,6.515909090909094,1.5502750598402185e-15,14.865560690000873,-41.35909090909091,15.440909090909102,-8.784892005761238e-15,11.923614822872084,-34.95068181818183,11.649318181818174,3.6173084729605105e-15,16.96053339148135,-50.70340909090909,14.496590909090912,-1.808654236480255e-15,8.80539764496473,-28.51636363636364,10.183636363636364,-3.100550119680437e-15,110.7102581163708,-181.5237333907995,157.15563001559633,003
2.62416351275037e-16,0.7183253236947431,-11.302954545454549,0.3970454545454558,-2.2365947477903157e-15,0.495183412050775,-7.954545454545455,0.0454545454545431,-1.7359850930502448e-15,0.7201189263437761,-11.44193181818182,0.4580681818181844,-6.297992430600888e-16,0.702262246170684,-11.019318181818182,0.4806818181818215,-1.4735687417752078e-15,0.7413821691011706,-11.684545454545455,0.4154545454545477,-5.510743376775777e-16,0.1178248635705119,-0.0434718705287431,1.8810933633156903,015
3.3912266934004783e-16,1.4775554799333233,-11.17159090909091,7.228409090909093,-1.1239494183841585e-14,2.390127656498603,-35.762386363636374,3.337613636363628,-5.450185757250769e-15,1.758762889313522,-27.53409090909092,0.4659090909090864,6.354512875490896e-15,1.1997157409101566,-17.65056818181818,1.2494318181818258,2.8744683401204053e-15,1.3697916948171642,-17.946590909090908,2.653409090909093,5.684341886080802e-15,53.85651876789293,-51.3450411550304,100.46528328503756,007
3.350854947050473e-15,0.7305614473876179,-11.423749999999998,1.3762500000000024,8.009754475841129e-15,1.589255569272232,-16.795909090909085,3.804090909090924,-5.684341886080802e-15,2.7288604067115974,-18.51625,10.98375,0.0,24.839880756963083,-32.1446590909091,54.45534090909092,3.714200664200524e-15,1.5654399613933692,-11.024999999999997,5.4750000000000085,1.8603300718082623e-14,59.44262269753274,-302.79875003825816,37.65047999729666,009
-5.296773121120747e-15,8.106812892644248,-17.359204545454556,14.94079545454546,3.8756876496005453e-16,16.275310898250478,-23.497727272727275,21.40227272727272,1.937843824800273e-15,16.152321276885097,-21.311931818181822,18.6880681818182,-6.459479416000911e-16,13.16148888841282,-18.247613636363635,14.052386363636366,9.301650359041311e-15,12.105713433221222,-15.414999999999996,19.785000000000025,0.0,52.0262574105503,-136.83078953301737,145.52281190745245,005
9.689219124001363e-16,1.4601959671210891,-7.594318181818181,6.905681818181815,-4.2551820652906e-15,0.8006241108923392,-11.006818181818184,3.393181818181816,-2.9188772611054118e-15,0.6822481977299645,-10.976818181818182,0.923181818181824,2.0024386189602826e-15,1.1959304056356994,-8.949318181818182,7.95068181818182,9.689219124001366e-17,1.1104488182693828,-12.362386363636364,3.237613636363637,7.751375299201094e-16,19.134508872829613,-42.10568977829366,28.00085307611876,009
-1.8046170618452544e-15,0.6817916661510738,-10.943181818181817,0.1568181818181813,2.5474571946853588e-15,0.6499282283166429,-10.44034090909091,0.0596590909090934,-3.500230408545493e-15,0.6808771915698156,-10.9375,0.0624999999999964,-3.500230408545493e-15,0.6808771915698156,-10.9375,0.0624999999999964,-1.5866096315552237e-15,0.7427751180761629,-11.931818181818182,0.0681818181818165,-1.0658141036401504e-14,9.52331230837923,-46.633023226106445,17.36693544780168,006
1.5502750598402185e-15,11.83173767511377,-23.11329545454545,11.786704545454551,5.167583532800728e-16,13.9902392068756,-25.77784090909091,12.922159090909089,-2.0670334131202917e-15,13.927078972957975,-26.83590909090909,12.664090909090898,2.0670334131202917e-15,14.229144699675295,-27.37954545454545,12.220454545454547,0.0,10.113934967501992,-19.401136363636365,14.998863636363634,-5.167583532800729e-15,50.00692987732021,-93.48604271289096,128.7642860183554,010
-2.325412589760328e-15,7.412645044781071,-19.34659090909091,3.753409090909095,-5.167583532800728e-16,6.561039369132439,-17.131818181818183,3.868181818181821,2.583791766400364e-16,7.43347373483817,-19.414772727272727,3.78522727272728,-1.0335167065601457e-15,7.945943621018784,-20.71625,4.483750000000001,0.0,8.297383380208556,-21.573295454545452,5.02670454545455,4.134066826240583e-15,71.90362663458679,-113.85055205863348,102.10468937751034,007
5.502669027505776e-15,0.714536057074452,-11.30863636363636,0.3913636363636428,-2.2365947477903157e-15,0.495183412050775,-7.954545454545455,0.0454545454545431,2.3092638912203257e-15,0.7085744039622187,-11.246363636363636,0.4536363636363703,-2.0589590638502903e-16,0.7011796067407345,-11.1275,0.4725000000000037,-4.319776859450609e-16,0.7337737757844212,-11.49352272727273,0.4064772727272761,3.6334571715005125e-16,0.1183874032372576,-0.043401552981158,1.8800177652730148,015
-6.5079255116209175e-15,4.40121541252391,-18.04727272727273,6.452727272727273,1.6471672510802322e-15,6.223772115573554,-18.31125,8.488750000000003,4.650825179520656e-15,8.77710071155769,-21.16590909090909,11.03409090909092,3.423524090480483e-15,3.486720794790781,-13.179090909090906,5.820909090909094,-4.5216355912006375e-15,5.324110157288461,-21.166818181818183,9.83318181818182,-2.0670334131202917e-15,88.53986045166651,-111.20779855253762,185.4336514251095,001
3.97257984084056e-15,0.9055259361687996,-13.325227272727272,1.1747727272727353,6.717858592640947e-15,3.2010166821787718,-26.32886363636363,13.371136363636367,4.586230385360647e-15,1.2864161368984492,-19.7125,0.7875000000000085,5.203918104515734e-15,0.7818966332203524,-12.45113636363636,1.0488636363636346,9.285501660501309e-16,0.7457515258626343,-10.627840909090908,1.37215909090909,6.3302898276808915e-15,9.474193963286766,-36.41436261960604,26.91924613856497,006
3.100550119680437e-15,10.031022579873596,-19.31704545454545,10.682954545454546,0.0,20.32511507189936,-36.03863636363637,20.36136363636364,1.0335167065601457e-15,15.720731981990747,-28.806363636363635,15.79363636363636,4.134066826240583e-15,23.9267743109183,-43.627272727272725,23.37272727272729,0.0,12.463839059090464,-23.875,12.625,5.684341886080802e-15,80.55240606982962,-138.6063290954365,197.35893323542427,002
-1.0335167065601457e-15,14.7245904386068,-24.84022727272728,16.15977272727273,-2.0670334131202917e-15,10.562745962709092,-17.525,20.975,-2.0670334131202917e-15,10.50412850506059,-17.74659090909091,14.753409090909098,0.0,12.566293822930248,-19.744318181818183,19.25568181818181,5.167583532800728e-16,14.256185224272317,-21.193181818181817,27.906818181818185,-3.100550119680437e-15,120.32642712588608,-235.09711614285683,124.37259381765568,004
1.1368683772161604e-14,2.9012129748101256,-46.55295454545454,0.5470454545454686,1.936228954946273e-14,2.9118081681064165,-46.75568181818181,0.5443181818181841,1.5648088885262206e-14,2.912953889365613,-46.76704545454545,0.5329545454545439,-7.0892786590609985e-15,2.880519528779801,-46.25625,0.4437500000000085,-1.9378438248002726e-16,2.915668467273624,-46.82784090909093,0.5721590909090821,-5.167583532800728e-16,109.3920407188642,-148.7580734401729,202.6249101998632,009
3.100550119680437e-15,9.915392051508809,-16.69931818181818,6.300681818181822,5.167583532800728e-16,7.068579452970344,-11.90375,4.496250000000003,-1.5502750598402185e-15,9.829618297155218,-16.553636363636365,6.346363636363641,-3.100550119680437e-15,9.789994657960367,-16.490227272727275,6.209772727272728,3.100550119680437e-15,9.623401820733964,-16.20681818181818,5.993181818181821,0.0,4.369808957533853,-2.6772527273353357,7.359248969971277,013
1.0981115007201548e-15,1.404830785227875,-14.020681818181815,2.679318181818182,4.844609562000683e-17,1.1485617803249155,-16.738863636363636,3.161136363636359,-1.4856802656802094e-15,1.27262811606436,-19.214204545454542,0.7857954545454575,-1.764245315495249e-15,0.6788981410715549,-10.85863636363636,0.2413636363636371,-5.966944110530841e-15,1.2219952554908495,-19.350568181818183,0.7494318181818187,1.227301089040173e-15,1.178496129095766,-5.540614517208877,2.3060424871077423,013
4.586230385360647e-15,5.019476838005404,-21.775,1.9250000000000045,2.5191969722403556e-15,5.864343575216397,-22.7125,13.387500000000005,2.842170943040401e-15,6.659331906901848,-24.51590909090909,10.684090909090912,5.81353147440082e-16,6.783406524791103,-25.369318181818183,10.43068181818182,9.36624515320132e-16,5.123570955773227,-20.55454545454545,5.245454545454546,-1.4469233891842042e-14,141.703937355288,-143.09732660162356,215.15713987541653,004
3.199460898237951e-15,0.5570813385571225,-8.948863636363637,0.0511363636363668,-1.5422007105702174e-15,0.6544165651981813,-10.300568181818186,0.199431818181818,-1.8248029350202574e-15,3.280598835427498,-52.67590909090909,0.4240909090909071,1.6512044257152329e-15,0.6595233299340313,-10.3525,0.3475000000000037,1.1667434695151646e-15,0.6525560043727862,-10.365454545454549,0.1345454545454565,-1.1606877075626637e-17,0.0922406377825705,-1.4501958958687302,0.0859039528770062,008
1.6794646481602368e-15,3.46775701668329,-16.248522727272725,8.751477272727282,1.4598423480162062e-14,3.06205094532007,-48.8340909090909,1.165909090909082,-5.81353147440082e-16,6.590090700561885,-10.710113636363635,9.08988636363636,8.801040704301241e-16,5.694430682067515,-13.452159090909092,8.34784090909092,0.0,0.6803308683225845,-10.663977272727273,0.5360227272727229,-1.5502750598402185e-15,27.641248310337623,-53.43881254536824,32.633199270364564,011
-2.5837917664003644e-15,10.187956828853906,-15.33875,8.161250000000003,-1.0335167065601457e-15,10.267319382445272,-15.45625,7.3437500000000036,1.0335167065601457e-15,14.462718128029268,-21.75340909090909,12.246590909090902,5.167583532800728e-16,10.61649270500253,-15.959090909090907,9.040909090909093,-1.0335167065601457e-15,10.368518776159412,-15.609545454545456,7.290454545454549,0.0,66.84126513247998,-63.19274903750323,111.46025677884018,007
-1.2595984861201776e-15,2.721560295899189,-13.795681818181816,5.004318181818185,9.689219124001363e-16,5.471868249130922,-12.421022727272726,8.078977272727276,-4.68312257660066e-15,5.947829136411908,-13.791136363636369,7.3088636363636255,2.648386560560373e-15,5.887934020736079,-12.71488636363636,6.685113636363631,-6.459479416000911e-16,1.6769083391753614,-12.954886363636364,4.145113636363639,2.5837917664003644e-15,54.04562818856329,-74.04379878861124,129.9876179730652,010
3.8756876496005453e-16,4.723914496358392,-16.597386363636364,13.802613636363638,-1.0464356653921475e-14,3.0473007781545496,-48.61761363636365,1.3823863636363285,-2.90676573720041e-16,6.5518806681178345,-10.077727272727271,9.222272727272724,5.191806580610732e-15,5.555914221649435,-12.585340909090904,8.414659090909097,1.5018289642202118e-15,0.6932585277972685,-10.877499999999998,0.5224999999999973,-2.583791766400364e-16,28.1268500060629,-58.37426578391792,33.07724677029818,011
3.358929296320473e-15,3.571125000343522,-12.82306818181818,5.676931818181817,-2.745278751800387e-16,3.307250916703035,-14.200681818181817,7.299318181818183,1.937843824800273e-15,11.074382797196556,-25.790454545454544,14.809545454545455,5.81353147440082e-16,10.055804992619276,-26.07636363636364,14.523636363636378,1.2918958832001822e-15,8.275858844722316,-23.52386363636364,12.976136363636355,-3.100550119680437e-15,63.85083966787533,-61.93785752569612,111.04784110681676,000
2.7573902757053887e-15,0.822220265362468,-11.51875,3.0812500000000043,8.235836255401161e-16,2.7641342254906744,-12.872727272727271,8.427272727272726,9.689219124001363e-16,3.4990284199733197,-14.189659090909092,9.210340909090906,-6.620966401400934e-16,2.0261974542108208,-12.434886363636366,6.765113636363637,6.459479416000911e-16,3.0437002558427726,-11.540340909090908,5.759659090909096,1.0335167065601457e-15,156.2846946090151,-185.65958626311635,172.80630164032675,004
3.8756876496005453e-16,6.396000328039468,-18.48840909090909,3.5115909090909057,1.808654236480255e-15,6.789254449599378,-19.698863636363637,2.8011363636363704,-1.2918958832001822e-15,8.955131556730315,-25.947727272727278,4.652272727272731,-1.2918958832001822e-15,6.62180195304661,-19.17840909090909,3.22159090909091,-1.5502750598402185e-15,6.827311855860213,-19.81193181818182,2.7880681818181863,-5.167583532800729e-15,48.43850602579801,-78.02188512768556,66.73762068550234,007
2.5837917664003644e-15,11.97607032087648,-15.03181818181818,70.76818181818182,-5.167583532800728e-16,7.312485974239568,-14.955113636363638,13.94488636363636,7.751375299201094e-16,6.177991520115899,-15.463068181818183,12.536931818181817,3.6173084729605105e-15,5.311087749817387,-14.761931818181818,11.738068181818182,0.0,4.523374553955476,-12.95909090909091,13.740909090909092,0.0,60.51086917871413,-125.5904735580742,137.74092908405217,002
4.440892098500626e-16,0.8530558144834175,-12.81306818181818,1.1869318181818225,-9.043271182401274e-16,4.191542886161244,-38.96477272727273,16.435227272727275,-4.481263844850632e-15,1.5448808050988287,-20.477840909090908,0.7221590909090878,-1.4412713446952033e-15,1.110059538832069,-14.48295454545455,4.01704545454545,4.844609562000683e-15,1.1776731889532592,-10.074204545454538,7.125795454545468,0.0,16.806624825074437,-85.5983749522111,8.871479266754179,013
-1.5502750598402185e-15,10.77145105357615,-16.173863636363638,12.926136363636369,6.201100239360874e-15,32.370056436759704,-48.15909090909091,34.34090909090911,1.0335167065601457e-15,19.10248126001584,-24.652272727272727,29.94772727272728,-2.0670334131202917e-15,13.14159072190132,-18.277840909090912,18.02215909090909,-2.0670334131202917e-15,14.798829917572387,-20.80284090909091,20.497159090909093,0.0,70.18565209686015,-106.63535900230303,60.06900332219034,005
3.1812936123804487e-15,1.4282427174027696,-12.242613636363636,4.45738636363637,-1.744059442320246e-15,10.385044963036874,-24.55045454545455,18.749545454545466,-3.6173084729605105e-15,8.281689668665356,-19.719431818181825,14.38056818181817,-3.649605870040515e-15,8.706252618612151,-25.672500000000007,16.327500000000008,-3.3912266934004783e-16,2.6625871513110035,-12.19784090909091,8.60215909090909,-4.134066826240583e-15,85.08536254459658,-153.19172503303983,112.89445868807562,000
-2.34156128830033e-15,2.101796060825516,-8.021022727272728,5.278977272727271,2.9229144357404122e-15,8.741418093722336,-10.41772727272727,12.78227272727272,-2.842170943040401e-15,14.395335461354769,-15.87897727272728,19.121022727272734,-6.459479416000911e-15,15.11053666051954,-18.88988636363637,20.01011363636364,-4.198661620400592e-16,14.331886426545127,-16.53795454545455,20.062045454545448,-1.0335167065601457e-15,47.24641638118759,-329.02843105296853,28.19814913960693,005
1.0335167065601457e-15,9.105012185649532,-10.315909090909091,9.684090909090909,-8.268133652481165e-15,32.48741755480366,-36.28227272727273,39.11772727272727,-4.134066826240583e-15,18.765065583437835,-20.20261363636364,25.39738636363637,-1.0335167065601457e-15,13.22420472854528,-14.359545454545454,16.640454545454553,4.134066826240583e-15,19.29643071601842,-20.60340909090909,24.89659090909092,4.134066826240583e-15,75.14031563174208,-217.33239367728285,97.63740320880407,005
1.0335167065601457e-15,9.979402997238946,-15.753977272727273,12.246022727272733,-3.100550119680437e-15,10.93213713329358,-18.05375,13.54625,-2.0670334131202917e-15,17.340697972845092,-25.400795454545456,23.499204545454536,-1.0335167065601457e-15,18.6793418616337,-27.657159090909094,23.942840909090915,3.6173084729605105e-15,16.419755197045067,-25.548295454545453,22.55170454545454,5.167583532800729e-15,100.4885193455746,-168.30321472466264,189.73639257920337,003
9.495434741521341e-15,2.3479907886960816,-17.852727272727265,8.747272727272744,5.2321783269607375e-15,5.550151809730408,-19.402840909090905,22.997159090909108,6.0396132539608514e-15,4.0837050188893,-18.746477272727265,11.45352272727274,-2.648386560560373e-15,5.317431915854876,-15.09704545454546,16.00295454545455,6.1365054452008645e-15,6.158409204138666,-16.67227272727272,15.227727272727286,0.0,68.24169731595337,-81.01976113064553,112.08248568891028,010
-3.100550119680437e-15,13.144716406548085,-10.178977272727272,18.821022727272727,4.134066826240583e-15,24.47281891509081,-18.26340909090909,47.43659090909091,2.0670334131202917e-15,20.934208761610503,-16.00534090909091,35.5946590909091,-1.0335167065601457e-15,13.879273578696909,-10.656136363636366,22.34386363636364,0.0,17.567072953583025,-13.30215909090909,29.797840909090905,-4.134066826240583e-15,32.904223205089835,-55.57591647331647,78.70304535133843,011
3.968542666205559e-15,0.711713671867515,-11.430113636363636,0.0698863636363675,-2.2365947477903157e-15,0.495183412050775,-7.954545454545455,0.0454545454545431,2.890617038660408e-15,0.7115293065144443,-11.421022727272728,0.0789772727272755,2.785650498150393e-15,0.7163777686653996,-11.497272727272726,0.1027272727272752,-1.687538997430238e-15,0.7425377734777686,-11.923863636363636,0.0761363636363618,1.3928252490751962e-16,0.1226130044947532,-0.0438377822115456,1.947190555868067,015
3.552713678800501e-15,4.693861363965944,-19.641363636363632,6.958636363636373,1.6794646481602368e-15,6.3784229183725225,-19.87272727272727,10.227272727272734,3.488118884640492e-15,9.311979337461056,-24.038522727272724,13.161477272727268,-1.5825724569202229e-15,3.3333676788864195,-14.19909090909091,5.400909090909085,4.731568672220667e-15,5.069949089298483,-23.920568181818176,11.879431818181828,1.5502750598402185e-15,88.24116504990977,-113.37802595192842,183.26342402571868,001
0.0,10.707916859551831,-13.227272727272728,8.872727272727271,1.0335167065601457e-15,9.603961061228809,-11.83215909090909,10.167840909090913,-2.0670334131202917e-15,10.706043853823871,-13.225,8.774999999999997,-2.5837917664003644e-15,10.750285696760969,-13.277272727272727,9.92272727272728,0.0,11.620433233894012,-14.302954545454543,12.79704545454546,-4.134066826240583e-15,52.47284182645712,-117.9092236094164,132.4034320117476,008
0.0,9.75238838886096,-15.95340909090909,6.146590909090907,-5.167583532800728e-16,8.009943587072167,-13.068068181818184,6.731931818181813,-1.0335167065601457e-15,9.750256406884898,-15.95,6.049999999999997,-1.0335167065601457e-15,9.750256406884898,-15.95,6.049999999999997,0.0,10.874724556571614,-17.74852272727273,9.051477272727272,-1.5502750598402185e-15,47.7836199942533,-93.84133188838648,116.04800537070768,008
-2.0670334131202917e-15,13.80513326793532,-13.3,26.1,2.0670334131202917e-15,18.20433840394115,-17.757954545454545,22.24204545454545,-1.0335167065601457e-15,16.608797230821544,-16.27,19.730000000000008,-2.0670334131202917e-15,28.38944762502485,-27.81852272727273,33.28147727272728,0.0,17.74129515337052,-17.19090909090909,24.80909090909092,5.167583532800728e-16,11.968389791122387,-37.13226506404846,44.929042185768544,002
-3.100550119680437e-15,10.699978054135793,-12.898068181818184,14.501931818181818,-2.0670334131202917e-15,15.120615852121148,-17.514659090909092,22.68534090909091,-1.0335167065601457e-15,24.84756689427758,-25.57715909090909,41.72284090909092,-2.0670334131202917e-15,20.25267806971096,-20.19193181818182,35.708068181818184,-4.134066826240583e-15,15.952069831485018,-18.20147727272728,25.09852272727272,-1.2402200478721748e-14,96.44637469585508,-250.27929580463064,106.04544881840884,005
9.043271182401274e-16,3.586020188575617,-19.09215909090909,6.907840909090915,1.1304088978001594e-15,4.218204441308847,-13.226136363636364,8.573863636363633,1.937843824800273e-15,4.747454101055873,-18.70738636363636,11.492613636363636,9.043271182401274e-16,2.6217340072069586,-41.9575,0.6424999999999983,3.2297397080004555e-16,3.875251856318077,-14.829431818181815,11.070568181818178,-5.167583532800729e-15,55.519847647720695,-61.831943672912445,149.1981525562869,010
4.134066826240583e-15,49.685263944696246,-57.07386363636363,43.92613636363637,-4.134066826240583e-15,49.750383722408216,-57.14886363636364,43.85113636363637,1.653626730496233e-14,49.75138417444008,-57.15,43.85,-8.268133652481165e-15,49.30895453636193,-56.64159090909092,43.658409090909096,0.0,49.75038372240821,-57.14886363636364,43.85113636363637,2.0670334131202917e-15,40.338916178491495,-42.2136721389353,51.18188621415967,013
-1.4533828686002052e-16,2.2688502840800764,-12.849545454545456,7.650454545454547,1.9782155711502787e-15,0.9170357383736724,-13.8,1.2999999999999936,2.5918661156703653e-15,0.7128670487794604,-11.44034090909091,0.2596590909090963,2.8462081176754013e-15,0.7205944712842688,-11.45625,0.8437500000000036,-2.648386560560373e-15,0.677767122403222,-9.983977272727277,0.916022727272729,-1.5502750598402185e-15,78.47303539057066,-142.03999354193124,163.2410870284935,008
-1.5502750598402185e-15,8.534317028084153,-18.94897727272728,4.051022727272727,-1.5502750598402185e-15,5.969370857113173,-13.254545454545454,2.7454545454545443,-2.583791766400364e-16,8.497211124882474,-18.864090909090912,4.135909090909092,3.358929296320473e-15,8.455534166741804,-18.77102272727273,4.228977272727278,2.5837917664003644e-15,8.87419022030268,-19.704545454545453,4.295454545454547,1.291895883200182e-16,1.4308525239001,-0.6998158596800175,3.176816582175134,015
-1.5502750598402185e-15,8.38996909132005,-17.619318181818183,10.38068181818182,-1.5502750598402185e-15,9.020904026342334,-20.467045454545456,11.132954545454544,-5.167583532800728e-16,15.1231410304903,-28.05909090909091,20.840909090909083,-5.167583532800728e-16,16.186135005389847,-30.646704545454547,20.95329545454546,-3.100550119680437e-15,13.879754594491423,-28.488181818181825,19.61181818181817,0.0,103.06371524445667,-173.932784846096,184.10682245777,003
3.4679330114654888e-15,0.7219206386954047,-11.098977272727272,0.401022727272732,-1.7925055379402526e-15,0.8169323714258553,-12.438977272727277,0.7610227272727279,4.5216355912006375e-15,0.9663047318060404,-13.152272727272726,2.947727272727274,7.428401328401047e-16,0.9257750550103084,-11.252954545454545,3.747045454545457,-4.844609562000683e-15,2.2634851172545973,-11.458181818181824,8.241818181818179,3.891836348140549e-15,10.470367534626655,-34.67918793385368,27.9107216062376,006
-2.422304781000341e-16,2.341064822710434,-10.618636363636362,5.581363636363633,-2.454602178080346e-15,2.845198579831941,-12.986363636363638,12.213636363636365,-1.7117620452402413e-15,7.603604686109344,-22.170568181818183,11.229431818181816,-7.299211740081031e-15,7.974686474542561,-23.70079545454546,14.09920454545454,2.9067657372004104e-15,6.27015991494536,-20.63556818181818,17.46443181818183,-2.0670334131202917e-15,65.05033976346215,-139.80038095355016,134.5931178391671,003
-3.031918150885428e-15,0.9357526691659712,-14.89818181818182,0.2018181818181794,4.077546381350575e-16,0.7764360778290416,-12.46875,0.3312500000000042,-1.8248029350202574e-15,0.6969650856237436,-11.03181818181818,0.3681818181818208,-1.7238735691452429e-15,0.8104431291578541,-12.750340909090914,0.4496590909090905,2.575717417130363e-15,1.1796623639295696,-18.70465909090909,0.5953409090909147,5.026282420575709e-16,0.1653023826986677,-0.0413551821287745,2.654411243961747,008
3.714200664200524e-15,1.3215882269573336,-12.402613636363633,3.097386363636364,-3.746498061280528e-15,7.677828495950084,-22.24363636363637,9.656363636363622,2.163925604360305e-15,7.065024264571749,-21.486931818181816,7.213068181818187,-4.844609562000683e-17,7.75583709052028,-22.77215909090909,8.827840909090902,-1.744059442320246e-15,4.372804236470674,-15.356136363636368,5.743863636363638,6.976237769280984e-15,85.47174499153171,-130.60335943828224,136.5823302916893,001
2.1962230014403096e-15,4.580237990440044,-9.893295454545452,7.106704545454551,-2.7533531010703887e-15,2.8608630487636075,-10.865340909090907,8.334659090909092,3.698051965660522e-15,10.374899690842382,-19.12863636363636,16.27136363636364,-1.4372341700602026e-15,10.51047700867552,-18.973068181818185,17.426931818181806,-1.6310185525402302e-15,7.139980061340717,-17.051704545454548,14.348295454545458,-2.0670334131202917e-15,89.05235833680932,-125.95812885561848,159.02649478009195,003
4.844609562000683e-16,1.5830633650516313,-11.151136363636365,5.14886363636364,7.751375299201094e-16,7.047486392317242,-14.648068181818182,16.251931818181824,2.325412589760328e-15,5.391130322763937,-13.829545454545451,11.670454545454554,-2.583791766400364e-16,8.387736952565566,-20.19079545454545,17.109204545454553,3.8756876496005453e-16,3.278500833756513,-13.499318181818182,12.000681818181818,-1.5502750598402185e-15,84.61986444110414,-165.28886358073896,125.205895170745,000
1.0335167065601457e-15,10.561182970851402,-14.447727272727272,8.152272727272733,-1.0335167065601457e-15,9.429689299720124,-12.902272727272727,7.097727272727273,-1.5502750598402185e-15,10.502700302130096,-14.37,8.030000000000003,1.5502750598402185e-15,12.26489686013174,-16.78068181818182,9.819318181818186,1.0335167065601457e-15,10.781938572453718,-14.747727272727271,8.852272727272736,-8.268133652481165e-15,61.21502813522086,-77.55765649159525,95.44064721241034,006
-2.0670334131202917e-15,34.390082186240015,-52.27329545454546,32.626704545454544,-5.167583532800729e-15,9.319748952892349,-21.966022727272733,14.53397727272727,1.0335167065601457e-15,10.074577051983026,-22.75329545454546,15.146704545454554,3.100550119680437e-15,4.417837351833141,-15.976704545454544,11.72329545454545,1.0335167065601457e-15,15.313259651843325,-24.63125,19.668750000000017,3.6173084729605105e-15,95.58689102727917,-132.77907811726843,182.19874017795004,015
2.0670334131202917e-15,13.974784072608532,-16.756818181818183,14.443181818181824,2.5837917664003644e-15,10.780051685710552,-12.92125,11.778750000000004,-5.167583532800729e-15,10.764031540273374,-12.925,9.074999999999996,-3.100550119680437e-15,10.842318418375005,-13.016704545454546,11.483295454545456,1.0335167065601457e-15,11.371123306337587,-13.629545454545456,11.670454545454549,-6.201100239360874e-15,91.35590577897594,-197.22760154245412,136.06939633648238,009
-6.459479416000911e-16,3.1238741753021757,-17.84897727272727,10.151022727272732,4.392446002880619e-15,7.442810885968925,-22.09545454545454,14.104545454545466,4.909204356160692e-15,4.38434482363572,-19.480113636363637,7.519886363636367,2.325412589760328e-15,7.081030815103275,-19.383068181818174,14.616931818181811,-3.100550119680437e-15,7.15302045662478,-15.482727272727274,15.617272727272734,4.134066826240583e-15,45.86774542388599,-48.89822749527772,145.5602104253528,010
-2.0670334131202917e-15,16.600570499506663,-24.430000000000003,24.66999999999999,0.0,12.886537146098194,-17.926136363636363,19.17386363636364,1.0335167065601457e-15,11.061087982444215,-17.79090909090909,12.20909090909091,-6.201100239360874e-15,9.738566126298108,-16.02159090909091,6.7784090909090935,1.5502750598402185e-15,11.583587156520498,-17.885795454545455,13.414204545454549,2.0670334131202917e-15,55.96255020877128,-113.34320834845973,156.2191103157145,010
4.134066826240583e-15,1.6421284148593311,-15.31829545454545,2.5817045454545564,-7.751375299201094e-16,2.237092773667614,-28.44738636363637,7.052613636363631,5.7489366802408105e-15,2.0401391510585287,-28.66624999999999,1.9337500000000176,-1.0173680080201437e-15,0.9875122920042584,-15.451136363636362,1.048863636363638,-5.934646713450837e-16,0.9802245062457018,-14.730909090909092,1.0690909090909138,-7.492996122561056e-15,7.3283197177904285,-25.44173317763651,12.576308360474144,013
-3.2297397080004557e-15,4.876761642659829,-14.54625,10.353750000000003,1.1304088978001594e-15,10.44715622017987,-18.86704545454545,13.132954545454544,1.8248029350202574e-15,8.730741852378406,-19.817159090909087,12.682840909090912,-3.681903267120519e-15,8.998243260021868,-20.165227272727275,14.034772727272728,3.1328475167604418e-15,5.89717031767625,-17.913749999999997,9.486249999999997,7.751375299201092e-15,5.968910331300855,-6.303807973179715,80.81442477646212,005
-1.1465575963401616e-15,0.6299661787458406,-8.247499999999999,1.1525000000000034,-3.11669881822044e-15,0.8025668321981843,-12.849659090909096,0.2503409090909088,3.560788028070502e-15,0.8064530223594724,-12.9375,0.2625000000000064,-2.099330810200296e-16,0.5055060470818954,-7.19,1.0099999999999998,2.4263419556353426e-15,0.8193670392695344,-13.026136363636365,0.4738636363636352,8.59110762328121e-15,10.147740042256697,-18.461461281458888,27.521839524560452,012
4.501449718025635e-15,0.7118261548229898,-11.43465909090909,0.0653409090909136,-2.1154795087402983e-15,0.4977096302394174,-7.968181818181819,0.2318181818181806,4.501449718025635e-15,0.7118261548229898,-11.43465909090909,0.0653409090909136,4.501449718025635e-15,0.7118261548229898,-11.43465909090909,0.0653409090909136,-1.5866096315552237e-15,0.7427751180761629,-11.931818181818182,0.0681818181818165,1.0052564841151418e-15,0.191224587944007,-0.2017677386437197,2.709430818415991,015
2.390007383920337e-15,4.80488901756059,-16.522272727272725,6.777727272727276,-2.777576148880392e-15,4.584774590417507,-17.196477272727275,11.303522727272728,1.0335167065601457e-15,7.152318527419292,-29.52102272727272,11.378977272727283,-1.7117620452402413e-15,6.506875288504046,-24.06284090909091,13.437159090909098,-4.489338194120633e-15,3.253592293130372,-22.869090909090914,6.430909090909083,-1.0335167065601457e-15,54.004114897998896,-72.31441358094321,164.89527022337367,010
3.2297397080004546e-17,1.2136813917421467,-15.509545454545457,1.590454545454545,2.5191969722403556e-15,0.7984948311362063,-11.64556818181818,2.0544318181818184,2.224483223885313e-15,0.8961058357721818,-10.89761363636363,2.3023863636363693,4.973799150320701e-15,2.232106061326,-18.668409090909083,4.83159090909092,3.512341932450495e-16,1.1273872742388502,-11.995454545454546,2.3045454545454547,9.947598300641402e-15,9.006473956558866,-55.52646565797782,17.02603402384807,006
6.297992430600888e-16,1.3400519939878854,-8.73125,3.2687500000000043,1.162706294880164e-15,1.2057490556181114,-13.303181818181816,2.896818181818187,-2.4223047810003414e-15,1.198811173992147,-12.153295454545455,3.046704545454542,3.2297397080004546e-17,1.2289416052067983,-10.256590909090908,5.343409090909088,-1.6471672510802322e-15,0.7066782600470602,-11.078863636363636,0.4211363636363678,-3.100550119680437e-15,88.3372130996939,-146.17915459442693,160.82309119257098,008
1.0335167065601457e-15,10.554939445312554,-7.098181818181819,20.201818181818183,1.0335167065601457e-15,19.5605507979878,-13.165454545454546,31.834545454545456,-1.0335167065601457e-15,15.552520415375158,-10.467045454545454,25.53295454545455,-6.201100239360874e-15,22.31127504884624,-15.014886363636364,34.98511363636364,0.0,12.11164477061587,-8.061363636363636,29.138636363636365,4.134066826240583e-15,75.63612736203127,-50.85545783432877,127.21237644099445,007
2.0670334131202917e-15,13.091370035583532,-15.573522727272726,14.326477272727272,-4.134066826240583e-15,17.168052372427013,-19.800681818181825,27.299318181818187,-2.0670334131202917e-15,12.589247952039626,-14.617045454545456,20.882954545454545,1.0335167065601457e-15,12.71724721816208,-14.630681818181818,23.96931818181818,-6.201100239360874e-15,20.945162287050643,-24.37420454545455,31.92579545454546,5.167583532800728e-16,32.16871605811681,-84.08562834232414,49.69256836938637,011
5.652044489000797e-16,1.3564460763927026,-10.523295454545456,3.1767045454545446,4.594304734630648e-15,1.8212598944977043,-27.91818181818182,1.181818181818194,1.227301089040173e-15,1.6056137595754525,-14.503977272727273,2.996022727272731,-2.034736016040287e-15,1.13380365623349,-11.420795454545456,1.6792045454545423,-3.849446014473043e-15,0.7486866945050684,-11.014772727272728,2.285227272727269,4.650825179520656e-15,66.39877997572091,-92.97816576131464,88.61908853201444,007
3.552713678800501e-15,4.152460163953791,-29.35863636363636,4.241363636363641,-8.397323240801184e-16,2.1035512083023824,-15.686363636363636,1.113636363636365,-4.166364223320587e-15,2.875326068465974,-21.55,0.4499999999999957,-4.489338194120633e-15,2.9108920205620645,-21.61590909090909,3.384090909090908,-7.751375299201094e-16,3.1474272399673406,-21.264204545454547,4.035795454545454,-4.134066826240583e-15,60.78993791265093,-125.5508691526626,116.14736601870928,007
0.0,9.550621707512027,-16.325,5.674999999999997,4.650825179520656e-15,9.985421708381418,-17.068181818181817,6.031818181818188,0.0,9.550621707512027,-16.325,5.674999999999997,-5.167583532800728e-16,10.202493555094048,-17.42159090909091,6.578409090909091,2.5837917664003644e-15,8.898774915103171,-15.19431818181818,6.005681818181822,8.268133652481165e-15,65.8695410367363,-101.21649866764795,67.41242889069012,007
4.343999907260612e-15,2.282066377189036,-11.87056818181818,14.529431818181829,3.520416281720497e-15,1.024054788684313,-11.65625,3.9437500000000014,-1.453382868600205e-15,1.20629225293188,-11.97602272727273,4.323977272727266,8.235836255401161e-16,2.2617571351333114,-9.087840909090913,10.012159090909094,1.453382868600205e-15,2.326240979461241,-16.688295454545454,5.11170454545455,0.0,44.1174652567054,-113.29462478287466,82.18826167544995,013
-5.167583532800729e-15,38.22128313523936,-96.01136363636364,15.98863636363636,-2.0670334131202917e-15,9.1728032076042,-22.994204545454547,5.8057954545454535,4.392446002880619e-15,9.772284440284071,-24.445,6.055000000000003,5.167583532800728e-16,16.04784443958206,-40.24454545454546,9.755454545454556,2.583791766400364e-16,8.844092088848525,-22.181818181818183,4.918181818181825,5.167583532800728e-16,49.0027016431009,-159.11646087351892,117.55339923925315,009
-1.0335167065601457e-15,15.724481602943282,-15.34352272727273,20.25647727272728,2.0670334131202917e-15,15.35424381902711,-14.353863636363636,25.34613636363636,-1.0335167065601457e-15,15.604164252933936,-14.622386363636364,25.07761363636363,-4.134066826240583e-15,26.66104024663219,-23.90761363636364,44.49238636363635,2.0670334131202917e-15,19.57829047810197,-17.531022727272727,34.46897727272728,-2.0670334131202917e-15,103.27880528859332,-174.38737997816708,184.00173158072852,005
-2.0024386189602826e-15,1.6291140547259988,-12.003181818181822,5.096818181818183,-2.454602178080346e-15,7.386807188605388,-22.16011363636364,15.739886363636366,-1.1142601992601572e-15,5.593984131025145,-18.861704545454543,11.33829545454546,0.0,8.865260876771938,-22.103636363636365,18.29636363636365,4.279405113100604e-15,3.2984114555593718,-10.10522727272727,11.89477272727273,2.0670334131202917e-15,85.53463395466665,-160.71760770922214,129.77715104226178,000
-2.7614274503403888e-15,1.5032410534484233,-15.143750000000004,5.756250000000001,-1.0335167065601457e-15,5.607200723029906,-15.634772727272724,6.865227272727267,-2.0185873175002848e-15,3.198267867982901,-16.35909090909091,5.940909090909081,4.989947848860704e-15,3.308994246527744,-15.628409090909088,5.471590909090914,-3.875687649600546e-15,2.330969052266453,-11.134431818181824,8.165568181818177,3.100550119680437e-15,53.236690023108096,-77.38441228482309,133.82330086086708,010
1.0335167065601457e-15,11.440776627253536,-12.377272727272729,11.822727272727276,2.0670334131202917e-15,18.22236071310953,-18.62136363636364,24.47863636363636,-2.0670334131202917e-15,17.14206626689911,-17.859318181818182,22.140681818181815,0.0,17.68413918512881,-18.49590909090909,22.50409090909092,4.134066826240583e-15,11.480127887440256,-12.319772727272726,14.08022727272728,2.583791766400364e-16,46.138079527489054,-71.99484441744387,135.6891782881916,002
-1.5502750598402185e-15,10.284822864459343,-14.730681818181818,7.36931818181818,5.167583532800728e-16,8.307523148173468,-11.889772727272728,6.810227272727271,-1.5502750598402185e-15,10.282395892458924,-14.727272727272728,7.372727272727271,-1.5502750598402185e-15,10.28077696480183,-14.725,7.274999999999997,3.100550119680437e-15,11.920111871645387,-17.065113636363634,10.43488636363637,-8.268133652481165e-15,35.382221667441755,-50.39771338764951,37.40692280055887,012
6.3141411291408905e-15,2.982286332082976,-47.98522727272727,0.7147727272727309,1.1966185618141687e-14,3.0037854904648698,-48.2,0.3000000000000113,9.285501660501311e-15,3.0011739589225552,-48.21306818181819,0.2869318181818272,-1.0981115007201548e-15,2.971712147709291,-47.73295454545454,0.367045454545476,1.755363531298247e-14,3.0019875797936844,-48.22215909090909,0.3778409090909349,5.167583532800729e-15,10.230685528337569,-32.84770880906589,23.276944970769016,012
-2.454602178080346e-15,6.222724014707958,-20.051136363636363,2.94886363636364,2.7129813547203826e-15,4.994716939040328,-16.06375,1.9362500000000047,-3.2297397080004557e-15,6.210475022089695,-20.0,1.9999999999999964,-3.100550119680437e-15,6.328788085094416,-20.194318181818183,11.605681818181822,-1.5502750598402185e-15,7.0890869153137,-22.75534090909091,4.944659090909092,-2.583791766400364e-16,73.11518204834177,-174.51703967611672,151.78414352427228,008
2.34156128830033e-15,1.2880492840575457,-12.026704545454546,3.4732954545454504,-1.0981115007201548e-15,8.826269615056255,-19.77102272727273,9.32897727272728,1.227301089040173e-15,6.827295439376336,-15.642272727272726,9.757727272727273,9.689219124001363e-16,6.568798719653251,-23.79125,13.008750000000012,8.276208001751166e-16,3.0085206455482534,-14.84715909090909,10.75284090909091,3.100550119680437e-15,90.16948382562089,-189.7655131591411,135.44189361034358,000
-1.5502750598402185e-15,9.318369441015752,-11.589772727272727,8.410227272727273,2.5837917664003644e-15,10.96180040727366,-13.637386363636365,9.262613636363644,-1.0335167065601457e-15,12.056802439797794,-14.993863636363637,11.006136363636369,0.0,9.357716641563885,-11.637272727272729,8.362727272727273,-2.5837917664003644e-15,11.063651531676127,-13.76511363636364,9.234886363636363,-1.0335167065601457e-15,20.65076116341772,-25.560864776100683,26.03455763322508,012
-5.167583532800728e-16,10.714499403565632,-12.398409090909093,15.001590909090911,1.0335167065601457e-15,15.220022544248,-16.910340909090912,23.28965909090909,-3.100550119680437e-15,24.86520236052287,-24.735454545454548,42.56454545454547,0.0,20.282730218876228,-19.57056818181818,36.329431818181824,3.100550119680437e-15,15.960452487164684,-17.521363636363635,25.67863636363637,0.0,89.59760685112562,-253.67188568809868,101.34250445747688,005
4.037174635000569e-16,2.8604361266615865,-9.617727272727274,6.682272727272732,1.291895883200182e-16,15.064404126327124,-22.80352272727273,19.09647727272728,-1.6471672510802322e-15,8.765025392531095,-15.03693181818182,9.763068181818191,-6.459479416000911e-15,16.61206965626086,-30.0609090909091,20.53909090909091,4.198661620400592e-15,9.518104127683932,-17.07920454545454,11.220795454545453,1.1368683772161604e-14,167.39570780015015,-167.78866281477286,190.79009777431125,005
3.968542666205559e-15,0.711713671867515,-11.430113636363636,0.0698863636363675,-1.388788074440196e-15,4.414059056624854,-14.809090909090909,8.390909090909098,-7.428401328401047e-16,4.183575618854963,-16.323636363636364,8.376363636363632,-2.2931151926803235e-15,3.530616589136162,-14.976477272727276,8.32352272727272,-1.0335167065601457e-15,2.557101034859464,-13.294545454545457,7.205454545454543,-2.0670334131202917e-15,118.78600827162596,-195.49235914350797,140.92210209873556,003
-4.7113827990456644e-15,0.6825549050055291,-10.947727272727274,0.2522727272727252,-2.1397025565503014e-16,0.8061672710455056,-8.782386363636364,1.417613636363637,-4.9536132771456976e-15,0.6812488152995988,-10.939772727272729,0.1602272727272691,6.338364176950895e-16,0.7675955855491526,-10.851249999999997,1.548750000000009,9.769962616701378e-16,1.4075389868431605,-11.308522727272727,2.3914772727272684,-3.2297397080004557e-15,44.14796909273516,-68.48756726495462,67.03414001733906,009
1.4856802656802094e-15,2.1729564233478307,-11.041136363636364,7.758863636363639,7.880564887521111e-15,9.135401588171668,-33.538068181818176,12.261931818181836,5.813531474400821e-15,12.389635534810292,-23.64329545454545,16.956704545454556,2.0670334131202917e-15,6.0851836631575456,-15.575113636363636,7.224886363636365,-1.162706294880164e-15,7.772075157885059,-17.747386363636366,13.25261363636364,6.201100239360874e-15,96.19485798451689,-157.57869879607892,177.90527898687208,010
-3.2297397080004546e-17,2.3671277726488404,-15.35125,3.64875,-4.150215524780585e-15,2.7157728664961467,-11.83068181818182,12.369318181818183,6.782453386800958e-16,1.9981429911853512,-9.911363636363632,6.588636363636365,1.6148698540002276e-15,5.814506712828964,-17.363068181818186,14.836931818181816,9.36624515320132e-16,2.5722662989485783,-11.189204545454544,9.01079545454546,-9.107865976561284e-15,9.23225602108828,-7.117173650440122,85.12616657664685,004
4.7477173707606704e-15,1.8326791344688125,-23.04090909090909,2.9590909090909143,7.751375299201094e-16,7.744666920047585,-34.29545454545455,7.70454545454546,-1.808654236480255e-15,6.313380124389891,-32.61363636363637,8.286363636363646,7.751375299201094e-16,6.390680743204924,-34.117045454545455,8.882954545454538,-5.167583532800728e-16,2.858712352088519,-22.760227272727278,4.339772727272724,4.134066826240583e-15,87.84019601278598,-112.20267335276505,140.06147651861443,001
-3.2014794855554518e-15,0.7844134712010328,-11.085227272727272,1.9147727272727304,2.69683265618038e-15,0.6297799038336558,-8.829999999999998,0.3700000000000045,-3.500230408545493e-15,0.6808771915698156,-10.9375,0.0624999999999964,-1.4210854715202005e-15,0.846306198312204,-11.408522727272729,2.1914772727272727,-2.90676573720041e-16,0.9446490231083204,-12.421363636363637,3.3786363636363674,-1.5502750598402185e-15,104.5659149585216,-154.40095050639815,199.56721870526812,007
-1.808654236480255e-15,7.825134725426415,-18.67727272727273,3.5227272727272734,-3.6173084729605105e-15,7.917454795842845,-18.550681818181825,6.449318181818178,0.0,7.941159434962101,-18.91931818181818,5.180681818181821,-1.5502750598402185e-15,8.754468598471997,-20.567386363636366,8.032613636363635,2.5837917664003644e-15,8.359139354251827,-19.87272727272727,6.127272727272732,-1.0335167065601458e-14,57.31468575101429,-74.71635162356907,92.73572062357012,007
-1.162706294880164e-15,5.3751963254554775,-20.54090909090909,1.65909090909091,3.2297397080004557e-15,5.138253147023079,-19.660227272727276,4.639772727272732,-2.0670334131202917e-15,5.380022734905418,-20.59090909090909,5.009090909090912,-1.4210854715202005e-15,5.496468231194367,-20.977727272727275,2.0222727272727283,3.100550119680437e-15,5.788302449590371,-22.079545454545453,2.520454545454548,-2.5837917664003644e-15,19.982194462578008,-73.90243838096119,15.191925804086722,012
-5.167583532800728e-16,10.281070459885797,-15.51875,7.2812500000000036,-1.5502750598402185e-15,7.335754505381375,-11.073863636363637,5.026136363636365,2.5837917664003644e-15,10.206534807482065,-15.406704545454543,7.193295454545458,0.0,10.154638743772669,-15.327272727272728,7.072727272727274,1.5502750598402185e-15,10.639083820773976,-16.060000000000002,7.440000000000005,-6.45947941600091e-17,1.6597734977439442,-1.152670632448558,2.505664889461748,015
-2.0670334131202917e-15,49.40729432158526,-83.20795454545454,29.892045454545453,2.0670334131202917e-15,9.887047102812,-16.636363636363637,6.363636363636367,1.0335167065601457e-15,10.990837609738229,-18.475,7.525000000000002,5.167583532800729e-15,10.029985969251824,-16.892045454545453,6.10795454545455,5.167583532800728e-16,12.328252872651724,-20.71875,8.981250000000003,-6.201100239360874e-15,52.94627153063313,-76.40650745274581,74.78043890621959,006
5.167583532800728e-16,11.36731067870126,-15.654545454545454,13.045454545454549,-1.0335167065601457e-15,16.000152076692043,-22.1625,14.637500000000005,1.0335167065601457e-15,14.972879530536217,-20.446136363636363,15.053863636363635,6.201100239360874e-15,24.931536021234216,-34.07840909090909,26.02159090909091,-1.0335167065601457e-15,17.18795822830191,-21.956818181818186,22.04318181818181,-2.0670334131202917e-15,27.212105642373785,-44.80057072415535,54.98976958039474,001
-1.291895883200182e-16,1.1511253701350683,-16.476136363636364,2.023863636363636,-2.2648549702353188e-15,0.7892083905921136,-10.772159090909092,1.327840909090913,-5.167583532800728e-16,1.8109563246852067,-14.020909090909091,3.3790909090909125,4.909204356160692e-15,3.7870175687624807,-27.35454545454545,5.445454545454545,-6.717858592640947e-15,3.0756070085552847,-49.34772727272729,0.7522727272727252,-2.0670334131202915e-14,89.51036658774487,-99.92831570359004,259.315075927846,007
-2.583791766400364e-16,4.575071777199668,-16.18977272727273,8.410227272727273,5.167583532800729e-15,5.33010138479661,-17.411022727272723,10.688977272727271,1.6794646481602368e-15,3.449611608273297,-13.704545454545451,8.995454545454542,4.392446002880619e-15,9.521473881497185,-30.08181818181818,21.218181818181822,-2.0670334131202917e-15,8.350709126987583,-17.68159090909091,21.6184090909091,-5.167583532800728e-16,81.9783104407808,-99.20653212117406,153.4386346839675,001
-2.5837917664003644e-15,1.3927033463928058,-22.372159090909093,0.1278409090909065,2.244669097060317e-15,0.7150356775326868,-11.30284090909091,0.1971590909090927,3.916059395950552e-16,0.7118097279772001,-11.102954545454548,0.3970454545454558,-4.2551820652906e-15,0.8355462826154882,-13.421022727272726,0.0789772727272684,7.501070471831058e-15,1.7628792562767155,-28.06602272727273,0.433977272727283,1.8671932686877636e-16,0.0586556058255033,-0.0347049651748418,0.9186968059228516,007
1.0335167065601457e-15,14.737452289999109,-23.7,9.3,-3.6173084729605105e-15,12.40618056947077,-19.95136363636364,8.148636363636363,3.100550119680437e-15,11.846953438425036,-19.053522727272725,7.946477272727272,-2.5837917664003644e-15,15.09070077724514,-24.254772727272726,11.245227272727274,3.100550119680437e-15,18.75675745999887,-30.163636363636364,11.836363636363645,2.583791766400364e-16,3.775877800480381,-6.072219083476133,2.4230261449285866,015
-4.392446002880619e-15,3.602177226652064,-24.903522727272733,8.596477272727277,-5.684341886080802e-15,1.4861527468893572,-17.657386363636363,3.04261363636364,-4.408594701420622e-15,1.686148107857739,-17.37011363636364,3.829886363636348,3.520416281720497e-15,1.3955012531049034,-14.047159090909089,2.852840909090915,-8.397323240801184e-16,1.6663672940494505,-20.438636363636363,2.0613636363636445,1.1465575963401616e-15,1.0624292563480195,-4.649300536274454,3.134331110577776,008
1.0335167065601457e-15,10.811240419515904,-13.513522727272727,9.086477272727278,1.0335167065601457e-15,9.653765697838349,-12.068181818181818,7.931818181818182,0.0,10.74896381706143,-13.436363636363636,8.963636363636367,2.0670334131202917e-15,12.549844371545014,-15.6875,10.912500000000003,1.0335167065601457e-15,11.027076777750157,-13.78068181818182,9.81931818181819,-1.2402200478721748e-14,62.61577331975555,-73.15869423778153,99.83960946622406,006
-1.0335167065601457e-15,11.026783265012227,-11.210909090909093,15.789090909090906,2.0670334131202917e-15,15.869887704196325,-15.702272727272728,24.89772727272728,0.0,24.53908638745315,-22.220795454545456,43.47920454545455,-4.134066826240583e-15,20.54348154746194,-18.045,37.255,0.0,16.676743561425084,-16.345568181818184,27.05443181818181,0.0,83.98794956288158,-222.66342088412128,95.56535994066982,005
-1.0335167065601457e-15,9.59480101990501,-16.254545454545454,5.845454545454544,1.5502750598402185e-15,8.284046639113535,-14.034090909090908,4.965909090909092,-2.0670334131202917e-15,9.594114541355268,-16.25340909090909,5.8465909090909065,-2.5837917664003644e-15,9.598585830649588,-16.260227272727274,6.639772727272728,0.0,10.400642897226104,-17.56477272727273,7.6352272727272705,4.134066826240583e-15,29.053672891343915,-48.74109512214002,27.06465892043871,006
-3.6173084729605105e-15,9.779885750317138,-17.177272727272733,5.822727272727271,1.0335167065601457e-15,6.854105269052716,-12.039772727272728,4.060227272727275,1.0335167065601457e-15,9.737106263058816,-17.103409090909093,5.896590909090911,-5.167583532800728e-16,9.678066748137512,-16.998863636363637,6.001136363636366,-3.100550119680437e-15,10.152565119830392,-17.831818181818186,6.168181818181814,1.291895883200182e-16,1.6387302053961224,-0.9814727965286792,2.878543869267677,015
-5.45018575725077e-16,1.4431420717504562,-14.800227272727271,4.899772727272733,1.84095163356026e-15,1.262252164529538,-16.218863636363636,2.1811363636363623,-1.2434497875801752e-15,1.0491845453623847,-13.92375,1.7762499999999974,-1.6956133467002392e-16,0.7152578206493102,-10.1125,0.8875000000000028,3.11669881822044e-15,0.8747633608582372,-12.05625,0.4437500000000014,0.0,66.35339597221763,-119.14218255726117,100.91314486083888,008
-7.266914343001025e-17,1.0382212655198726,-15.35238636363636,1.0476136363636428,-6.4191076696509055e-16,0.9745527621736714,-12.358068181818185,1.1419318181818203,-1.7884683633052522e-15,1.030021237645127,-15.292499999999997,0.1074999999999981,-3.5769367266105044e-15,1.1643257679024603,-15.519772727272729,3.28022727272727,1.5845910442377237e-15,1.2699867765873043,-17.235795454545453,2.264204545454543,1.5502750598402185e-15,58.82088423702334,-114.7344182393198,133.3373994450874,009
-4.134066826240583e-15,16.02451856524663,-16.670454545454547,17.029545454545456,4.134066826240583e-15,28.01245570063727,-29.14727272727273,31.25272727272728,0.0,25.70124934155813,-26.744318181818183,27.15568181818181,0.0,14.037083661392852,-14.59431818181818,15.605681818181822,1.0335167065601457e-15,12.051274440938869,-12.528409090909092,13.471590909090912,-4.134066826240583e-15,46.18888845197354,-30.576318548972317,125.5008225914345,007
-3.100550119680437e-15,10.393602945069246,-19.34204545454546,12.157954545454547,5.167583532800729e-15,21.25431090813701,-35.30795454545454,23.09204545454545,-5.167583532800728e-16,14.964938506526924,-26.478636363636365,16.021363636363642,-1.0335167065601457e-15,23.73026315076479,-41.4125,22.687499999999996,0.0,12.96464808424614,-23.210227272727277,16.089772727272724,5.167583532800728e-16,73.18903981579297,-138.74371851491333,193.8909401528521,002
-3.358929296320473e-15,7.512178473200907,-18.96136363636364,3.138636363636362,2.0670334131202917e-15,6.366776806267551,-15.785909090909088,6.11409090909091,-1.2918958832001822e-15,7.508903031850626,-18.95340909090909,3.146590909090907,-1.5502750598402185e-15,7.9611748219376866,-19.78,8.919999999999998,-1.0335167065601457e-15,8.471220649185694,-21.14659090909091,8.65340909090909,7.751375299201094e-16,32.73016811845304,-79.16289802226841,82.98358504195944,009
-5.167583532800728e-16,9.452793843834156,-17.128522727272728,7.071477272727268,7.751375299201094e-16,8.317710043129074,-14.957954545454545,7.64204545454546,1.5502750598402185e-15,9.389311596831616,-17.005681818181817,6.994318181818183,3.100550119680437e-15,10.609772391351331,-18.97659090909091,10.623409090909083,-1.5502750598402185e-15,10.193458057851098,-18.36443181818182,9.535568181818183,-4.134066826240583e-15,60.45778480126162,-106.41979535147632,96.16776776647028,006
-1.6148698540002276e-15,2.3511419960168047,-16.016704545454548,3.983295454545452,-4.134066826240583e-15,7.505173694176043,-35.77295454545455,15.427045454545464,-6.459479416000911e-16,7.5653169220935395,-24.743068181818185,9.956931818181827,-9.043271182401274e-16,3.2315077526399176,-14.795909090909092,4.104090909090914,-7.953234030951122e-16,4.267255864259105,-13.67034090909091,6.829659090909097,5.167583532800729e-15,64.08204882899956,-113.57855336716334,177.39691697443493,010
-1.0335167065601457e-15,9.401913750920716,-16.61704545454545,5.582954545454548,3.100550119680437e-15,9.020207728706048,-15.92840909090909,8.371590909090914,-5.167583532800728e-16,9.452866710664376,-16.688636363636363,8.911363636363639,-2.5837917664003644e-15,9.58701846711703,-16.93795454545455,6.062045454545455,-4.650825179520656e-15,10.036064654534666,-17.712500000000006,6.887499999999996,-4.134066826240583e-15,33.95598935443408,-59.4219497134696,29.672414471578307,012
4.453003622405628e-15,0.7127112471383632,-11.426704545454545,0.0732954545454589,-1.816728585750256e-15,0.5160492400748383,-8.225000000000001,0.4749999999999978,3.924133745220553e-15,0.711526765713312,-11.42215909090909,0.0778409090909129,2.842170943040401e-15,0.711256663101152,-11.413068181818184,0.0869318181818208,-4.4772266702156306e-15,0.6837825868162023,-10.95568181818182,0.2443181818181798,-1.049665405100148e-16,0.3131466638140208,-0.0581506585869853,5.017109490681886,013
-4.134066826240583e-15,8.492504229393141,-19.00806818181819,3.991931818181815,1.2918958832001822e-15,6.016858547187185,-13.46363636363636,3.13636363636364,2.325412589760328e-15,8.433495789983503,-18.881818181818183,4.118181818181821,5.167583532800728e-16,8.408642973327657,-18.82227272727273,4.1777272727272745,-3.358929296320473e-15,8.16570793973338,-18.279545454545456,3.920454545454543,-5.167583532800728e-16,3.7247548782256494,-1.7322682271188992,8.338037980100472,013
2.4868995751603505e-15,1.4299673056931197,-15.036931818181817,3.6630681818181854,1.98628992042028e-15,1.2153643639625455,-15.78409090909091,2.21590909090909,-2.018587317500285e-17,1.0539451661368069,-13.766363636363636,1.8336363636363624,-1.7763568394002506e-16,0.7130460427566441,-10.1125,0.8875000000000028,1.937843824800273e-15,0.8802573390517935,-11.96875,0.53125,1.0335167065601457e-15,65.55710443374534,-121.21978677145025,98.8355406466498,008
1.162706294880164e-15,1.0207762640763414,-16.391477272727272,0.108522727272728,1.574498107650222e-15,0.9023574496518262,-13.556818181818182,1.1431818181818123,1.5300891866652157e-15,0.8403287232505111,-13.41147727272727,0.3885227272727256,-1.6148698540002275e-16,1.4095643632750054,-14.136818181818184,3.463181818181816,5.0949143893707176e-15,1.2998564566332858,-20.88068181818182,0.1193181818181869,-1.125362429506409e-15,0.2622208230375171,-4.214925605664094,0.0473074323141009,013
1.0335167065601457e-15,12.053083465351396,-16.5625,13.4375,0.0,11.92332235197434,-16.185000000000002,21.915,2.0670334131202917e-15,19.9832928926819,-23.697727272727278,39.602272727272734,4.134066826240583e-15,15.343322773083027,-18.29090909090909,32.70909090909091,0.0,13.806156624629525,-18.022727272727277,23.87727272727273,0.0,91.31941470220444,-264.4562066909026,88.64278554555028,004
2.0670334131202917e-15,13.721591246000372,-10.828636363636363,20.87136363636364,-2.0670334131202917e-15,24.888907360399024,-19.083295454545457,43.91670454545454,-2.0670334131202917e-15,18.433277691346188,-14.29909090909091,30.000909090909087,0.0,29.13496701995958,-22.496136363636364,47.00386363636363,0.0,16.00213559966294,-12.5625,28.137500000000003,6.201100239360874e-15,43.46642158323302,-147.00004750472107,124.57621780933806,002
-2.0670334131202917e-15,10.355140594178652,-15.017045454545457,9.082954545454546,1.0335167065601457e-15,8.813146333486955,-12.7875,6.2125,-2.0670334131202917e-15,10.234622611508447,-14.85,7.149999999999997,-2.5837917664003644e-15,10.49209206344324,-15.213636363636368,9.386363636363637,1.5502750598402185e-15,11.635850352670923,-16.879545454545454,9.820454545454549,2.0670334131202917e-15,36.14856702861251,-52.24911581758616,31.089887315372607,012
4.134066826240583e-15,7.442579087324125,-20.17727272727273,2.8227272727272776,-1.937843824800273e-15,5.502537313866745,-14.918863636363636,2.1811363636363623,4.134066826240583e-15,7.442579087324125,-20.17727272727273,2.8227272727272776,4.134066826240583e-15,7.442579087324125,-20.17727272727273,2.8227272727272776,-2.583791766400364e-16,7.766169482425173,-21.05454545454545,2.9454545454545453,0.0,8.85316016999815,-3.413989206027523,24.001468333187248,013
3.8756876496005453e-16,1.3539282026739343,-19.93238636363636,2.2676136363636417,2.793724847420394e-15,1.1006735353432275,-15.53363636363636,2.3663636363636407,-4.2309590174805966e-15,1.242445352740092,-17.075000000000003,0.92499999999999,-2.5191969722403556e-15,1.8101977220380916,-15.959659090909092,2.040340909090908,-1.1578616853181632e-14,3.1843145320863315,-50.93022727272728,0.6697727272727008,-8.268133652481165e-15,114.26495366831912,-163.52594732028766,192.0923403413556,007
-3.500230408545493e-15,0.6808771915698156,-10.9375,0.0624999999999964,-1.4533828686002052e-16,1.1262990433823366,-9.56568181818182,3.734318181818182,-3.500230408545493e-15,0.6808771915698156,-10.9375,0.0624999999999964,-2.0952936355652957e-15,0.7384020607404781,-10.98181818181818,3.018181818181816,-3.140921866030443e-15,0.9962060260212195,-12.110909090909091,2.689090909090904,-2.583791766400364e-16,90.63126717013016,-130.28292432720605,160.76187390760316,008
3.100550119680437e-15,12.087600332790151,-13.742613636363636,79.05738636363637,2.390007383920337e-15,5.026572386694305,-18.34863636363636,6.4513636363636415,-7.751375299201094e-16,4.764827985445898,-19.069204545454543,6.130795454545456,5.81353147440082e-16,3.663031994970516,-16.467613636363637,6.532386363636363,-6.459479416000911e-16,3.597187360782641,-16.008522727272727,9.191477272727273,-1.937843824800273e-15,75.05281533350852,-99.9488607981643,139.49077474480185,002
5.167583532800728e-16,10.68772490882677,-3.643977272727272,41.45602272727273,-2.0670334131202917e-15,32.1079585913995,-10.882954545454549,98.11704545454548,0.0,15.969974183235964,-5.411363636363636,53.088636363636354,-1.0335167065601457e-15,15.74957994815698,-5.352045454545456,60.24795454545456,5.167583532800728e-16,10.480470560594483,-3.555681818181818,33.34431818181819,-6.45947941600091e-17,18.93128242323564,-136.5478701357542,111.1526708974082,013
1.5502750598402185e-15,29.820328775257718,-31.69090909090909,57.40909090909092,2.583791766400364e-16,8.066133286671322,-15.27272727272727,8.727272727272727,2.2285203985203144e-15,6.732225046786425,-14.330681818181816,6.56931818181819,-7.751375299201094e-16,4.751322776887009,-12.249772727272727,8.550227272727273,-2.099330810200296e-15,2.9188401179745216,-10.137954545454546,5.562045454545451,1.0335167065601457e-15,78.28205164190595,-93.93986760738083,115.24702339488276,000
1.8974720784502675e-14,2.986837861890589,-47.98636363636364,0.5136363636363797,2.244669097060317e-15,3.001867047723924,-48.22102272727274,0.3789772727272833,1.057739754370149e-14,3.0026980270470487,-48.23011363636364,0.3698863636363825,1.4372341700602026e-15,2.973653030372124,-47.75113636363636,0.4488636363636544,1.482450525972209e-14,3.003148517830018,-48.23465909090909,0.4653409090909264,2.0670334131202917e-15,107.76936746584286,-186.28999544788888,162.93637505127495,009
4.392446002880619e-15,5.473431319859888,-21.536363636363635,1.4636363636363685,-1.4210854715202005e-15,4.047164953794585,-15.923863636363636,1.176136363636363,4.392446002880619e-15,5.473431319859888,-21.536363636363635,1.4636363636363685,4.392446002880619e-15,5.473431319859888,-21.536363636363635,1.4636363636363685,-1.291895883200182e-16,5.711406594636404,-22.472727272727276,1.5272727272727271,3.875687649600546e-15,6.50234416288534,-1.8230514364921504,25.583238778000545,013
6.201100239360874e-15,27.1561830202029,-35.04352272727272,26.95647727272729,4.134066826240583e-15,54.29028264293617,-70.36193181818182,42.63806818181817,-2.0670334131202917e-15,16.23946070176893,-19.40545454545455,23.294545454545453,-4.134066826240583e-15,26.549044276856048,-29.156590909090912,83.04340909090911,0.0,18.16723149964161,-22.782954545454544,23.01704545454546,2.0670334131202917e-15,26.805728698891595,-33.50062677103766,42.112040494581954,011
2.955211832820417e-15,1.9035627176808827,-10.274659090909088,4.225340909090907,-2.0105129682302835e-15,0.9606190970341884,-13.818636363636363,0.9813636363636392,-6.338364176950895e-16,0.8566270509633405,-13.03193181818182,0.8680681818181775,-8.114721016351146e-16,0.7571864719511212,-10.244318181818183,0.7556818181818201,-3.0157694523454253e-15,0.6833322204855545,-10.95340909090909,0.2465909090909086,3.8756876496005453e-16,38.30367223277868,-138.24558119476572,109.4807429391774,007
-2.0670334131202917e-15,8.812784196226307,-17.477272727272727,4.622727272727271,1.0335167065601457e-15,8.135161589088352,-16.105681818181818,5.8943181818181785,-3.6173084729605105e-15,8.819088226611655,-17.493181818181817,5.506818181818186,-5.167583532800728e-16,9.397628162608088,-18.60409090909091,6.5959090909090925,7.751375299201094e-16,9.231667826424326,-18.235227272727272,6.764772727272728,-4.134066826240583e-15,70.69780714573486,-102.1383578099468,135.5904257567587,007
-2.0670334131202917e-15,22.577410077688626,-28.477954545454548,26.52204545454545,4.134066826240583e-15,26.523764546983177,-32.40227272727273,31.397727272727263,1.0335167065601458e-14,30.162557497556275,-37.024545454545446,33.275454545454565,1.0335167065601457e-15,13.894631965943114,-17.28840909090909,16.211590909090916,2.0670334131202917e-15,27.188570941907187,-32.78897727272727,34.11102272727273,-4.134066826240583e-15,57.86244074139173,-64.64522699822653,73.80028391261978,005
0.0,10.423758472953956,-17.620454545454546,14.979545454545462,3.100550119680437e-15,12.9197285271154,-20.727613636363635,20.07238636363637,2.0670334131202917e-15,12.463406384639702,-20.223863636363635,20.17613636363637,0.0,9.607299061023024,-15.970454545454546,12.62954545454546,6.201100239360874e-15,11.740254510929692,-19.60613636363636,16.49386363636365,0.0,62.12086438367362,-190.159120840451,84.60278981453543,005
-2.5837917664003644e-15,1.3927033463928058,-22.372159090909093,0.1278409090909065,6.217248937900876e-16,0.7190709308654487,-11.381704545454546,0.2182954545454549,1.4614572178702061e-15,0.7103339828926014,-11.180795454545454,0.4192045454545479,-2.7816133235153922e-15,0.8324266201869488,-13.319886363636362,0.1801136363636324,1.2967404927621828e-14,1.761964322059544,-28.303977272727277,0.1960227272727408,-1.4887081466564598e-16,0.0593379231908018,-0.0432934723061724,0.9221404124892684,009
3.100550119680437e-15,12.087600332790151,-13.742613636363636,79.05738636363637,2.390007383920337e-15,5.026572386694305,-18.34863636363636,6.4513636363636415,-7.751375299201094e-16,4.764827985445898,-19.069204545454543,6.130795454545456,5.81353147440082e-16,3.663031994970516,-16.467613636363637,6.532386363636363,-6.459479416000911e-16,3.597187360782641,-16.008522727272727,9.191477272727273,-1.937843824800273e-15,75.05281533350852,-99.9488607981643,139.49077474480185,002
-3.8756876496005453e-16,4.5844332350095724,-1.075568181818182,23.024431818181824,0.0,4.589594208641978,-1.075,20.925,0.0,4.589594208641978,-1.075,20.925,3.8756876496005453e-16,4.229547622245549,-0.9920454545454546,20.107954545454543,-3.8756876496005453e-16,4.6526859244938805,-1.0897727272727271,21.810227272727275,1.9378438248002726e-16,2.783640570705124,-20.92265487969241,32.42601838273366,008
1.5825724569202229e-15,2.980528093200852,-15.992613636363636,4.807386363636368,-1.6794646481602368e-15,5.890990279848773,-21.3975,7.902500000000003,-5.038393944480711e-15,5.6722225154222246,-21.970909090909096,9.329090909090908,6.911642975120975e-15,6.683056547852752,-24.68170454545454,8.218295454545462,-3.1570705645704453e-15,1.64375885363546,-11.027386363636367,4.972613636363633,-1.5502750598402185e-15,49.71110632291191,-71.55684032007204,154.27676646192245,010
-4.457040797040629e-15,3.2714260670840023,-10.341818181818184,6.758181818181818,-6.459479416000911e-16,6.818122389892523,-12.823409090909095,8.076590909090907,2.454602178080346e-15,5.897967939344284,-11.981931818181812,8.518068181818183,4.004877237920565e-15,6.805975542584644,-12.82193181818181,7.878068181818193,-2.583791766400364e-16,1.6935434292013032,-11.25125,4.848749999999999,2.0670334131202917e-15,58.0642122504556,-84.4674148625792,123.53459941935384,010
1.0335167065601457e-15,12.12824436816924,-10.628522727272728,17.571477272727275,-2.0670334131202917e-15,15.5000474805991,-13.310909090909094,31.38909090909091,-2.0670334131202917e-15,13.515882721590984,-11.647727272727275,24.952272727272728,1.0335167065601457e-15,17.659910914256717,-14.991022727272725,33.30897727272728,-2.0670334131202917e-15,12.084614080267864,-10.571590909090911,19.12840909090909,-2.583791766400364e-16,33.84731727528892,-79.22910720202624,111.42088025436976,000
0.0,0.0,0.0,0.0,0.0,0.0,0.0,0.0,0.0,0.0,0.0,0.0,0.0,0.0,0.0,0.0,0.0,0.0,0.0,0.0,0.0,0.0,0.0,0.0,011
2.0670334131202917e-15,5.196356797501703,-13.118181818181816,22.38181818181819,2.325412589760328e-15,3.409297113081902,-54.68738636363636,0.6126136363636476,-7.94515968168112e-15,3.409332832325153,-54.80795454545455,0.5920454545454561,-5.006096547400707e-16,3.4003880961657096,-54.6375,0.3624999999999971,-2.583791766400364e-16,4.780721654219577,-26.71568181818182,15.084318181818183,-1.5502750598402185e-15,19.87032462411828,-38.42821290840716,46.20109117918635,012
4.989947848860704e-15,0.7117445157370854,-11.43125,0.0687500000000049,-2.2365947477903157e-15,0.495183412050775,-7.954545454545455,0.0454545454545431,2.890617038660408e-15,0.7115293065144443,-11.421022727272728,0.0789772727272755,2.749315926435388e-15,0.7111506270541457,-11.405113636363636,0.0948863636363661,3.714200664200524e-16,0.7426142884465383,-11.926136363636362,0.0738636363636366,4.809284283944428e-16,0.1219438442870723,-0.0391877088333361,1.9426733045241849,015
-1.0335167065601457e-15,10.342268679354174,-14.623863636363636,7.576136363636364,0.0,9.075723453165985,-12.822727272727272,7.377272727272727,-2.0670334131202917e-15,10.327670784482072,-14.603409090909093,7.496590909090907,0.0,10.918836118366835,-15.432954545454548,9.46704545454545,2.0670334131202917e-15,9.82833243960482,-13.857954545454543,8.842045454545458,-9.043271182401274e-16,61.894551043004114,-170.97473461860477,124.21197551720532,008
-2.075107762390293e-15,0.9058282076285424,-11.056590909090907,5.343409090909091,2.365784336110333e-15,4.096475996055676,-9.560568181818178,11.839431818181826,-4.844609562000683e-16,2.253785784312754,-12.267045454545451,6.732954545454547,-2.9390631342804144e-15,2.770142983450554,-12.51818181818182,10.781818181818185,8.074349270001139e-17,3.761616168397184,-11.072727272727274,11.42727272727273,-6.201100239360874e-15,158.6227613019426,-165.20187882111196,192.670997764371,004
-9.285501660501309e-16,1.0259624588366518,-8.423181818181817,2.876818181818184,1.7279107437802437e-15,1.0587845830897005,-12.645454545454545,2.4545454545454604,-6.136505445200865e-16,1.2116860339782816,-12.366477272727272,3.433522727272724,7.105427357601002e-16,1.254256260928568,-11.55056818181818,5.049431818181816,-1.4776059164102085e-15,0.7012438771259338,-10.994545454545454,0.5054545454545476,-4.134066826240583e-15,84.50074567540108,-157.34586632752453,155.03702611354672,008
3.520416281720497e-15,1.3543897866621983,-11.963181818181816,2.0368181818181803,7.751375299201094e-16,12.5245385254844,-30.948295454545452,30.651704545454532,-2.0670334131202917e-15,6.824398362971562,-26.08227272727273,8.917727272727284,1.162706294880164e-15,3.602951040237309,-15.122727272727271,6.477272727272734,-5.167583532800728e-16,5.684952003947797,-10.801590909090912,12.998409090909083,3.100550119680437e-15,86.53643719231117,-164.57303550395,112.21084321005289,000
2.5999404649403666e-15,1.3417220907866716,-21.45738636363636,0.2426136363636359,8.744520259411233e-15,1.3834517435589135,-22.191477272727266,0.308522727272738,4.844609562000683e-16,1.7040452864658395,-27.35965909090909,0.2403409090909107,-3.681903267120519e-15,0.8359634587959858,-13.42556818181818,0.1744318181818158,6.007315856880847e-15,1.703433561592682,-26.559318181818178,0.5406818181818309,-2.0791449370252927e-16,0.0503171514008349,-0.8008751973266355,0.0350702257692332,008
4.279405113100604e-15,0.7132535072463182,-11.402840909090909,0.0971590909090949,-2.2365947477903157e-15,0.495183412050775,-7.954545454545455,0.0454545454545431,2.434416304905343e-15,0.7152477464787816,-11.465454545454543,0.1345454545454565,5.611672742650791e-16,0.7116489044628264,-11.30886363636364,0.1911363636363638,-6.055761952500852e-17,0.7413681999190681,-11.89431818181818,0.1056818181818179,2.709953473744132e-16,0.120817733409222,-0.0509685024073052,1.9217251862281168,015
2.155851255090304e-15,1.920882735347098,-30.09375,1.9062500000000144,-1.7763568394002505e-15,3.435554812144912,-55.18579545454545,0.4142045454545666,8.736445910141231e-15,1.1524922464377685,-17.971590909090907,1.0284090909090935,1.4065516428341984e-14,3.425037655505735,-55.05511363636361,0.4448863636363853,-2.777576148880392e-15,1.8091685684564895,-27.0,1.5,-1.5502750598402185e-15,104.01413777964096,-140.45040808301013,212.02692494572597,009
0.0,9.226909698831596,-12.136477272727271,10.063522727272726,1.5502750598402185e-15,10.834808054887748,-14.31693181818182,8.583068181818186,4.134066826240583e-15,13.115270181426618,-17.1025,20.1975,5.167583532800728e-16,9.467768168417996,-12.405,14.394999999999998,5.167583532800728e-16,10.913598296453054,-14.423295454545457,8.576704545454549,3.100550119680437e-15,20.278343571546444,-26.59365375624416,22.527736893706717,012
1.0335167065601457e-15,11.44044310234963,-11.04659090909091,12.95340909090909,-2.0670334131202917e-15,17.84879981843815,-16.336363636363636,25.66363636363637,-2.0670334131202917e-15,16.888772824591523,-15.715454545454548,24.28454545454545,1.0335167065601457e-15,17.374579871473937,-16.22875,24.77125000000001,0.0,11.426055614289057,-10.934090909090909,15.465909090909095,-1.3564906773601913e-15,41.02700090291142,-70.61957577505657,131.63567182171423,002
-4.360148605800615e-15,1.43232269250143,-17.1625,3.437500000000007,1.1142601992601572e-15,1.4710020057180206,-21.104090909090907,1.4959090909090875,-7.622185710881075e-15,2.119232934551659,-20.406704545454552,3.493295454545453,-3.500230408545493e-15,0.6808771915698156,-10.9375,0.0624999999999964,6.750155989720952e-15,1.7042069322938798,-24.054431818181808,2.3455681818181944,9.043271182401274e-16,2.698999161973345,-8.658098064256196,6.769363527436354,015
1.0335167065601457e-15,1.3037984082120198,-11.977727272727272,3.422272727272724,9.689219124001363e-16,9.359233766818884,-15.339659090909096,15.860340909090922,-4.392446002880619e-15,7.588910865872999,-12.345227272727278,12.454772727272733,9.172460770721294e-15,7.704751665750716,-19.604204545454536,14.895795454545464,2.276966494140321e-15,2.203139825429281,-11.708522727272726,6.391477272727279,-2.583791766400364e-16,83.21734509060002,-189.3611234538681,106.6477811179546,000
2.583791766400364e-16,3.841905248376124,-11.166250000000002,8.333750000000006,-7.751375299201094e-16,10.01007009430363,-16.084659090909092,10.51534090909091,7.751375299201094e-16,7.861969226030698,-13.334659090909092,10.065340909090908,1.4856802656802094e-15,8.390334351930804,-14.19590909090909,10.60409090909092,6.782453386800958e-16,5.9124144226592055,-12.032386363636366,6.767613636363645,-7.751375299201094e-16,8.005100717648173,-12.374485930404546,74.31116368391324,005
4.134066826240583e-15,10.121104157514242,-16.138295454545453,6.86170454545455,-5.167583532800728e-16,7.171822733609222,-11.436363636363636,4.563636363636363,-1.0335167065601457e-15,10.039415450632202,-16.008977272727275,6.791022727272729,1.0335167065601457e-15,10.002884811165956,-15.95,6.750000000000004,4.650825179520656e-15,10.475679143253515,-16.703181818181818,6.996818181818185,1.9378438248002726e-16,1.6872737381308491,-1.1064837232769786,2.6905075850549887,015
1.5502750598402185e-15,14.562417097536525,-8.908068181818182,25.291931818181816,-5.167583532800728e-16,10.553558834847063,-6.4556818181818185,17.644318181818182,-1.0335167065601457e-15,10.613851601379949,-6.492045454545455,18.307954545454542,1.0335167065601457e-15,10.855257837899234,-6.630000000000001,22.97,0.0,18.118309965108104,-11.084090909090907,32.71590909090908,0.0,63.06870652186694,-38.213894138608055,131.21602841732297,013
2.9390631342804144e-15,1.9947019185336068,-14.402272727272726,5.997727272727278,2.5030482737003533e-16,1.150774981415238,-14.231818181818182,2.168181818181818,-2.5837917664003644e-15,0.7347293522613481,-10.985227272727272,2.514772727272728,-1.7279107437802437e-15,1.0666636939309475,-11.223863636363635,3.476136363636364,-2.163925604360305e-15,1.7832808091309893,-16.56068181818182,5.43931818181818,4.134066826240583e-15,25.7726727930944,-50.41104116727033,42.79830590240714,009
-1.1667434695151646e-15,0.7151286871998624,-11.395227272727276,0.2047727272727257,2.260817795600318e-16,0.5169766562619966,-8.161022727272726,0.4389772727272749,2.8300594191353988e-15,0.7218311965708989,-11.290795454545451,0.3092045454545484,3.290297327525464e-15,0.7020569597191406,-11.15965909090909,0.4403409090909136,-2.2083345253453117e-15,0.6823503604914483,-10.946590909090908,0.2534090909090913,2.846208117675401e-16,0.3103352658721672,-0.065405085579437,4.984071962908551,013
-1.5502750598402185e-15,10.09917229240771,-17.059090909090912,7.140909090909091,-1.0335167065601457e-15,9.17110243289817,-14.527272727272727,15.572727272727274,3.6173084729605105e-15,10.999494823110576,-18.15,15.350000000000009,-5.167583532800728e-16,12.078979396961104,-19.611477272727274,17.688522727272723,-5.167583532800728e-16,9.933539165955416,-16.277045454545455,13.022954545454546,4.134066826240583e-15,63.58257307997778,-47.28706757101638,107.07120018399824,004
2.0670334131202917e-15,18.39151128882797,-17.662386363636365,22.737613636363637,0.0,10.923369443537098,-10.5,11.499999999999996,0.0,10.925703402285396,-10.502272727272729,11.59772727272727,2.0670334131202917e-15,19.683069480483823,-18.91590909090909,23.284090909090917,4.134066826240583e-15,14.101247284800264,-13.540113636363635,16.859886363636363,4.134066826240583e-15,39.40281077049678,-37.78865137394598,46.29118618811695,006
5.81353147440082e-16,3.5305932999407887,-9.801363636363636,7.698636363636364,-1.291895883200182e-16,5.327686218633271,-17.319318181818183,13.780681818181826,0.0,5.613362083840444,-17.864545454545457,9.535454545454543,3.358929296320473e-15,6.145402686037239,-20.815909090909088,7.984090909090924,5.684341886080802e-15,5.750344110256677,-24.2375,6.762500000000003,4.134066826240583e-15,88.68586191092419,-125.11390289020612,216.870281078504,010
-2.842170943040401e-15,8.352514344062426,-18.43636363636364,7.363636363636367,1.5502750598402185e-15,12.713812799422536,-26.255681818181817,10.744318181818183,-2.5837917664003644e-15,13.641004527986247,-28.51738636363637,12.982613636363642,5.167583532800728e-16,14.64341600281181,-30.613636363636363,12.986363636363633,0.0,9.521466869831862,-20.819318181818183,9.180681818181816,-3.6173084729605105e-15,64.75204531787716,-127.2579304922378,183.34363616377183,010
-2.809873545960396e-15,1.2875749948069293,-11.089204545454551,3.410795454545447,6.071910651040856e-15,8.678608395672308,-15.975795454545452,12.824204545454542,3.8756876496005453e-16,7.103539449764426,-14.622613636363637,10.377386363636369,1.937843824800273e-15,7.328724407854411,-22.434090909090905,12.965909090909092,1.517977662760214e-15,2.081678907483966,-13.28125,5.818750000000001,-4.134066826240583e-15,90.45581471023851,-226.71444605269244,112.09956243555882,000
-4.134066826240583e-15,10.930690737551767,-11.3,10.699999999999996,0.0,10.742865496598004,-11.089886363636364,13.210113636363634,0.0,10.939227540075835,-11.310909090909089,11.789090909090916,1.0335167065601457e-15,11.709523213363452,-12.104545454545455,11.995454545454546,-3.100550119680437e-15,11.82901217032174,-12.22727272727273,11.77272727272727,-2.0670334131202917e-15,36.80003729193975,-37.89985727327365,53.10589411633066,012
-2.0670334131202917e-15,12.924037871618328,-10.417045454545455,16.58295454545454,0.0,14.335410974213008,-11.553863636363635,19.14613636363637,-1.0335167065601457e-15,19.73635522878888,-15.90568181818182,25.894318181818186,-2.0670334131202917e-15,12.138700829921069,-9.782840909090911,17.31715909090909,1.0335167065601457e-15,17.72245272322258,-14.286136363636365,23.313863636363635,0.0,59.54306252574299,-47.46900836559493,109.55924271472944,012
2.454602178080346e-15,2.4640690663283693,-19.9,5.599999999999994,-3.500230408545493e-15,0.6808771915698156,-10.9375,0.0624999999999964,3.4800445353704905e-15,1.7049414691487634,-14.338636363636365,2.561363636363634,4.263256414560601e-15,2.952213360642519,-30.703977272727272,5.696022727272727,7.848267490441106e-15,3.31164201230527,-53.196022727272734,0.403977272727289,-8.268133652481165e-15,78.30869990061832,-74.81151405354491,282.1297331570556,007
3.471970186100489e-16,0.923799974044952,-10.603750000000002,1.1962499999999956,-6.620966401400934e-16,1.0262865086971984,-12.127954545454546,2.37204545454545,5.7973827758608175e-15,3.2827964104901888,-52.71499999999999,0.3850000000000051,6.6128920521309315e-15,1.336324597450809,-17.479545454545452,3.020454545454541,-2.260817795600318e-16,1.9958740369791892,-9.905681818181815,4.894318181818186,1.653626730496233e-14,88.22345448765348,-213.89482465363216,91.71971735355886,007
2.0670334131202917e-15,11.3809962853118,-12.89090909090909,12.009090909090911,0.0,13.619277249910043,-15.409090909090908,15.190909090909091,0.0,23.493237949223666,-26.604545454545452,22.095454545454547,2.0670334131202917e-15,20.141527149377005,-22.815,18.785000000000007,2.0670334131202917e-15,15.75733369205097,-17.78409090909091,22.41590909090909,1.0335167065601457e-15,36.08094885488835,-51.21808086960186,68.26940251595569,012
1.0335167065601457e-15,10.81227182915034,-9.352272727272728,12.747727272727271,0.0,8.942366703641532,-7.730681818181818,11.269318181818182,0.0,10.809602212847611,-9.35,12.649999999999997,0.0,10.809602212847611,-9.35,12.649999999999997,1.0335167065601457e-15,9.710146496818131,-8.394318181818182,12.80568181818182,-4.134066826240583e-15,36.99295512754882,-31.875743856494385,55.31181678635811,006
3.851464601790543e-15,0.8046730445825101,-12.926136363636363,0.0738636363636402,-2.531308496145357e-15,0.6844174318896179,-10.984772727272729,0.2152272727272723,-1.8046170618452544e-15,0.6817916661510739,-10.943181818181817,0.1568181818181813,-1.9903270950552805e-15,0.6841067651439371,-10.954545454545451,0.3454545454545474,-2.947137483550416e-15,1.2609510176879457,-20.126590909090915,0.5734090909090881,-1.6835018227952374e-15,0.539190692301445,-0.0717362692156484,8.66587010652945,008
0.0,10.932491710493082,-11.225,10.774999999999997,1.0335167065601457e-15,11.478829192391498,-11.784090909090908,12.215909090909092,0.0,10.959901887342117,-11.252272727272729,11.547727272727276,0.0,11.436634262497522,-11.733863636363637,12.46613636363636,-1.0335167065601457e-15,10.075103651313508,-10.339772727272727,10.660227272727276,-5.167583532800728e-16,57.4320635387658,-151.6041514372857,137.8993903286217,008
-2.022624492135285e-15,0.6904794473784619,-10.693295454545453,1.1067045454545514,-1.8571003321002615e-16,0.7741982573167121,-8.444886363636364,1.455113636363638,-4.977836324955702e-15,0.6814156008445796,-10.939772727272729,0.2602272727272705,-2.3011895419503244e-15,0.7258400305852525,-11.0125,1.4875000000000045,4.037174635000569e-16,1.0080167744959851,-12.953977272727272,1.4460227272727266,2.0670334131202917e-15,69.01028468987523,-146.20132089912593,124.57394941733996,008
8.268133652481165e-15,3.1941868181487973,-29.262159090909083,7.337840909090914,1.9378438248002726e-16,1.3465569615974098,-13.096590909090908,2.103409090909089,1.2918958832001822e-15,1.546318571139342,-15.10488636363636,2.795113636363645,4.3278512087206105e-15,1.3708572263820784,-12.575681818181812,3.024318181818181,8.397323240801184e-16,1.317997121660973,-15.026704545454546,1.973295454545461,1.5502750598402185e-15,19.46519909164775,-69.3628332189181,35.61334808936101,012
-2.5837917664003644e-15,10.769978780088366,-13.05340909090909,10.546590909090911,0.0,14.287795952192472,-16.18568181818182,20.81431818181818,-4.134066826240583e-15,15.553968577830696,-17.520340909090912,23.37965909090909,0.0,16.52996998786104,-18.551136363636363,25.248863636363627,5.167583532800728e-16,11.20808550878386,-13.391022727272729,15.708977272727267,2.0670334131202917e-15,51.96928540836444,-110.61892750573531,152.8322233155734,010
2.583791766400364e-16,6.1252132700262605,-25.668181818181814,10.631818181818186,1.5502750598402185e-15,7.065775675660835,-28.340681818181817,8.459318181818187,1.162706294880164e-15,7.044374898948958,-28.980681818181814,9.019318181818182,2.583791766400364e-16,7.500643137025536,-30.87840909090909,8.121590909090909,3.746498061280528e-15,4.625465556197587,-21.940454545454543,8.059545454545457,3.8756876496005453e-16,46.76612630917291,-73.5000859313029,135.9480738255403,010
-1.808654236480255e-15,3.306537943061437,-15.160113636363638,7.039886363636366,-1.6084103745842268e-14,3.047219279659151,-48.66965909090911,0.930340909090873,3.649605870040515e-15,6.631978065242017,-15.488181818181816,9.31181818181819,-5.329070518200751e-16,5.894595490085434,-17.395909090909093,9.304090909090917,1.4937546149502106e-16,0.6802187300134838,-10.744545454545454,0.4554545454545433,3.100550119680437e-15,25.74352664342488,-56.29887657247774,29.77313524325507,011
-2.422304781000341e-16,0.7141856600526181,-11.305454545454548,0.4945454545454559,-1.2757471846601798e-15,2.380693585889772,-12.380568181818182,7.619431818181816,-1.744059442320246e-15,3.2742070340714275,-14.187840909090912,7.512159090909094,1.1950036919601685e-15,1.7876302472341556,-12.259090909090908,5.740909090909092,7.751375299201094e-16,2.7034934713989407,-12.05306818181818,5.046931818181822,-1.1368683772161604e-14,74.61725936393115,-325.4557917867345,30.90333030401274,004
3.100550119680437e-15,10.811063118112004,-14.102272727272728,13.897727272727275,-5.167583532800728e-16,11.579645541096587,-15.460227272727272,14.839772727272727,2.0670334131202917e-15,20.24971816455236,-24.152272727272727,31.14772727272728,-1.0335167065601457e-15,10.33607972895058,-13.326136363636364,16.573863636363633,2.0670334131202917e-15,11.96055716452835,-15.863636363636363,16.236363636363645,-4.134066826240583e-15,70.52667986181865,-188.2612762746887,164.6818714414889,003
4.501449718025635e-15,0.7118261548229898,-11.43465909090909,0.0653409090909136,7.606037012341073e-15,1.2739633557190235,-20.47556818181818,0.1244318181818258,-1.937843824800273e-15,0.9640745613354034,-15.467613636363645,0.3323863636363633,-3.851464601790543e-15,1.362188151437735,-21.878409090909088,0.2215909090909065,2.305226716585325e-15,0.8925029154176055,-14.166022727272724,0.5339772727272774,-2.1548419614315536e-16,0.0744629494758246,-1.1716518126774755,0.0332784304826465,008
1.5502750598402185e-15,5.427838210033302,-20.927045454545453,1.8729545454545509,-1.5502750598402185e-15,3.8735381140065153,-14.945454545454544,1.054545454545453,1.937843824800273e-15,5.387916201973029,-20.78397727272727,1.8160227272727312,-1.4210854715202005e-15,5.360083665468893,-20.68409090909091,1.9159090909090928,-2.583791766400364e-16,5.616158432344132,-21.659090909090917,1.8409090909090933,-1.291895883200182e-16,0.8753550667738766,-0.2690277750848548,3.376129717537444,015
1.0335167065601457e-15,8.453051477850474,-22.50340909090909,11.196590909090911,-6.201100239360874e-15,15.036165784379714,-41.16943181818183,21.430568181818188,5.167583532800728e-16,14.402684584163069,-33.53670454545455,23.06329545454546,2.5837917664003644e-15,9.225106213973415,-22.4775,13.62250000000001,-3.358929296320473e-15,10.413513230393804,-23.671136363636368,23.22886363636364,-9.301650359041311e-15,48.2566375521025,-142.50889373731704,32.550339155774054,004
-1.764245315495249e-15,0.6866606446484977,-10.9625,0.6375000000000064,-7.266914343001025e-16,0.9393036094155912,-9.432045454545456,2.067954545454544,-4.743680196125669e-15,0.6844004132230153,-10.947727272727274,0.6522727272727309,-2.8462081176754013e-15,0.8725300144024037,-11.144318181818182,3.255681818181824,-8.074349270001139e-17,1.1774561929262295,-12.37443181818182,3.1255681818181813,-1.162706294880164e-15,56.79988652010515,-60.922445443955176,107.6577807017967,008
-1.7763568394002506e-16,3.864690830371751,-14.112386363636366,12.687613636363636,-1.5502750598402185e-15,6.7414488994920685,-18.715909090909093,10.08409090909091,-2.3092638912203257e-15,7.310913919958386,-20.34386363636364,9.956136363636364,-9.446988645901333e-16,7.83947438702192,-21.09375,11.106249999999989,-2.454602178080346e-15,4.682346787237187,-14.84386363636364,9.556136363636366,6.717858592640947e-15,108.38304537822997,-56.15414482907414,303.0033031330921,005
5.167583532800728e-16,8.828923869544628,-14.568181818181818,5.431818181818182,-3.6173084729605105e-15,9.711816256499088,-16.025,5.974999999999998,-3.6173084729605105e-15,9.711816256499088,-16.025,5.974999999999998,-5.167583532800728e-16,8.614997762856873,-14.216022727272728,5.683977272727271,-3.6173084729605105e-15,9.711816256499088,-16.025,5.974999999999998,5.167583532800728e-16,11.32152626390581,-7.029707085394566,18.681201013306005,013
-1.5228222723222146e-14,3.1833332736124915,-51.15170454545455,0.3482954545454362,-6.297992430600888e-15,3.186838521138785,-51.19488636363636,0.4051136363636374,-8.381174542261181e-15,3.1866201082588264,-51.19261363636363,0.4073863636363626,6.071910651040856e-15,3.160790746078562,-50.86136363636364,0.6386363636363654,1.6019508951682258e-14,12.9289650131781,-45.17477272727271,24.625227272727276,-1.4210854715202005e-15,18.06175065263735,-34.68010141088389,23.47912549946058,015
-2.4061560824603388e-15,1.0475414940794383,-11.535000000000004,3.164999999999999,7.428401328401047e-16,12.184706280245212,-28.936477272727277,13.763522727272743,-1.4210854715202005e-15,8.37790314490278,-22.353409090909093,10.746590909090912,1.3564906773601913e-15,12.370552775903144,-31.696136363636363,13.403863636363653,-4.521635591200637e-16,4.603364376704362,-14.814772727272729,9.085227272727275,2.0670334131202917e-15,120.75014507349236,-177.18936561750257,169.19742604899298,003
-1.5502750598402185e-15,11.855184990417689,-24.045454545454547,11.554545454545462,-1.2918958832001822e-15,13.878895802933236,-24.476136363636364,21.323863636363647,2.583791766400364e-16,13.09876597990364,-23.946590909090908,15.95340909090909,2.5837917664003644e-15,24.34094818958535,-39.93056818181818,31.36943181818183,2.5837917664003644e-15,17.90775597816638,-28.76590909090909,25.334090909090904,6.201100239360874e-15,70.22290456600454,-254.3600867817474,96.46369005024118,003
-4.134066826240583e-15,6.730173467633814,-22.134431818181824,29.965568181818185,1.4776059164102084e-14,3.293922039824584,-52.9469318181818,0.7530681818182074,8.251984953941164e-15,3.3021012515699506,-52.98522727272727,0.7147727272727593,7.73522660066109e-15,3.2776381636504928,-52.66249999999999,0.3375000000000057,6.459479416000911e-16,6.400093035061133,-17.764772727272728,29.235227272727272,-1.0335167065601458e-14,6.486627335114853,-50.894676144317096,12.413722470868194,015
2.0670334131202917e-15,19.86270958806356,-17.042045454545455,89.95795454545456,1.0335167065601457e-15,11.887518662376396,-13.364772727272728,12.635227272727276,0.0,14.499211648560488,-16.254545454545458,17.445454545454545,1.0335167065601457e-15,12.820540623049096,-14.384204545454546,14.115795454545454,0.0,15.445239406960532,-17.21784090909091,19.78215909090909,3.100550119680437e-15,60.88626187046571,-167.01023584342403,188.94724283293664,007
4.134066826240583e-15,29.795695215855893,-37.67238636363636,29.32761363636365,6.201100239360874e-15,25.37254628347389,-30.712045454545454,32.88795454545454,4.134066826240583e-15,27.459274794910318,-32.58568181818182,34.6143181818182,2.0670334131202917e-15,17.156618665972232,-20.163636363636364,24.43636363636364,0.0,11.264574988749883,-14.273068181818184,16.526931818181815,0.0,36.75272067535701,-56.21459773625601,79.30882841942301,002
0.0,16.01402112761251,-17.43522727272727,16.464772727272727,-8.268133652481165e-15,27.95855040578592,-30.44784090909092,29.95215909090909,-2.0670334131202917e-15,25.56463000557211,-27.846704545454557,26.053295454545445,0.0,14.013602785027444,-15.247727272727271,14.95227272727273,2.0670334131202917e-15,12.051086290667904,-13.106818181818182,13.093181818181824,-4.134066826240583e-15,48.31453605811948,-33.00453842609608,123.07260271431072,007
-2.0670334131202917e-15,10.910518786761743,-11.778409090909092,10.321590909090906,1.5502750598402185e-15,8.815015337643638,-9.509772727272727,9.190227272727272,-3.100550119680437e-15,10.908378705444957,-11.776136363636365,10.323863636363637,-4.134066826240583e-15,10.907308329739283,-11.775,10.224999999999996,-1.0335167065601457e-15,12.638656542708384,-13.637500000000005,13.8625,6.201100239360874e-15,37.288187256281006,-40.05717098526829,47.74746520294008,012
1.5502750598402185e-15,7.685139864812842,-4.603409090909091,13.49659090909091,0.0,25.71340572492664,-15.34215909090909,52.457840909090905,-5.167583532800728e-16,11.376555792251663,-6.706818181818184,26.29318181818181,0.0,8.797472096531832,-5.257272727272728,17.94272727272728,-5.167583532800728e-16,10.988732844833564,-6.560681818181819,22.03931818181819,2.0670334131202917e-15,54.99062299695313,-31.714553900425592,140.35212042869742,007
6.055761952500853e-16,1.2689074933801123,-20.383522727272734,0.1164772727272733,-3.835315903250541e-15,0.696727555928487,-10.876590909090911,0.5234090909090909,-4.412631876055622e-15,0.6914014020526211,-10.994318181818183,0.4056818181818187,9.08364292875128e-16,0.6942501454539348,-10.954090909090905,0.4459090909090974,-1.0246349223631444e-14,1.5551626233690057,-24.78681818181819,0.5131818181818133,1.1586691202451633e-15,0.9215405224179344,-0.1293224341566592,14.79508221341104,008
-8.074349270001138e-16,0.8704392281467407,-11.624431818181822,2.475568181818179,1.162706294880164e-15,12.857951630478118,-32.59943181818182,13.300568181818171,-5.167583532800728e-16,7.93546562316971,-24.14534090909091,9.754659090909094,-3.358929296320473e-15,11.258802822657632,-35.616022727272735,13.183977272727276,3.2297397080004555e-16,4.629194790519662,-17.671022727272728,6.828977272727272,0.0,121.39450509145364,-169.25288771247313,178.9490342489965,003
2.1397025565503018e-15,1.4182928096136036,-10.864772727272726,3.3352272727272734,1.0012193094801413e-15,6.718672343391307,-19.48318181818182,8.41681818181818,2.260817795600318e-16,5.534263839000578,-18.07318181818182,6.226818181818182,-2.0670334131202917e-15,4.655251183847198,-16.14977272727273,6.850227272727274,1.2918958832001822e-15,4.179424339537367,-14.96590909090909,8.934090909090905,4.780014767840674e-15,80.41535154950991,-97.3591573241017,153.72240765812785,001
1.0012193094801413e-15,3.1227924744251663,-9.234659090909089,7.465340909090909,1.84095163356026e-15,3.2220541493947965,-11.582386363636363,6.91761363636364,-1.0981115007201548e-15,10.600981320551304,-20.64636363636364,14.55363636363635,2.842170943040401e-15,7.425968353806495,-17.91409090909091,11.585909090909093,-1.5502750598402185e-15,4.571927179009448,-16.465227272727276,9.93477272727273,-2.0670334131202917e-15,52.35601048345692,-58.69916280382367,112.6180827292682,000
3.6173084729605105e-15,11.075538098134246,-16.473863636363635,23.32613636363637,-1.0335167065601457e-15,14.356252473132187,-20.456136363636364,18.14386363636363,-1.0335167065601457e-15,14.465115158888898,-20.89659090909091,16.8034090909091,0.0,13.61215950404771,-19.55,27.750000000000004,-3.100550119680437e-15,13.623085633481478,-19.721931818181822,19.87806818181817,4.134066826240583e-15,79.62368377743482,-195.4471846768039,113.92997117101112,003
3.2943345021604644e-15,8.087079723742132,-20.809204545454545,14.390795454545454,2.5191969722403556e-15,7.993986097483296,-15.203977272727272,15.19602272727274,1.0658141036401502e-15,8.383984103628576,-20.22193181818181,12.978068181818188,2.583791766400364e-16,4.731056696871036,-11.896590909090907,10.60340909090909,0.0,6.683763473016018,-32.133863636363635,7.966136363636359,-1.0335167065601457e-15,84.04268634954292,-168.16064003714,178.8392164701455,002
1.6794646481602368e-15,5.464709392768967,-24.58465909090909,1.4153409090909117,-4.521635591200637e-16,4.544458072592784,-20.15909090909091,3.240909090909096,2.1962230014403096e-15,5.449915914128804,-24.507272727272728,1.4927272727272758,2.1962230014403096e-15,5.432198802754244,-24.42159090909091,1.5784090909090942,-3.8756876496005453e-16,5.334442022762538,-23.756818181818183,4.243181818181821,-3.940282443760556e-15,65.50829675629224,-110.0676659294762,101.57033852035698,007
1.6148698540002276e-15,0.6189792650634691,-9.943181818181817,0.0568181818181834,1.291895883200182e-16,1.3453596403874584,-20.04727272727273,1.8527272727272648,2.2365947477903157e-15,0.866570971088857,-13.920454545454549,0.0795454545454568,-1.7036876959702402e-15,0.6263897668220154,-9.703295454545456,0.296704545454542,-4.307665335545607e-15,0.6819687333784332,-10.944318181818184,0.1556818181818151,-1.652718366203358e-17,0.0305682989508607,-0.1384643664310132,0.0826973424894844,007
1.0335167065601457e-15,10.01754759415379,-19.19875,10.80125,-3.100550119680437e-15,20.230482961546866,-34.66022727272728,22.43977272727274,2.0670334131202917e-15,15.57199716851104,-27.81704545454545,16.78295454545454,2.0670334131202917e-15,23.649142016787103,-42.16477272727273,24.835227272727288,0.0,12.43333660122078,-23.680227272727272,12.819772727272728,-1.0335167065601457e-15,87.20216817995592,-152.47295078122494,188.2123378659236,002
1.5502750598402185e-15,8.944481711438641,-12.041931818181816,9.058068181818184,-5.167583532800728e-16,12.12316979456151,-16.336363636363636,9.663636363636368,3.6173084729605105e-15,12.11793054537281,-16.329545454545453,9.67045454545455,2.0670334131202917e-15,8.70789935089812,-11.721590909090908,8.078409090909092,-5.167583532800728e-16,12.19264541732955,-16.425,12.075,0.0,21.388664188413223,-28.19082830159724,28.203115641949168,006
2.7129813547203826e-15,4.317407675823098,-22.085227272727277,0.9147727272727302,-4.5216355912006375e-15,3.192671222522602,-16.33068181818182,0.7693181818181785,2.7129813547203826e-15,4.317407675823098,-22.085227272727277,0.9147727272727302,2.7129813547203826e-15,4.317407675823098,-22.085227272727277,0.9147727272727302,-1.2918958832001822e-15,4.505121053032798,-23.045454545454547,0.9545454545454533,1.162706294880164e-15,5.132956855686201,-1.159931570325039,26.25552596888973,013
-1.0335167065601457e-15,11.712432768357983,-16.70568181818182,12.29431818181818,1.5502750598402185e-15,10.565456674547274,-15.20340909090909,11.59659090909091,-1.0335167065601457e-15,10.974964743608538,-15.742386363636363,10.75761363636364,0.0,13.211758943462648,-17.822727272727274,17.177272727272726,3.100550119680437e-15,12.503242750870276,-17.196590909090908,20.503409090909106,1.0335167065601457e-15,72.42136845862966,-150.47091579368336,131.76809408776032,001
3.455821487560488e-15,3.0571491688836163,-13.176931818181815,8.723068181818189,-4.198661620400592e-16,4.050276045012955,-18.470568181818184,5.529431818181816,-3.8756876496005453e-16,4.646472867784092,-20.17465909090909,7.625340909090916,2.842170943040401e-15,5.271713429909366,-23.605113636363637,7.194886363636364,-1.5825724569202229e-15,3.0745274426082525,-13.59193181818182,4.608068181818183,-2.583791766400364e-16,45.15875423204565,-50.167468344410985,153.7602430563468,010
-8.397323240801184e-16,5.638702501123615,-19.81261363636364,6.38738636363636,-2.357709986840333e-15,7.618448749628965,-21.56011363636364,10.839886363636367,-2.9390631342804144e-15,10.159233524903987,-28.054431818181826,11.84556818181818,-1.0012193094801413e-15,3.6997211685756297,-13.782954545454546,5.01704545454545,-5.684341886080802e-15,5.46606094572652,-19.679318181818186,8.320681818181825,-5.167583532800728e-16,95.62973913536985,-142.5299857461503,212.04952943292085,003
2.9390631342804144e-15,4.716155271504322,-11.991477272727272,48.50852272727273,-3.9564311423005575e-15,5.33758773782573,-17.659431818181822,6.340568181818178,2.1316282072803005e-15,5.864965207952717,-19.101136363636364,7.098863636363646,3.3266318992404688e-15,2.914440870263167,-14.76306818181818,4.7369318181818265,2.1962230014403096e-15,4.390390131140478,-15.126704545454542,7.073295454545452,-2.5837917664003644e-15,76.77348548692292,-86.87694068945991,136.47346700843747,001
-3.358929296320473e-15,2.766517300724254,-14.43954545454546,6.360454545454548,5.684341886080802e-15,12.75213765046897,-38.76534090909091,18.434659090909108,-2.325412589760328e-15,8.443979369372746,-29.23897727272728,11.16102272727273,-8.655702417441221e-15,11.966192043188292,-42.6434090909091,12.256590909090916,-3.875687649600546e-15,4.949521888954077,-23.657159090909097,9.442840909090911,4.134066826240583e-15,81.76215999305592,-222.6215702237174,109.13302527072712,000
-5.167583532800728e-16,11.372972832149287,-17.800568181818182,11.699431818181818,-2.0670334131202917e-15,23.37261869140473,-34.11022727272727,25.08977272727273,2.5837917664003644e-15,17.697334218173996,-26.395454545454545,18.404545454545453,0.0,27.53620364366468,-41.05340909090909,27.446590909090908,3.100550119680437e-15,15.395193726485974,-23.68318181818181,17.916818181818186,6.201100239360874e-15,66.35996437026739,-134.0865671546688,193.8779125249851,002
4.650825179520656e-15,6.33280312364853,-20.98977272727273,2.0102272727272776,2.0670334131202917e-15,10.28006117684067,-33.298863636363635,12.201136363636373,-5.167583532800728e-16,7.693502192201219,-25.026136363636365,6.073863636363637,-4.392446002880619e-15,12.426995407704949,-40.141022727272734,10.258977272727272,7.751375299201094e-16,8.172679808235111,-26.42954545454545,8.470454545454544,4.909204356160692e-15,20.463137973359423,-54.37176688515219,32.71438022796216,006
-1.6633159496202346e-15,0.7954844150236096,-11.350000000000003,1.5499999999999972,2.583791766400364e-16,8.182137676053653,-22.953068181818185,10.046931818181823,3.488118884640492e-15,6.255227127187838,-20.42670454545454,6.4732954545454575,-8.397323240801184e-16,5.712469103122767,-17.856136363636363,6.743863636363635,3.1651449138404458e-15,4.282875085191167,-15.251931818181816,7.948068181818179,4.134066826240583e-15,73.4693312265926,-100.51752661853888,168.80414977168033,010
2.955211832820417e-15,0.915588710038745,-12.461363636363634,2.23863636363636,-4.069472032080574e-15,2.9706548564824864,-29.069204545454557,11.730795454545444,-1.744059442320246e-15,1.3098561525968682,-20.186363636363645,0.6136363636363669,4.735605846855668e-15,0.8315753495525652,-12.997727272727271,1.0022727272727252,5.369442264550758e-16,0.8003272751926903,-11.454659090909091,1.3453409090909076,-1.3500311979441904e-14,10.233203482869245,-34.43609300988256,28.765162497613204,006
4.501449718025635e-15,0.7118261548229898,-11.43465909090909,0.0653409090909136,0.0,7.121568301456783,-13.84613636363636,9.953863636363629,1.9378438248002726e-16,6.355800841659764,-13.350454545454546,8.749545454545462,-5.038393944480711e-15,5.777967859930734,-15.46897727272728,9.33102272727272,7.751375299201094e-16,4.839218813688444,-15.226022727272728,11.973977272727277,3.6173084729605105e-15,75.3968117268135,-81.96042435712778,108.09941657028352,000
2.0670334131202917e-15,10.55805565149092,-17.004204545454545,9.895795454545452,3.6173084729605105e-15,15.517385500668048,-23.235795454545453,25.564204545454544,1.0335167065601457e-15,13.089221477690923,-20.05875,20.74125000000001,1.0335167065601457e-15,19.333695982961206,-29.007954545454545,26.492045454545465,-1.5502750598402185e-15,11.487976691788436,-18.35227272727273,12.047727272727272,9.301650359041311e-15,125.85491825344266,-157.73320467859662,201.15094241529212,004
-1.227301089040173e-15,5.174346562131429,-12.573863636363637,11.226136363636364,1.227301089040173e-15,8.857347342737368,-15.76306818181818,13.33693181818182,-2.1962230014403096e-15,7.016484188079544,-14.967045454545454,11.132954545454542,3.358929296320473e-15,8.847257856420594,-17.28761363636363,13.712386363636362,-7.105427357601002e-16,4.4407323811032,-14.29431818181818,6.305681818181817,-9.560029535681348e-15,7.027732624348029,-7.63269958858146,82.58924553728383,005
0.0,10.791760456477894,-16.4625,13.4375,3.6173084729605105e-15,10.6701125901253,-16.411363636363635,7.588636363636365,-3.100550119680437e-15,10.01200390069031,-15.402272727272727,6.697727272727271,-5.167583532800728e-16,10.015020485779273,-15.40681818181818,6.693181818181817,2.0670334131202917e-15,13.372657126615978,-20.52931818181818,11.470681818181816,-4.134066826240583e-15,59.16799631647432,-95.15954825832344,72.93137193038656,007
-1.0335167065601457e-15,7.08732477063399,-13.590568181818185,5.309431818181816,-1.5502750598402185e-15,8.972597171388003,-17.25,4.7499999999999964,-2.0670334131202917e-15,8.981332151806564,-17.264772727272728,6.035227272727276,1.5502750598402185e-15,7.348097433945766,-14.09431818181818,6.205681818181819,-3.100550119680437e-15,9.02921959860969,-17.34659090909091,6.853409090909093,2.583791766400364e-16,75.3865148075829,-170.25891175052314,169.56923203510965,013
2.0670334131202917e-15,30.318776332422363,-60.1225,50.7775,1.0335167065601457e-15,13.95437951069158,-29.52875,12.271250000000006,3.100550119680437e-15,13.230326293506318,-28.77840909090909,10.221590909090905,0.0,11.780407506540028,-26.06715909090909,10.532840909090911,1.0335167065601457e-15,12.068797088835638,-26.26068181818182,13.039318181818178,-3.100550119680437e-15,72.30132852148311,-86.07389411230747,140.83458149335257,002
-3.197442310920451e-15,0.5266490114883463,-8.441477272727273,0.1585227272727252,5.700490584620804e-15,2.1817838509372884,-33.05102272727272,2.2489772727272737,9.689219124001366e-17,1.81609140838662,-26.428295454545456,2.1717045454545385,2.147776905820303e-15,1.1648097776812407,-15.53,1.769999999999996,-2.1962230014403096e-15,1.4771401645067992,-17.26215909090909,2.937840909090916,-1.7569784011522477e-14,48.17696683298129,-312.86279928591927,42.28967368828245,007
4.134066826240583e-15,12.381525024479748,-15.3875,16.2125,1.0335167065601457e-15,23.78322452055317,-27.93636363636364,31.063636363636363,0.0,18.525166173789888,-22.210227272727277,24.18977272727273,-4.134066826240583e-15,28.11661726314732,-33.48863636363637,34.71136363636362,3.100550119680437e-15,16.367693775701085,-19.880681818181817,23.01931818181819,-4.134066826240583e-15,67.02002014480988,-128.283752826463,176.8833091427305,002
2.0670334131202917e-15,12.933403980396832,-9.520340909090908,18.97965909090909,2.0670334131202917e-15,23.236918691798536,-16.477727272727275,49.02227272727272,1.0335167065601457e-15,21.09138880601581,-15.375227272727274,36.224772727272736,0.0,13.938497564177815,-10.19875,22.80125,-2.0670334131202917e-15,17.663771135966453,-12.807272727272728,30.292727272727262,-2.0670334131202917e-15,32.027823530147984,-42.48635382214093,78.30632742072464,011
2.5837917664003644e-15,9.25676137671453,-19.821704545454544,10.178295454545465,2.0670334131202917e-15,10.802827338821846,-21.831818181818186,19.26818181818182,2.0670334131202917e-15,18.13297936320064,-34.36693181818182,29.43306818181818,3.100550119680437e-15,15.11548617353728,-28.04431818181818,24.95568181818182,0.0,12.41612160916335,-23.93443181818182,20.965568181818178,-4.134066826240583e-15,70.23709106654033,-252.5630066105849,48.11664990714439,004
5.167583532800728e-16,9.292376852129031,-12.197727272727272,10.002272727272729,0.0,10.846353595194262,-14.300227272727271,8.599772727272732,0.0,13.10798037590551,-17.055681818181817,20.24431818181818,2.0670334131202917e-15,9.472522722337835,-12.382954545454544,14.417045454545452,1.0335167065601457e-15,10.92702337674964,-14.406818181818185,8.59318181818182,1.0335167065601457e-15,20.223883730507332,-26.43354135148326,24.79977173131982,012
2.842170943040401e-15,9.274140935021672,-18.39090909090909,5.809090909090912,0.0,8.548441934301959,-15.663636363636364,14.436363636363636,1.0335167065601457e-15,10.160601207138084,-19.54886363636364,13.951136363636367,2.0670334131202917e-15,11.373373782583036,-21.297727272727272,17.202272727272728,1.0335167065601457e-15,9.187609264543951,-17.582954545454545,11.717045454545456,0.0,58.02581216570531,-39.82365292062512,114.5346148343895,004
-5.167583532800728e-16,10.68251673187345,-7.57852272727273,15.421477272727271,0.0,8.375198255331972,-5.937045454545455,13.262954545454548,2.0670334131202917e-15,10.582361381300592,-7.506931818181819,15.493068181818185,0.0,10.594325833346824,-7.516477272727274,15.48352272727273,0.0,10.484347936466651,-7.427272727272729,18.872727272727275,-1.0335167065601457e-15,78.75662058093278,-156.94612539345297,189.2200775219169,013
1.824802935020257e-14,3.4273255342417186,-55.01897727272724,0.5810227272727531,-5.3775166138207576e-15,3.426000847236992,-54.99738636363636,0.6026136363636425,-2.454602178080346e-15,3.43373471281575,-55.09988636363636,0.7001136363636391,-3.875687649600546e-15,3.40197423843983,-54.61590909090909,0.5840909090908895,4.650825179520656e-15,15.623915902887337,-47.77863636363635,9.021363636363644,-1.2918958832001822e-15,57.199792030928286,-148.51027310030923,120.63722412018991,009
0.0,10.916051129524662,-11.730681818181816,10.369318181818182,-5.167583532800728e-16,9.911402917830896,-10.651136363636365,9.348863636363635,-1.0335167065601457e-15,10.912896116654483,-11.727272727272728,10.372727272727271,-1.0335167065601457e-15,10.910745849849128,-11.725,10.274999999999997,-2.0670334131202917e-15,12.900030028714491,-13.863409090909093,12.53659090909091,2.0670334131202917e-15,39.24438927543868,-42.14813032479116,41.59079734916895,012
-9.689219124001363e-16,7.087910988419089,-35.73295454545455,4.367045454545455,1.4210854715202005e-15,5.3564353384619485,-27.34431818181818,3.355681818181825,2.842170943040401e-15,7.702183132073658,-38.925,6.075000000000003,-2.454602178080346e-15,4.085960769907506,-21.21136363636364,2.688636363636366,-1.227301089040173e-15,7.734283901500403,-36.02159090909091,19.278409090909093,-1.2918958832001822e-15,48.01279382641514,-104.850288156744,90.4005503945525,008
7.234616945921021e-15,20.7722467618982,-34.25909090909091,14.740909090909083,-2.0670334131202917e-15,16.33231726293515,-26.935568181818184,11.164431818181818,-7.234616945921021e-15,21.691873645017505,-35.78636363636364,14.413636363636364,1.5502750598402185e-15,10.578145346642296,-17.43215909090909,7.767840909090914,0.0,25.808976852192817,-42.57045454545455,17.82954545454546,0.0,82.40084536452558,-156.83327093828748,163.0725573528514,007
1.5825724569202229e-15,3.3785367124933394,-12.541022727272724,7.458977272727271,-5.167583532800728e-16,6.072270233847625,-13.21965909090909,6.78034090909091,-1.0335167065601457e-15,6.311878386667358,-14.509431818181817,8.490568181818183,-1.227301089040173e-15,7.113755067264041,-14.634545454545451,8.565454545454543,-8.881784197001252e-16,1.9295635907703192,-12.496590909090909,3.603409090909089,8.268133652481165e-15,55.37093361745347,-78.49754622505394,144.18135493695036,010
4.501449718025635e-15,0.7118261548229898,-11.43465909090909,0.0653409090909136,-1.5341263613002163e-16,1.2583139833040533,-20.044318181818184,0.5556818181818244,4.884981308350689e-16,0.9564755311204944,-15.209886363636368,0.3901136363636368,-6.758230338990953e-15,1.3628113981856738,-21.882954545454545,0.3170454545454504,-1.0092936587501424e-16,0.8663934460196392,-13.791818181818185,0.3081818181818185,4.350055669213113e-16,0.1980324857429705,-3.178864255204323,0.05490954051404,009
1.0335167065601457e-15,10.561182970851402,-14.447727272727272,8.152272727272733,-1.0335167065601457e-15,9.429689299720124,-12.902272727272727,7.097727272727273,-1.5502750598402185e-15,10.502700302130096,-14.37,8.030000000000003,1.5502750598402185e-15,12.26489686013174,-16.78068181818182,9.819318181818186,1.0335167065601457e-15,10.781938572453718,-14.747727272727271,8.852272727272736,-8.268133652481165e-15,61.21502813522086,-77.55765649159525,95.44064721241034,006
1.0335167065601457e-15,16.802140906729317,-23.01136363636364,16.088636363636358,-3.6173084729605105e-15,10.875653680363614,-14.895454545454548,11.604545454545455,5.167583532800729e-15,10.89883229775307,-14.95,8.050000000000004,5.167583532800729e-15,10.89883229775307,-14.95,8.050000000000004,-5.167583532800728e-16,10.217271311747146,-14.011818181818184,8.388181818181819,4.134066826240583e-15,55.308298569819975,-78.39555517990179,116.59802532138096,013
-3.6173084729605105e-15,11.411858354596411,-17.646590909090914,13.853409090909093,6.201100239360874e-15,22.87346292508928,-32.30829545454545,26.09170454545454,0.0,16.368776572324826,-24.31284090909091,18.3871590909091,4.134066826240583e-15,25.725456945840907,-37.87613636363636,26.22386363636363,-2.0670334131202917e-15,14.313188428984498,-21.44170454545455,17.95829545454545,5.167583532800728e-16,71.77770529196755,-136.68093242170082,195.9537262460646,002
3.968542666205559e-15,0.711713671867515,-11.430113636363636,0.0698863636363675,-2.2365947477903157e-15,0.495183412050775,-7.954545454545455,0.0454545454545431,2.2648549702353188e-15,0.7151651889020856,-11.42034090909091,0.079659090909093,-5.127211786450723e-16,0.7148377264852575,-11.40545454545455,0.0945454545454538,-6.580594655050928e-16,0.7425769014354368,-11.925,0.0749999999999992,-4.784051942475675e-16,0.122028095945516,-0.0406741436586592,1.937749122928076,015
3.6173084729605105e-15,3.7199826833968896,-13.488749999999996,8.811250000000001,1.2918958832001822e-15,6.252713192078835,-15.319318181818184,15.08068181818182,3.100550119680437e-15,4.397987070961325,-17.181704545454544,9.318295454545463,-1.2918958832001822e-15,5.732075745781095,-17.07409090909091,12.625909090909085,-1.0335167065601457e-15,4.599523689351427,-18.509886363636365,7.790113636363635,5.684341886080802e-15,62.86218224192309,-82.94467665005126,143.29057354633002,001
2.5837917664003644e-15,10.258212140637085,-16.638636363636362,8.661363636363639,1.0335167065601457e-15,17.489064846484656,-28.4375,11.562500000000004,0.0,15.30123420284015,-24.884772727272725,10.515227272727271,3.100550119680437e-15,10.727598174955371,-17.443181818181817,7.556818181818183,-5.167583532800728e-16,9.979317948898442,-16.227954545454548,7.272045454545459,-5.167583532800728e-16,72.9311758607746,-186.09746730478005,169.65833022769468,007
-2.9067657372004104e-15,2.5767694313770755,-21.870454545454542,5.629545454545454,-3.2297397080004555e-16,4.609375819092238,-19.07011363636364,12.029886363636368,-2.075107762390293e-15,3.446916666258736,-23.01136363636364,7.888636363636362,3.2297397080004546e-17,3.7654484479890074,-23.22840909090909,11.071590909090917,-3.3912266934004783e-16,4.497148073265089,-19.83034090909091,11.669659090909091,6.201100239360874e-15,157.53748700287355,-169.9822043877182,188.06599728307475,004
2.0670334131202917e-15,17.378269998195023,-12.140227272727271,25.859772727272727,-3.100550119680437e-15,12.55971277825707,-8.773863636363636,18.22613636363636,2.0670334131202917e-15,18.894317190823227,-13.197727272727274,28.50227272727273,-2.0670334131202917e-15,10.23921770875051,-7.153409090909091,14.946590909090908,2.0670334131202917e-15,14.904455860372815,-10.414772727272728,22.585227272727277,3.100550119680437e-15,18.973345322521983,-13.24995502394996,28.486582604559736,013
8.397323240801184e-16,2.044309070043872,-9.89375,4.306250000000006,-3.8756876496005453e-16,3.8565114451871527,-13.423863636363636,14.476136363636368,4.586230385360647e-15,3.25449872204894,-14.132499999999997,9.86750000000001,-8.397323240801184e-16,2.957018056272901,-12.191818181818183,6.708181818181817,-1.893434903815267e-15,0.8040880103627281,-11.368750000000006,2.431249999999995,0.0,76.27147994018256,-311.0459214696695,44.6250783091256,004
-5.167583532800728e-16,11.31689599988946,-8.873863636363637,18.12613636363636,1.0335167065601457e-15,11.340285405969418,-8.782954545454546,20.717045454545456,-1.0335167065601457e-15,11.145191100160234,-8.7425,16.7575,3.100550119680437e-15,15.346185456257563,-12.00681818181818,24.393181818181823,1.0335167065601457e-15,17.433761322005207,-13.603409090909093,29.29659090909092,0.0,35.48443608092455,-104.03973843682908,32.918946995652774,011
1.0335167065601457e-15,12.304557594781937,-14.55818181818182,17.04181818181818,-5.167583532800729e-15,23.8076560600548,-26.70125,32.29875,2.0670334131202917e-15,18.610233094013974,-21.25806818181818,25.141931818181824,0.0,28.23389726993194,-32.10579545454546,36.09420454545453,-2.0670334131202917e-15,16.360903103483324,-18.93704545454546,23.962954545454547,-2.0670334131202917e-15,63.42433452656659,-126.10854655405018,179.05851541514332,002
-2.525656451656356e-14,3.464450512761281,-55.65909090909095,0.340909090909065,-2.454602178080346e-15,1.6805971266079238,-17.622159090909093,7.677840909090911,1.8248029350202574e-15,1.736368362529266,-20.286022727272723,3.513977272727267,1.7602081408602485e-15,1.401142096132194,-14.739090909090908,3.8609090909090895,3.423524090480483e-15,2.3716197236564653,-22.6925,9.907500000000006,-1.808654236480255e-15,5.845726024870923,-26.749550363592043,6.679672193315845,009
-1.1950036919601685e-15,2.270346480274733,-21.76363636363636,1.336363636363643,4.521635591200637e-16,1.8819444402088656,-17.331818181818182,1.56818181818182,-4.2309590174805966e-15,2.2542876960425717,-21.702272727272728,0.4977272727272712,-2.648386560560373e-15,2.275576566208592,-21.77386363636364,1.7261363636363676,8.720297211601229e-16,2.6770941419640097,-24.781022727272727,1.7189772727272723,1.5502750598402185e-15,71.25086713801441,-144.7259617386365,126.0493085778294,008
-2.0670334131202917e-15,7.294895249022763,-13.161818181818184,5.038181818181819,-3.100550119680437e-15,9.285438869541922,-16.775,5.224999999999998,-3.100550119680437e-15,9.285438869541922,-16.775,5.224999999999998,5.167583532800728e-16,7.654081633404914,-13.778409090909092,7.221590909090905,-1.5502750598402185e-15,9.333115251043257,-16.852272727272727,7.347727272727276,-5.167583532800728e-16,73.92189370470071,-164.60341919539053,85.50182570393592,013
0.0,0.0,0.0,0.0,0.0,0.0,0.0,0.0,0.0,0.0,0.0,0.0,0.0,0.0,0.0,0.0,0.0,0.0,0.0,0.0,0.0,0.0,0.0,0.0,012
-2.163925604360305e-15,2.207566112372599,-13.111363636363638,6.588636363636368,-3.8756876496005453e-16,3.997068495775041,-16.778409090909093,6.121590909090909,2.9713605313604188e-15,4.749212906460231,-29.26579545454545,9.23420454545456,1.873249030640264e-15,6.27557099571936,-21.163636363636364,12.636363636363631,3.8756876496005453e-16,5.878969799102588,-16.955681818181816,9.944318181818184,5.167583532800729e-15,62.49146948413465,-91.6929992898306,101.99366448075898,010
-2.4505650034453457e-15,0.6810639768009076,-10.938636363636364,0.1613636363636352,1.1142601992601572e-15,1.0428738837942009,-9.60625,3.693750000000005,-2.866393990850404e-15,0.6820459846715696,-10.942045454545454,0.3579545454545467,1.6148698540002275e-16,1.0519772742002962,-11.639204545454549,2.9607954545454547,1.291895883200182e-16,1.3592164686224124,-12.581022727272728,5.71897727272728,5.167583532800728e-16,50.72899495246567,-113.44943667694209,108.32247229536996,009
-5.878126268560829e-15,0.7099992724940987,-11.17681818181819,0.4231818181818134,-2.2365947477903157e-15,0.495183412050775,-7.954545454545455,0.0454545454545431,2.099330810200296e-15,0.7152990817434169,-11.195795454545452,0.4042045454545508,-1.3322676295501878e-16,0.7082074825405662,-11.17715909090909,0.5228409090909132,2.583791766400364e-16,0.7443416026849522,-11.64318181818182,0.456818181818182,2.9774162933129196e-16,0.1176085225443075,-0.0426202468968899,1.872204704430321,015
5.975018459800842e-16,2.9401924007292086,-10.465681818181816,5.634318181818188,8.268133652481165e-15,10.365105905953504,-22.572613636363627,14.127386363636376,-5.910423665640833e-15,12.801660068273009,-16.943295454545463,16.956704545454535,-2.583791766400364e-16,7.297617744287208,-11.47340909090909,9.626590909090911,-2.1316282072803005e-15,9.927944948935348,-14.85,14.650000000000013,-7.622185710881075e-15,7.521067676279655,-79.00516534562247,14.425343432975438,005
-1.0819628021801526e-15,1.186828969824929,-8.118295454545455,4.781704545454547,-3.500230408545493e-15,0.6808771915698156,-10.9375,0.0624999999999964,3.2297397080004555e-16,0.9604586259754992,-11.256477272727272,1.3435227272727277,-1.2111523905001709e-15,1.4131624415686717,-15.788068181818184,2.811931818181826,-1.219226739770172e-15,0.9589695905605332,-11.239772727272726,3.260227272727281,-2.842170943040401e-15,35.5898379177507,-94.82211908882616,58.506543508338304,009
-1.5866096315552237e-15,0.6844032434075515,-10.951136363636362,0.5488636363636417,4.198661620400592e-16,0.8417273353199319,-10.007954545454544,1.4920454545454582,-4.9536132771456976e-15,0.6812488152995987,-10.939772727272729,0.1602272727272691,-3.3952638680354788e-15,0.7129781272362816,-10.98409090909091,1.1159090909090956,1.6148698540002276e-15,1.376908423916144,-11.29431818181818,4.705681818181816,-1.1368683772161604e-14,64.01008468576119,-117.96483437214091,85.82479419999012,007
-2.1094237467877974e-15,0.729367499890621,-11.450568181818186,0.3494318181818165,-1.0940743260851544e-15,0.5240681911815145,-8.128409090909091,0.3715909090909086,-9.971821348451409e-16,0.7048595249386181,-10.993068181818185,0.4069318181818211,-4.037174635000569e-18,0.71321440912844,-11.235454545454544,0.5645454545454598,-3.6617173939455166e-15,0.6826742731516547,-10.948863636363637,0.2511363636363626,1.6956133467002392e-16,0.3093228145382219,-0.057182490130863,4.969376246551855,013
0.0,10.93422949922561,-10.70340909090909,11.396590909090907,0.0,9.92997252457644,-9.720454545454546,10.279545454545454,-2.0670334131202917e-15,10.933050157380675,-10.702272727272728,11.39772727272727,0.0,10.930690737551767,-10.699999999999998,11.3,0.0,12.925198937037043,-12.652272727272727,13.747727272727277,4.134066826240583e-15,39.32888514790993,-38.47835778398396,45.26056988997615,012
7.266914343001025e-16,3.2279384636647928,-51.75704545454546,0.3429545454545462,-2.0670334131202917e-15,3.461383901331473,-15.711818181818185,9.58818181818182,9.689219124001363e-16,1.954892345009952,-19.00568181818182,5.594318181818188,3.2620371050804604e-15,1.6356225436731733,-12.85340909090909,10.04659090909091,-9.689219124001363e-16,1.1244778402543725,-13.213636363636365,3.2863636363636357,-2.0670334131202917e-15,3.699258962850277,-29.748059224480443,6.770551763772865,013
-1.4210854715202005e-15,6.376048183962767,-19.869318181818183,3.5306818181818223,-2.583791766400364e-16,6.581424994534063,-20.613636363636367,2.3863636363636367,-4.650825179520656e-15,9.94085692300399,-31.1,4.600000000000001,-7.751375299201094e-16,7.31317705419697,-22.869318181818183,3.13068181818182,5.167583532800728e-16,7.14737309427459,-22.368181818181817,3.3318181818181856,4.134066826240583e-15,48.61577641667444,-79.35238167600218,64.32423390438822,007
-1.7892757982322522e-14,3.4923618969571537,-56.11875,0.3812499999999801,-7.767523997741096e-15,3.5004814733030662,-56.20852272727272,0.5914772727272748,-1.4614572178702063e-14,3.502822015727266,-56.23125,0.5687499999999943,-1.3145040611561854e-14,3.494023777324397,-56.1403409090909,0.3596590909090764,-1.3225784104261863e-14,3.499818647530063,-56.2028409090909,0.5971590909090878,-1.6148698540002276e-15,26.400947669415157,-42.62959001548161,54.9044424918433,008
-1.3241932802801868e-15,0.727126538929575,-11.31079545454546,1.3892045454545432,3.3104832007004666e-15,1.3733126338866029,-18.313522727272726,2.586477272727272,-5.878126268560829e-15,1.6715559719172004,-15.410795454545458,2.0892045454545425,-1.0335167065601457e-15,15.501519833095308,-23.23102272727273,64.26897727272728,-1.0981115007201548e-15,1.2302354600604235,-11.863409090909094,5.136590909090913,8.268133652481165e-15,74.28114942333588,-292.0117758502095,48.20082261595618,009
-1.0335167065601457e-15,11.771246166484817,-19.335227272727277,10.26477272727272,-1.0335167065601457e-15,16.586045270867697,-24.225,25.475,-1.0335167065601457e-15,16.12087904770274,-23.897045454545456,23.202954545454556,-1.0335167065601457e-15,23.15520589653769,-35.65284090909091,32.047159090909105,2.5837917664003644e-15,16.548556201223153,-23.068863636363638,26.331136363636364,0.0,69.37973723089962,-113.550831976205,60.11725939030862,005
-1.0335167065601457e-15,10.355768962927527,-16.735568181818184,8.56443181818182,0.0,21.24786371250158,-30.821136363636366,28.578863636363625,5.167583532800728e-16,16.417596913974716,-24.575454545454548,23.12454545454547,0.0,24.99304276644216,-37.532954545454544,30.367045454545448,2.0670334131202917e-15,14.348798866550002,-22.271704545454543,18.528295454545468,-2.583791766400364e-16,78.2084315506167,-162.78087170132275,154.7236904704231,001
0.0,0.0,0.0,0.0,0.0,0.0,0.0,0.0,0.0,0.0,0.0,0.0,0.0,0.0,0.0,0.0,0.0,0.0,0.0,0.0,0.0,0.0,0.0,0.0,006
-3.5446393295305e-15,0.7062906446287415,-11.187159090909097,0.4128409090909066,1.4432899320127037e-15,0.5131493568121217,-7.915681818181815,0.3843181818181875,7.791747045551099e-16,0.6891784451327083,-11.082840909090908,0.5171590909090966,-1.538163535935217e-15,0.6995061717365478,-11.079545454545457,0.4204545454545467,-8.679925465251224e-16,0.6782752551859165,-10.944204545454545,0.1557954545454549,-2.48286240052535e-16,0.3091602637912458,-0.0531874116866415,4.963631042478857,013
-1.5502750598402185e-15,9.899780864091122,-15.654545454545454,6.445454545454544,5.167583532800728e-16,8.54727344037049,-13.51590909090909,5.484090909090909,-3.100550119680437e-15,9.898312267442444,-15.652272727272727,6.447727272727271,-1.0335167065601457e-15,9.903793347784465,-15.660227272727273,7.2397727272727295,2.5837917664003644e-15,10.630493365998843,-16.7625,8.4375,6.201100239360874e-15,29.81201437917124,-46.68767233125906,29.118081711319668,006
-1.453382868600205e-15,1.2227152278470617,-12.898750000000003,3.2012499999999946,-6.943940372200979e-15,3.098910690711861,-49.6984090909091,0.4015909090908991,-9.36624515320132e-15,3.097643897280561,-49.72738636363638,0.3726136363636243,1.6067955047302265e-14,3.066558440484212,-49.20511363636364,0.2948863636363796,-4.198661620400592e-15,1.213632958796721,-17.03636363636364,1.4636363636363612,-4.004877237920565e-15,3.360696834308787,-33.25150472171478,4.7871632970205695,013
2.5837917664003644e-15,9.741658860552032,-18.64090909090909,9.359090909090911,-1.0335167065601457e-15,19.99966125746192,-33.18636363636364,22.71363636363637,1.5502750598402185e-15,16.172949561556827,-28.00454545454545,16.995454545454546,4.134066826240583e-15,23.68024645368874,-40.81772727272727,24.38227272727273,0.0,14.16469277591118,-25.601136363636364,16.19886363636364,1.0335167065601457e-15,89.12339350592583,-159.79666334613,180.81414078765155,002
-2.8260222445003983e-15,1.8561448616466751,-18.46715909090909,2.432840909090899,6.943940372200979e-16,3.47246470181799,-55.7284090909091,0.6715909090909093,4.913241530795693e-15,0.8718058582881026,-13.9,0.4000000000000092,-1.744059442320246e-15,0.8671654867468833,-13.923863636363642,0.2761363636363647,5.619747091920792e-15,1.571268043480428,-23.11590909090909,1.684090909090905,2.5837917664003644e-15,98.6600740154956,-137.2385961502321,187.3024607035153,009
-6.782453386800958e-16,6.841112440348252,-12.72181818181818,10.778181818181814,-1.4856802656802094e-15,9.208795062077952,-14.07943181818182,13.220568181818177,3.681903267120519e-15,8.567692425588321,-11.183522727272727,11.916477272727278,-3.843390252520542e-15,8.766828910157844,-11.713295454545465,11.386704545454542,-1.5018289642202118e-15,5.1252121995477,-16.821477272727275,8.57852272727273,-1.8603300718082623e-14,19.244040311345948,-19.61465083136485,88.55519722697335,005
1.5502750598402185e-15,6.861881078233444,-21.5625,3.637500000000003,3.875687649600546e-15,10.530586342112093,-33.173863636363635,3.826136363636365,3.6173084729605105e-15,8.153322520921472,-25.68522727272727,3.414772727272723,1.5502750598402185e-15,10.477668773327096,-32.98340909090909,5.016590909090915,5.167583532800729e-15,7.818852368674053,-24.286022727272723,7.113977272727283,0.0,23.73403642887441,-58.50188236645726,27.98609680854052,006
-2.5837917664003644e-15,9.115199990552512,-17.061363636363637,5.738636363636363,-7.751375299201094e-16,6.404159369613233,-11.961363636363636,5.0386363636363605,-2.5837917664003644e-15,9.113955786739618,-17.05909090909091,5.740909090909092,-4.650825179520656e-15,9.11256619198488,-17.056818181818183,5.543181818181818,0.0,9.501188207962194,-17.763977272727274,6.236022727272726,-4.134066826240583e-15,99.90314878201669,-187.7424922901757,169.7820259558676,007
-3.2943345021604644e-15,5.182427869834086,-11.369318181818183,7.630681818181817,-2.260817795600318e-16,3.6384179122857994,-11.338068181818183,5.761931818181818,1.921695126260271e-15,3.86545350149381,-12.011022727272724,6.488977272727276,1.6148698540002276e-15,5.8192099311353225,-12.68693181818182,8.913068181818183,-9.689219124001366e-17,3.54440088509998,-10.342045454545456,6.657954545454551,2.0670334131202917e-15,65.10362370652058,-92.70387198322176,96.93312609138307,000
2.648386560560373e-15,7.687493290160346,-14.98556818181818,14.31443181818182,-1.7763568394002505e-15,12.088273827969788,-19.243295454545457,19.256704545454557,-2.180074302900308e-15,10.24699956021697,-18.737386363636368,14.66261363636363,1.6148698540002275e-16,8.155560668758312,-14.679204545454546,11.52079545454545,-3.6173084729605105e-15,5.95683727581831,-16.958181818181824,12.141818181818184,-1.879708510056265e-14,7.518988420827558,-73.51017129067408,10.75473163921592,005
0.0,0.0,0.0,0.0,0.0,0.0,0.0,0.0,0.0,0.0,0.0,0.0,0.0,0.0,0.0,0.0,0.0,0.0,0.0,0.0,0.0,0.0,0.0,0.0,002
2.8260222445003983e-15,1.942151707290713,-23.07386363636364,3.0261363636363683,1.162706294880164e-15,8.171198688296334,-33.920795454545456,8.079204545454552,-2.9713605313604188e-15,6.5821948573389495,-32.43329545454546,7.766704545454544,3.2297397080004557e-15,6.474345701290134,-33.75988636363636,8.240113636363645,2.1316282072803005e-15,3.1186950859704443,-22.98977272727273,5.010227272727278,-2.0670334131202917e-15,85.5059976341503,-110.09309744251928,142.1710524288602,001
4.134066826240583e-15,10.21584674303454,-17.039431818181818,6.960568181818182,1.5502750598402185e-15,11.810226097876134,-19.44625,13.753750000000004,2.5837917664003644e-15,11.508436752108114,-19.1375,9.362500000000008,1.5502750598402185e-15,9.968136506032238,-16.63477272727273,6.965227272727276,4.134066826240583e-15,11.867612251204452,-19.61147727272727,11.688522727272735,0.0,54.37169186619742,-88.92643481291388,57.177802945446,012
1.9903270950552805e-15,0.7045608502716694,-11.084090909090907,0.4159090909090963,5.81353147440082e-16,7.018928745249408,-19.14829545454545,8.95170454545454,3.552713678800501e-16,6.223669054131273,-18.400568181818183,7.599431818181817,2.454602178080346e-15,5.3484385562208185,-16.289318181818178,10.510681818181826,-2.5191969722403556e-15,2.183787357110206,-12.51977272727273,3.980227272727273,0.0,70.03006069064877,-86.62261383943905,102.77832562357185,000
2.0670334131202917e-15,9.051399299953026,-18.47159090909091,4.5284090909090935,0.0,7.547365584939375,-15.4,4.6,3.6173084729605105e-15,9.045256436272767,-18.457954545454545,4.542045454545459,5.167583532800729e-15,9.03909499773618,-18.446590909090908,4.553409090909096,-2.842170943040401e-15,8.661657860392307,-17.676136363636363,4.4238636363636346,8.268133652481165e-15,39.58691171100479,-80.35198533130475,32.48002030601316,006
3.8756876496005453e-16,1.739776954302803,-11.624886363636366,5.975113636363634,3.8110928554405374e-15,10.371095545682014,-17.736022727272726,14.663977272727294,-1.6148698540002276e-15,8.210418443826555,-14.027500000000003,11.272500000000008,2.454602178080346e-15,9.354948914984137,-20.432840909090903,22.06715909090909,1.291895883200182e-16,4.241518358200816,-12.21875,15.181250000000006,1.0335167065601457e-15,87.52722334970707,-144.67623876834523,128.99533320250697,000
-2.0670334131202917e-15,26.86278253911537,-34.79772727272727,27.202272727272742,1.653626730496233e-14,54.25311122157949,-70.48522727272726,42.51477272727273,1.0335167065601457e-15,15.949293657366304,-19.269886363636363,23.43011363636364,-2.0670334131202917e-15,23.780319567000728,-27.35386363636364,61.84613636363635,3.100550119680437e-15,18.594144833991106,-23.452272727272728,25.34772727272727,-1.0335167065601457e-15,26.69265388586395,-32.383080404695846,42.6182408935192,011
-5.006096547400706e-15,5.489726392796696,-13.056363636363638,10.943636363636363,-3.2297397080004555e-16,9.266884878910906,-12.55193181818182,11.44806818181818,-1.6633159496202346e-15,8.210760167512452,-11.62125,9.978750000000003,-2.5191969722403556e-15,9.275092773560877,-13.045795454545456,11.954204545454552,7.105427357601002e-16,4.838951503465657,-12.167272727272724,6.632727272727273,1.8474111129762602e-14,5.901380056500533,-9.34259381380062,81.4167857238977,005
1.0335167065601457e-15,8.003057960880119,-14.942045454545454,6.757954545454549,-2.5837917664003644e-15,9.407199126354907,-17.339772727272727,19.66022727272728,-4.650825179520656e-15,9.108649735279098,-17.05,4.949999999999996,-1.0335167065601457e-15,9.693700601592036,-18.094318181818185,7.405681818181819,-4.650825179520656e-15,9.108649735279098,-17.05,4.949999999999996,-2.0670334131202917e-15,39.42397967929923,-108.51584750449184,85.85550083127889,008
-1.3564906773601913e-15,3.822207665204811,-54.49886363636364,0.6011363636363569,-3.2297397080004557e-15,8.722682576037835,-27.42363636363637,10.176363636363646,7.105427357601002e-16,6.71915960312082,-23.83897727272727,7.561022727272736,5.2321783269607375e-15,6.038610992137141,-20.37011363636363,9.42988636363638,-1.6471672510802322e-15,6.31718072104928,-23.41068181818182,7.589318181818179,2.0670334131202917e-15,86.3258290919548,-111.2736646087066,180.34409142123323,010
4.134066826240583e-15,5.991071007606388,-21.65,6.550000000000004,-5.167583532800728e-16,14.400678196821463,-40.30125,15.698750000000004,1.937843824800273e-15,11.531599845193616,-34.12568181818182,12.474318181818184,-2.0670334131202917e-15,16.569397195960388,-49.87875,15.021250000000002,-1.0335167065601457e-15,8.481731095936784,-28.09534090909091,8.904659090909096,3.100550119680437e-15,108.16053758541126,-196.0538961969521,142.6254672094437,003
3.100550119680437e-15,23.10461987556872,-17.454204545454548,73.74579545454546,-1.291895883200182e-16,7.29758898258032,-17.503636363636364,9.496363636363633,6.45947941600091e-17,6.517781177263476,-15.444659090909092,8.955340909090907,-2.0670334131202917e-15,5.841708867025706,-16.25238636363637,10.247613636363637,2.8744683401204053e-15,4.464310491991452,-14.450113636363632,12.949886363636368,-7.751375299201094e-16,85.08376056727266,-207.02284112964568,120.49816921657715,003
2.0670334131202917e-15,11.133044809269682,-17.257954545454545,7.9420454545454575,-5.167583532800728e-16,11.08687163611178,-17.13477272727273,8.865227272727275,-4.134066826240583e-15,50.08830719904197,-77.68965909090909,33.21034090909089,2.0670334131202917e-15,18.127792802788388,-28.05909090909091,13.1409090909091,2.0670334131202917e-15,11.30697880196559,-17.51590909090909,9.484090909090906,9.301650359041311e-15,93.3415512230993,-199.8718252061656,137.5556254178692,009
-3.100550119680437e-15,10.916553259720487,-11.651136363636365,10.448863636363637,-1.0335167065601457e-15,8.932748563618393,-9.534090909090912,9.365909090909089,-4.134066826240583e-15,10.915470672398872,-11.65,10.349999999999996,-4.134066826240583e-15,10.915470672398872,-11.65,10.349999999999996,3.100550119680437e-15,11.37500186177444,-12.14090909090909,11.759090909090917,-4.134066826240583e-15,41.74824201780192,-44.41856869363876,53.25755734687857,012
0.0,9.71613396270871,-18.956022727272728,8.643977272727273,4.650825179520656e-15,18.993629008790126,-33.00340909090909,22.39659090909092,2.0670334131202917e-15,16.220026425114263,-28.01136363636364,19.988636363636363,0.0,22.137145330782328,-39.94511363636364,28.05488636363635,3.100550119680437e-15,12.148469481535594,-22.697272727272725,20.60272727272728,2.5837917664003644e-15,73.21170478302585,-179.74672301967632,133.7849498006323,000
-2.842170943040401e-15,8.055110458199914,-18.410227272727276,3.789772727272727,1.5502750598402185e-15,7.727879521629879,-17.65909090909091,4.540909090909086,-2.325412589760328e-15,8.053039487651192,-18.40568181818182,3.694318181818179,-2.325412589760328e-15,8.093969897934985,-18.50386363636364,4.796136363636371,0.0,8.083233460162313,-18.445681818181814,5.254318181818181,-1.8603300718082623e-14,34.0615017969762,-77.29699520249613,27.49870440031691,012
9.64077302838136e-15,2.936583018032612,-47.14829545454545,0.3517045454545524,-2.1962230014403096e-15,2.431105181690449,-13.886931818181816,16.913068181818186,-5.167583532800728e-16,1.0395324796960297,-16.185795454545456,0.5142045454545467,0.0,19.613026804693664,-43.88011363636364,23.81988636363637,-2.9067657372004104e-15,1.2628929917762972,-13.13613636363637,6.2638636363636415,-6.459479416000911e-16,4.1360534454848965,-10.74709176788872,16.515386040026105,013
-1.0335167065601457e-15,9.6761451983091,-16.105681818181818,6.094318181818181,5.167583532800728e-16,7.756949043991097,-12.907727272727271,5.09227272727273,1.0335167065601457e-15,9.672641831474996,-16.099999999999998,5.899999999999999,1.0335167065601457e-15,9.672641831474996,-16.099999999999998,5.899999999999999,1.0335167065601457e-15,10.551972907063634,-17.563636363636363,6.436363636363637,0.0,37.37202069901696,-61.91059840750436,37.636807791910265,006
-1.162706294880164e-15,5.096471158773563,-15.441477272727273,10.758522727272712,-2.2931151926803235e-15,5.791844860706808,-17.266136363636367,16.133863636363632,1.4695315671402072e-15,4.372311002145601,-14.316477272727273,10.983522727272732,-2.583791766400364e-16,14.772127256608435,-23.595795454545453,18.304204545454542,8.268133652481165e-15,8.244105078381063,-18.89795454545454,13.002045454545474,3.488118884640492e-15,8.935648141706508,-11.45342241813475,75.78226667950885,004
3.455821487560488e-15,1.0771276213646224,-11.161704545454544,3.1382954545454567,-2.1316282072803005e-15,11.968435177008743,-26.166931818181823,17.633068181818174,2.454602178080346e-15,8.36584953965493,-20.75784090909091,11.642159090909104,-2.9713605313604188e-15,11.91581263940643,-28.92022727272728,15.279772727272729,2.777576148880392e-15,4.57012848617687,-15.177272727272724,9.722727272727273,-3.100550119680437e-15,106.06157264556931,-208.6805271801371,141.95531949504846,003
1.2918958832001822e-15,8.041074099622502,-20.36477272727273,4.635227272727274,-5.167583532800728e-16,12.045325966294875,-29.387045454545454,11.412954545454554,-1.5502750598402185e-15,14.151108869322044,-32.663636363636364,13.336363636363645,5.167583532800728e-16,13.84597424672273,-32.0125,12.987499999999995,3.100550119680437e-15,18.608388232281317,-42.643181818181816,17.356818181818184,-1.653626730496233e-14,46.18013063138637,-116.75599759855945,41.27550258103875,005
-3.0682527226004327e-16,0.7347006948776622,-11.264659090909094,1.0353409090909125,-6.717858592640947e-15,10.186526416872056,-27.01988636363637,8.980113636363626,2.680683957640378e-15,5.616728674191364,-18.438522727272726,5.5614772727272666,7.880564887521111e-15,9.567049177185078,-29.35136363636363,7.048636363636369,-2.099330810200296e-15,4.926458376546695,-17.206477272727277,5.493522727272726,1.2918958832001822e-15,43.755841715897255,-70.99520104574879,191.83543648343328,010
1.953992523340276e-15,1.5231871083166852,-23.886818181818175,0.6131818181818147,-5.8458288714808244e-15,1.19436642494035,-18.96545454545455,0.6345454545454459,-2.0266616667702857e-15,1.948606566003063,-31.14170454545455,0.5582954545454442,-2.664535259100376e-15,3.3756324476292763,-54.12681818181821,0.3731818181818198,-5.894274967100833e-16,1.7950398686840603,-28.83522727272727,0.1647727272727266,-5.4501857572507684e-17,0.2968462467781589,-0.058508757208914,4.757774468660792,008
4.7477173707606704e-15,1.8326791344688125,-23.04090909090909,2.9590909090909143,7.751375299201094e-16,7.744666920047585,-34.29545454545455,7.70454545454546,-1.808654236480255e-15,6.313380124389891,-32.61363636363637,8.286363636363646,7.751375299201094e-16,6.390680743204924,-34.117045454545455,8.882954545454538,-5.167583532800728e-16,2.858712352088519,-22.760227272727278,4.339772727272724,4.134066826240583e-15,87.84019601278598,-112.20267335276505,140.06147651861443,001
4.909204356160692e-15,11.939197493000083,-43.08363636363636,7.916363636363648,4.198661620400592e-16,12.049103392451386,-33.32727272727273,13.772727272727272,-4.392446002880619e-15,10.458067430465595,-32.94727272727273,14.952727272727271,-1.0335167065601457e-15,5.686604564649285,-21.07534090909091,4.2246590909090855,5.684341886080802e-15,11.94771718011921,-32.88704545454545,30.11295454545455,2.842170943040401e-15,56.07054958581639,-80.09965536941758,75.53115164858261,011
-2.7977620220553944e-15,0.7843273688247812,-11.081818181818182,1.918181818181821,-1.2595984861201776e-15,0.6297479880151206,-8.641250000000003,0.3587500000000005,-3.500230408545493e-15,0.6808771915698156,-10.9375,0.0624999999999964,1.6148698540002275e-16,0.8428020386442938,-11.348295454545454,2.2517045454545475,-9.689219124001366e-17,0.9424085274681188,-12.33340909090909,3.366590909090913,-2.0670334131202917e-15,104.71154856269824,-152.046704689333,201.92146452233328,007
1.0335167065601457e-15,9.898165826313814,-19.19204545454545,6.80795454545455,3.100550119680437e-15,14.242249777300223,-27.66590909090909,8.334090909090918,1.5502750598402185e-15,12.16779394354126,-23.632954545454545,7.0670454545454575,2.0670334131202917e-15,15.872277782803032,-30.808409090909084,9.891590909090926,4.134066826240583e-15,13.105795227432344,-25.142045454545453,18.55795454545455,-3.100550119680437e-15,26.47699443077366,-50.04187208918788,28.149678212315607,008
-3.714200664200524e-16,2.0189084354326603,-11.747045454545455,4.952954545454542,-3.8756876496005453e-16,9.837338103275762,-14.904204545454547,14.095795454545446,1.5502750598402185e-15,7.233478409758484,-14.68806818181818,9.811931818181826,6.717858592640947e-15,7.94127508328147,-16.68977272727272,11.010227272727278,-1.744059442320246e-15,8.190172148483665,-14.091704545454547,11.208295454545452,1.0335167065601457e-15,143.6507045239982,-245.5326048138636,112.14833091025054,005
2.842170943040401e-15,12.087600332790151,-13.742613636363636,79.05738636363637,1.0981115007201548e-15,5.067998692166529,-13.012727272727272,6.687272727272731,-1.0012193094801413e-15,4.693182058936818,-13.30284090909091,6.397159090909092,5.167583532800728e-16,3.53908178540437,-12.17215909090909,6.727840909090908,-3.488118884640492e-15,3.5989940915586924,-13.36227272727273,9.23772727272727,1.0335167065601457e-15,76.73739006515719,-91.4137455202793,148.78563205903023,002
6.394884621840902e-15,3.703349066084455,-42.23488636363636,2.8651136363636454,-1.227301089040173e-15,2.699224652887603,-21.00397727272728,4.396022727272737,3.8756876496005453e-16,5.9131805384732266,-13.81068181818182,7.689318181818187,-3.2943345021604644e-15,6.828976303617687,-11.740909090909096,11.559090909090916,-2.0670334131202917e-15,6.782641423307694,-15.943068181818184,14.65693181818181,0.0,114.98287946817352,-171.2836187703132,186.5863930261941,011
-2.842170943040401e-15,6.970631570654245,-19.52022727272728,5.479772727272724,5.167583532800729e-15,17.58875969808395,-48.705681818181816,20.894318181818196,2.0670334131202917e-15,9.519326741507,-24.62954545454545,16.07045454545454,2.325412589760328e-15,7.68971774769765,-20.68522727272727,10.11477272727273,-2.0670334131202917e-15,9.419654914521958,-23.98613636363637,16.013863636363634,-4.134066826240583e-15,108.68543491647236,-283.9889024205582,74.1051358738453,004
2.648386560560373e-15,2.192417127051237,-10.900568181818183,17.099431818181817,-1.7117620452402413e-15,2.995667134044748,-12.90761363636364,10.19238636363637,-1.4533828686002052e-16,2.357838493858269,-13.133977272727275,6.866022727272732,-1.6148698540002275e-16,0.9258272978444116,-10.048295454545457,3.4517045454545467,-2.9067657372004104e-15,2.3676150707939025,-10.57761363636364,6.122386363636359,4.134066826240583e-15,135.31597722360695,-262.6755560845153,93.18566568226306,004
2.0670334131202917e-15,11.802753423591428,-21.45340909090909,13.346590909090908,0.0,13.150011037609673,-22.702272727272728,12.897727272727272,1.5502750598402185e-15,14.957646360944992,-26.1375,15.562500000000004,2.0670334131202917e-15,15.875263777336114,-27.45,15.95,2.0670334131202917e-15,10.667097874591557,-19.79954545454545,9.200454545454548,-1.0335167065601457e-15,53.38292874634752,-88.01943350798416,134.65946765402015,010
-5.167583532800728e-16,7.450387018311463,-13.361931818181818,12.038068181818184,-1.5502750598402185e-15,9.300940812627504,-16.75,5.2499999999999964,-4.134066826240583e-15,9.3119185824378,-16.773636363636363,6.526363636363641,2.0670334131202917e-15,7.621343418559206,-13.693295454545456,5.906704545454547,4.650825179520656e-15,9.364015790387366,-16.864431818181814,7.335568181818189,-2.0670334131202917e-15,72.71075075315842,-173.394025469362,166.4341183162708,013
-1.6915761720652385e-15,0.6787295097587512,-10.94715909090909,0.1528409090909086,1.937843824800273e-15,0.8891852234322435,-9.837954545454544,1.5620454545454583,-2.8623568162154035e-15,0.6817626871355218,-10.942045454545454,0.2579545454545453,-2.9067657372004104e-15,0.8605310124861365,-10.830113636363638,1.669886363636362,-2.1800743029003074e-16,1.1508115118676503,-11.943522727272727,2.5564772727272675,1.0335167065601457e-15,69.47429127017752,-143.47239584281908,105.95503998486748,008
5.409814010900763e-16,0.9291184560495503,-14.696590909090908,0.303409090909092,1.865174681370263e-15,0.7769205658232851,-12.44715909090909,0.352840909090915,-2.111442334105298e-15,0.6844327143670643,-10.981363636363636,0.3186363636363651,1.4130111222501992e-15,0.8220909141173992,-12.752727272727274,0.5472727272727305,-8.825263752111244e-15,1.1620301414278276,-18.53636363636365,0.5636363636363555,-5.127211786450723e-16,0.1652239243589201,-0.0535298841869034,2.631350343796132,009
-5.167583532800728e-16,7.530793584640519,-20.946590909090908,10.853409090909093,0.0,10.391290493974523,-24.335227272727277,11.964772727272738,7.751375299201094e-16,10.810222661811082,-26.832954545454545,11.067045454545454,-2.325412589760328e-15,11.53769508175644,-27.92386363636364,13.076136363636367,-1.5502750598402185e-15,7.467164399102456,-20.29886363636364,8.501136363636359,-2.583791766400364e-16,52.08782493213672,-80.69162494593223,116.86021211060972,010
2.5837917664003644e-15,5.406350599790144,-21.269318181818186,1.7306818181818215,-2.1962230014403096e-15,3.807604396424269,-14.981818181818182,1.018181818181816,-1.5502750598402185e-15,5.368900862810757,-21.125340909090912,1.8746590909090912,-4.263256414560601e-15,5.333988741904161,-20.979318181818183,1.8206818181818176,3.2297397080004557e-15,5.604198894394622,-22.050454545454546,1.9495454545454545,-4.198661620400592e-16,0.9018306759992728,-0.2772601368594376,3.5478061034339388,015
-2.0670334131202917e-15,10.881875854255918,-9.902272727272727,12.19772727272727,1.5502750598402185e-15,9.741200892842254,-8.847727272727273,13.152272727272733,-3.100550119680437e-15,10.879338215167316,-9.9,12.099999999999996,0.0,10.936264735440355,-9.95,13.250000000000009,1.0335167065601457e-15,11.777443000220822,-10.690113636363636,16.409886363636367,0.0,46.25937260718506,-122.87668435388495,127.43597126727904,008
2.0670334131202917e-15,10.76038221501556,-16.888636363636362,14.91136363636364,-1.0335167065601457e-15,13.184520212388788,-19.025795454545456,17.274204545454555,-1.5502750598402185e-15,14.189146764297012,-21.08568181818182,16.81431818181818,1.0335167065601457e-15,14.957783690224757,-21.916590909090907,19.0834090909091,1.5502750598402185e-15,10.51880493361318,-16.511363636363637,11.588636363636368,-5.167583532800728e-16,47.05700406522421,-88.29037613406392,108.288578586346,010
2.163925604360305e-15,2.915724671770339,-13.117954545454545,8.682045454545456,1.3241932802801868e-15,4.361010891924425,-12.808522727272727,4.691477272727273,-5.619747091920792e-15,4.803543843680535,-14.988295454545462,5.811704545454539,-1.0981115007201548e-15,5.67073125577351,-15.575454545454548,5.724545454545464,1.84095163356026e-15,3.057901556920723,-12.9425,4.5575000000000045,-5.425962709440765e-15,50.0409907266035,-55.61889091230489,148.84911968926122,010
-7.347657835701036e-16,0.6605334429349791,-10.472159090909097,0.8278409090909058,1.0335167065601457e-15,0.9631576788665,-12.869886363636365,1.1301136363636315,1.291895883200182e-16,3.517700041889693,-56.38522727272728,0.7147727272727451,-8.558810226201208e-16,1.5221183950581434,-19.511022727272728,2.088977272727277,-4.973799150320701e-15,1.4324642121212887,-12.299090909090912,4.700909090909089,6.201100239360874e-15,111.08113961256988,-230.9559692707304,113.5108408242817,008
0.0,0.0,0.0,0.0,0.0,0.0,0.0,0.0,0.0,0.0,0.0,0.0,0.0,0.0,0.0,0.0,0.0,0.0,0.0,0.0,0.0,0.0,0.0,0.0,012
-2.0670334131202917e-15,10.380715828177356,-14.528409090909092,9.07159090909091,-5.167583532800728e-16,14.2326995853593,-18.51511363636364,18.484886363636363,-1.0335167065601457e-15,15.44977021814203,-19.979545454545452,20.92045454545455,1.0335167065601457e-15,16.45464414837303,-21.163636363636364,22.636363636363622,0.0,10.939785817224951,-15.021477272727273,14.078522727272722,-1.0335167065601457e-15,56.38106452902263,-112.49972592600406,144.0587426198807,010
-4.134066826240583e-15,25.52868279272777,-35.39306818181819,31.90693181818181,0.0,11.820102848677154,-17.03068181818182,9.969318181818178,1.0335167065601457e-15,12.91112343954136,-18.602272727272727,11.397727272727272,3.100550119680437e-15,10.751680047821512,-15.504886363636365,9.395113636363636,0.0,13.562035264060322,-19.536704545454548,11.863295454545458,-8.268133652481165e-15,42.051434272675024,-58.09159966004376,58.48754995742984,006
4.218847493575595e-15,0.7161981288819803,-11.494886363636365,0.1051136363636402,-2.2365947477903157e-15,0.495183412050775,-7.954545454545455,0.0454545454545431,-2.014550142865284e-15,0.7172404287577692,-11.368409090909095,0.1315909090909066,7.105427357601002e-16,0.7206460886759652,-11.516818181818184,0.1831818181818185,-1.538163535935217e-15,0.7413974617443677,-11.896590909090907,0.1034090909090892,-5.440092820663267e-16,0.1206224695331617,-0.0523292771707417,1.9266669472111184,015
-3.100550119680437e-15,10.688483172118536,-13.329545454545457,8.770454545454543,-1.0335167065601457e-15,8.641971071343265,-10.767045454545457,7.932954545454544,0.0,10.685700878001976,-13.326136363636364,8.773863636363634,0.0,10.68477304391628,-13.325,8.674999999999997,0.0,12.356463107493967,-15.401136363636365,11.598863636363632,-8.268133652481165e-15,36.54263289018461,-45.36168261687184,42.44295357133654,012
2.1962230014403096e-15,3.658374231057124,-14.066590909090907,7.333409090909097,1.388788074440196e-15,2.733446645829982,-10.115340909090907,7.3846590909091,2.648386560560373e-15,7.8508049509651645,-19.38840909090909,9.211590909090916,1.2918958832001822e-15,8.04364338162273,-19.352386363636363,11.547613636363636,2.0024386189602826e-15,11.182553872232043,-22.971590909090907,13.4284090909091,6.717858592640947e-15,89.86090156362832,-110.3018507086448,207.9664642040105,002
4.263256414560601e-15,2.8792184264861453,-11.835340909090906,14.0646590909091,-2.0670334131202917e-15,1.070112948535792,-11.724431818181824,3.8755681818181777,-2.583791766400364e-16,1.1793518846250235,-12.338636363636365,4.361363636363631,-9.043271182401274e-16,2.292235535454417,-10.437500000000004,10.1625,-4.780014767840674e-15,2.630553155600956,-17.008068181818185,7.291931818181816,-1.0335167065601457e-15,38.17274304368888,-106.70975561873566,128.20408630049238,013
2.793724847420394e-15,0.7114465534016648,-11.217272727272729,0.3827272727272763,-2.2365947477903157e-15,0.495183412050775,-7.954545454545455,0.0454545454545431,-9.9314496021014e-16,0.7310588946439383,-11.442727272727277,0.4572727272727306,-2.0185873175002848e-16,0.7043116914248166,-11.123636363636365,0.4763636363636401,-2.6160891634803688e-15,0.7449564490986832,-11.587159090909095,0.4128409090909102,3.9211058642443033e-16,0.1179390041653487,-0.0422849363690565,1.8725400149581533,015
4.68312257660066e-15,0.8325773904290934,-11.49715909090909,3.0028409090909136,-1.453382868600205e-15,3.0795138186063737,-12.328068181818182,8.671931818181825,-2.4868995751603505e-15,3.388175977429289,-14.443977272727276,7.256022727272725,4.586230385360647e-15,2.073071330595148,-12.60340909090909,5.896590909090911,-1.808654236480255e-15,2.8213624921274243,-12.98477272727273,6.115227272727271,8.268133652481165e-15,115.3575510730308,-68.52240309889847,290.6138454248478,004
-2.325412589760328e-15,8.765298078971595,-17.863636363636363,8.13636363636364,5.167583532800728e-16,13.202800385392823,-24.977272727272727,12.022727272727272,2.0670334131202917e-15,14.17907100249525,-27.18522727272727,14.314772727272736,2.0670334131202917e-15,15.181153249932429,-29.142045454545453,14.45795454545454,-1.5502750598402185e-15,9.962201134602784,-20.08409090909091,9.91590909090909,5.684341886080802e-15,66.13104051079657,-118.51099597293488,168.40220360118582,010
2.0670334131202917e-15,10.643277706166392,-17.848181818181818,9.15181818181818,0.0,16.06038884211133,-24.87238636363637,29.227613636363635,0.0,13.90083125227165,-22.113636363636363,20.086363636363647,9.301650359041311e-15,20.692441474637583,-32.351477272727266,28.04852272727274,4.650825179520656e-15,13.006910901453391,-21.26772727272727,13.932272727272732,2.0670334131202917e-15,105.11107698848993,-78.00668091128546,278.31118821821246,004
5.296773121120747e-15,2.3046097243144987,-27.073863636363637,3.426136363636374,-3.488118884640492e-15,1.4896451084302758,-15.660795454545458,1.739204545454534,1.921695126260271e-15,1.3054669644810006,-17.63806818181818,1.4619318181818208,-1.6148698540002276e-17,0.788417370367179,-10.863068181818182,0.6369318181818215,1.7359850930502448e-15,1.0265159055962805,-11.39806818181818,2.50193181818182,-1.085192541888153e-14,67.5160503463619,-95.10134811701796,79.08011343393296,007
-3.8756876496005453e-16,2.0322736136666704,-19.649431818181817,2.7505681818181884,-5.652044489000797e-16,0.9666124444515468,-14.101136363636364,0.898863636363636,4.68312257660066e-16,1.3466255989010831,-15.276704545454546,1.2232954545454504,1.404936772980198e-15,1.1138511794206136,-15.724431818181817,1.3755681818181849,1.2176118699161715e-14,3.4652940959589005,-55.66931818181818,0.33068181818183,2.0670334131202917e-15,114.90112759538212,-183.0940798384838,161.8064593074423,009
4.134066826240583e-15,10.755725795304611,-17.985340909090908,12.014659090909092,-4.134066826240583e-15,21.40664468629324,-33.35795454545455,23.04204545454546,0.0,16.660513984858614,-26.706818181818186,17.893181818181812,1.0335167065601457e-15,25.38956683522936,-40.50568181818182,26.494318181818198,5.167583532800728e-16,13.423838144392963,-22.348863636363635,14.151136363636365,-1.0335167065601457e-15,77.24979745983813,-121.465797920381,193.81167730169136,002
-4.392446002880619e-15,6.78776904630918,-13.55568181818182,4.144318181818184,-2.583791766400364e-16,8.947004161789263,-17.867272727272727,5.132727272727276,5.167583532800728e-16,9.458311039888292,-18.875,5.125,1.0335167065601457e-15,11.35933664109044,-22.672727272727272,6.327272727272728,0.0,12.053290761523105,-24.05,6.950000000000006,-2.0670334131202917e-15,66.57132974016194,-67.80589723908176,98.22065601377211,007
-4.134066826240583e-15,10.484709615954484,-15.27079545454546,12.629204545454549,-1.0335167065601457e-15,12.349878623470874,-17.33840909090909,21.96159090909091,1.0335167065601457e-15,17.473441180666587,-22.618181818181817,29.481818181818177,0.0,18.19798465223258,-25.06477272727273,28.73522727272727,2.0670334131202917e-15,17.68313000508845,-24.63636363636364,33.26363636363635,-9.043271182401277e-15,115.393147582866,-239.7710961850682,118.49253761669397,004
7.105427357601002e-16,4.551993533795372,-14.77056818181818,8.029431818181813,1.0658141036401502e-15,2.4690815343869086,-12.437386363636364,4.562613636363633,-8.558810226201208e-16,2.609720139123248,-13.1875,5.712499999999999,3.358929296320473e-15,5.110798726564216,-15.75738636363636,10.342613636363648,2.777576148880392e-15,2.8873802589569064,-11.477613636363634,7.822386363636369,-3.100550119680437e-15,68.85042129313035,-187.15158984755453,136.97751035149378,000
8.478066733501197e-16,0.7185367002940226,-11.249318181818182,0.4506818181818204,-5.349256391375754e-16,0.5159823736498711,-7.994090909090907,0.4059090909090947,-4.0936950798905774e-15,0.700500079636147,-10.992954545454548,0.5070454545454552,-1.8248029350202574e-15,0.7105431570255729,-11.167613636363637,0.4323863636363683,-2.2083345253453117e-15,0.6823170523424977,-10.946590909090908,0.1534090909090899,-3.2095538348254528e-16,0.3089428571043676,-0.0619354354768582,4.957747807664309,013
-2.842170943040401e-15,2.811876193446776,-17.975,10.025,1.6471672510802322e-15,1.1111507511294485,-13.26590909090909,3.734090909090913,1.162706294880164e-15,0.9487589762638996,-13.861363636363638,1.138636363636362,-1.7763568394002505e-15,1.3357626779552525,-17.0925,1.8075000000000043,-1.7763568394002505e-15,3.3332151492048068,-53.52579545454545,0.5742045454545348,-1.0335167065601457e-15,108.01337435057584,-178.63756332306085,160.67950210931545,009
-3.552713678800501e-15,2.914235753745584,-13.003750000000004,8.696249999999996,3.2297397080004555e-16,4.389560163587244,-12.934545454545455,4.665454545454544,-2.0024386189602826e-15,4.828963702929944,-14.07068181818182,5.729318181818179,-1.4210854715202005e-15,5.69989513460156,-15.630000000000004,5.670000000000009,1.921695126260271e-15,3.022621247286113,-12.307499999999996,4.592500000000005,2.0670334131202917e-15,50.22944939030361,-55.63594096432885,148.83206963723728,010
2.5837917664003644e-15,15.25332222991394,-29.24863636363636,22.651363636363644,1.5502750598402185e-15,14.183497788068085,-27.813636363636363,11.18636363636363,6.201100239360874e-15,15.338551767957968,-30.062159090909088,12.037840909090908,-2.0670334131202917e-15,8.956333174107572,-17.597727272727273,10.002272727272729,1.0335167065601457e-15,20.460542050291227,-40.10909090909091,17.390909090909105,-1.5502750598402185e-15,10.793920565212929,-21.04776737623169,12.71434365964721,013
1.0335167065601457e-15,10.604788578414562,-19.69215909090909,9.507840909090913,4.134066826240583e-15,30.27042754624792,-56.32840909090909,22.67159090909091,3.100550119680437e-15,27.700022241502843,-51.657954545454544,17.44204545454545,4.134066826240583e-15,15.787550342472883,-29.447954545454543,9.452045454545456,-1.0335167065601457e-15,16.50819516578705,-30.77806818181818,11.52193181818183,5.167583532800729e-15,30.74614902621722,-54.81879441670889,60.94159851152262,015
1.9257323008952717e-15,0.7116465364715137,-11.42784090909091,0.0721590909090927,8.054163396826136e-16,0.5115249745484348,-7.823863636363635,0.476136363636364,4.412631876055622e-15,0.7113851924558557,-11.41875,0.0812500000000042,2.773538974245391e-15,0.7110547452363571,-11.405113636363636,0.0948863636363661,-1.9661040472452774e-15,0.6834752590636076,-10.954545454545451,0.1454545454545446,7.953234030951122e-16,0.3121522888664105,-0.0590003289536404,5.0196975670860216,013
-8.074349270001139e-17,3.4088538838055764,-54.76875,0.5312500000000142,2.1962230014403096e-15,4.992506243866032,-20.216363636363635,6.983636363636371,2.5837917664003644e-15,4.396431790337109,-19.665113636363635,5.334886363636372,1.3564906773601913e-15,3.707770095083548,-14.969886363636364,7.230113636363644,5.732787981700809e-16,1.7535476695076002,-12.459659090909092,5.740340909090911,5.167583532800728e-16,81.13347055807648,-92.15923327820369,108.33531501413016,000
3.875687649600546e-15,5.685039085931984,-11.941022727272724,8.35897727272728,-1.0335167065601457e-15,5.357352540170324,-12.306818181818182,10.193181818181817,-3.8756876496005453e-16,5.111294310890473,-22.12738636363637,7.872613636363631,4.650825179520656e-15,5.255534173601834,-18.58193181818181,9.51806818181818,2.842170943040401e-15,7.107381398118891,-18.197840909090907,16.302159090909086,0.0,50.361865410157634,-61.51969274306914,91.356333195942,001
2.9713605313604188e-15,12.087600332790151,-13.742613636363636,79.05738636363637,-5.652044489000797e-16,5.259192365643509,-15.779545454545454,6.720454545454548,1.0335167065601457e-15,4.777294589518351,-15.378636363636362,6.62136363636364,3.5284906309904975e-15,3.7634647643549566,-13.99488636363636,6.705113636363638,-3.3912266934004783e-16,3.642054212157957,-13.979545454545455,9.320454545454544,-5.425962709440765e-15,75.8427016986727,-94.74181579839654,145.457561780913,002
1.6794646481602368e-15,0.7781422485558831,-10.88806818181818,0.611931818181823,7.711003552851087e-16,0.711230881818321,-11.410795454545458,0.089204545454546,4.061397682810572e-15,0.7118214381528909,-11.394886363636363,0.1051136363636402,-6.620966401400934e-16,0.9040935086118296,-11.623863636363636,0.8761363636363626,5.369442264550757e-15,0.7111488112307272,-11.411931818181817,0.0880681818181869,-1.3564906773601913e-15,3.45425032811732,-8.562887453738735,7.110945989860067,013
-2.325412589760328e-15,8.765298078971595,-17.863636363636363,8.13636363636364,5.167583532800728e-16,13.202800385392823,-24.977272727272727,12.022727272727272,2.0670334131202917e-15,14.17907100249525,-27.18522727272727,14.314772727272736,2.0670334131202917e-15,15.181153249932429,-29.142045454545453,14.45795454545454,-1.5502750598402185e-15,9.962201134602784,-20.08409090909091,9.91590909090909,5.684341886080802e-15,66.13104051079657,-118.51099597293488,168.40220360118582,010
-1.0335167065601457e-15,38.78614396568389,-93.41852272727272,16.58147727272727,2.0670334131202917e-15,13.52151701039483,-27.005681818181817,15.094318181818192,-4.134066826240583e-15,12.791076410173169,-26.86170454545455,13.13829545454545,-3.100550119680437e-15,11.62207318472284,-24.837159090909093,12.36284090909091,5.167583532800728e-16,9.99544565711292,-22.995454545454542,10.004545454545454,1.162706294880164e-15,72.18202800675468,-108.62528830315748,129.2908524625558,002
4.977836324955702e-15,0.7243657723904023,-11.466477272727271,0.7335227272727352,-7.105427357601002e-16,0.8700234809693455,-13.889772727272732,0.1102272727272719,-1.3241932802801868e-15,0.8974782091210386,-14.416477272727272,0.0835227272727259,-8.881784197001253e-17,0.6540488962437642,-10.038636363636364,1.0613636363636374,-1.970141221880278e-15,3.24719064845876,-52.187272727272735,0.4127272727272668,-1.5373561010082167e-14,6.180191284855011,-73.08712594937415,5.292354508932277,015
1.953992523340276e-15,3.170032211606685,-50.97306818181819,0.6269318181818164,-6.911642975120975e-15,2.9495138186706176,-19.40522727272728,11.094772727272726,-4.134066826240583e-15,9.222260611849563,-18.269659090909094,42.43034090909091,-3.035955325520428e-15,3.172223014027095,-50.83488636363637,0.6651136363636283,-3.891836348140549e-15,1.2927409977215396,-14.433409090909093,2.766590909090908,2.0670334131202917e-15,15.056113180624331,-30.185584771875607,21.74559090539681,009
-6.717858592640947e-15,3.318633188478266,-45.03681818181819,1.5631818181818176,1.5502750598402185e-15,3.191985500585868,-22.57613636363636,6.9238636363636346,-3.8756876496005453e-16,5.976929889926008,-20.880000000000003,7.919999999999995,5.167583532800728e-16,7.336503406351349,-19.703636363636363,10.496363636363649,9.043271182401274e-16,7.111672578743489,-22.04329545454545,13.35670454545454,2.0670334131202917e-15,115.50741817268388,-171.29814845912716,183.3587160222866,011
4.134066826240583e-15,24.695762633142987,-27.05761363636364,30.54238636363636,6.201100239360874e-15,27.882214199834166,-29.22579545454545,36.77420454545455,4.134066826240583e-15,31.757570676107044,-33.50954545454545,40.09045454545456,-2.0670334131202917e-15,17.532069122449855,-18.44011363636364,23.359886363636363,-4.134066826240583e-15,34.81351917807195,-37.18227272727273,43.71772727272726,8.268133652481165e-15,75.42927111241205,-81.36114370892959,83.05081447724562,005
1.9055464277202687e-15,4.403048130366786,-9.352840909090908,7.147159090909092,5.102988738640719e-15,3.3527585453056177,-21.41647727272727,7.183522727272724,4.521635591200637e-16,9.400528574877413,-15.835113636363635,12.764886363636355,-3.2297397080004555e-16,4.574487110244986,-10.343295454545457,7.556704545454547,-1.1304088978001594e-15,1.1384718568787535,-10.88261363636364,4.317386363636359,5.167583532800728e-16,66.13211122724547,-71.33280080040785,118.61130265238704,000
1.6374780319562313e-14,3.4643549048884696,-55.657954545454544,0.3420454545454703,-2.583791766400364e-16,1.6449024021827594,-16.941704545454545,8.058295454545458,4.658899528790657e-15,1.7469836903826013,-17.89840909090909,4.901590909090906,2.777576148880392e-15,1.5008773906059854,-12.58238636363636,4.517613636363642,-1.3564906773601913e-15,2.356430972728788,-22.35534090909092,9.444659090909092,-1.7117620452402413e-15,6.947941417224139,-42.75415624885028,7.7509274763415235,009
-1.0335167065601457e-15,12.083444241677766,-10.04659090909091,17.653409090909093,-2.0670334131202917e-15,15.86819948535513,-12.992045454545456,30.807954545454542,-2.0670334131202917e-15,14.406701795052546,-11.984545454545456,23.115454545454547,0.0,11.6845062679262,-9.682954545454546,23.61704545454546,0.0,12.012162134269555,-10.013295454545457,17.98670454545455,-4.134066826240583e-15,41.72751216935131,-34.698321468769045,60.45449844199215,012
1.5623865837452202e-15,0.7433095178027779,-11.93522727272727,0.1647727272727301,1.546237885205218e-15,4.83424047723482,-10.52090909090909,13.779090909090913,-8.841412450651247e-16,1.3224932431204228,-12.346590909090908,6.15340909090909,1.5502750598402185e-15,2.498201005616404,-13.209090909090907,9.29090909090909,-9.043271182401274e-16,2.3904605497642786,-13.719204545454549,7.580795454545445,6.201100239360874e-15,19.676804002822024,-42.7353091928327,56.71927784377095,004
0.0,0.0,0.0,0.0,0.0,0.0,0.0,0.0,0.0,0.0,0.0,0.0,0.0,0.0,0.0,0.0,0.0,0.0,0.0,0.0,0.0,0.0,0.0,0.0,004
-3.358929296320473e-15,6.787715264534649,-19.581818181818186,2.518181818181816,6.459479416000911e-16,5.42121429662181,-15.53556818181818,3.664431818181818,-3.358929296320473e-15,6.786060700782946,-19.577272727272728,2.52272727272727,-2.0670334131202917e-15,6.785232125727165,-19.575,2.424999999999997,7.751375299201094e-16,7.440109489962091,-21.15943181818182,5.440568181818183,-3.100550119680437e-15,49.63021183660657,-101.93628601301867,82.67472628269856,009
-2.5837917664003644e-15,10.371171752140484,-17.493181818181817,14.306818181818183,5.167583532800728e-16,12.975282963203794,-19.979545454545452,16.320454545454556,-1.0335167065601457e-15,14.01598545020991,-22.238636363636363,15.661363636363635,-5.167583532800728e-16,14.768819098424338,-23.102272727272727,17.89772727272728,0.0,10.249866507899116,-17.120454545454546,11.679545454545451,3.100550119680437e-15,49.053800844328656,-86.56951302251008,110.98232403403188,010
2.0670334131202917e-15,13.807665538906187,-23.23704545454545,14.762954545454548,-2.0670334131202917e-15,10.204605018554648,-17.114772727272726,16.28522727272728,-1.0335167065601457e-15,10.390586619111367,-17.49772727272727,12.202272727272732,4.134066826240583e-15,12.122668813984555,-19.04090909090909,19.95909090909091,0.0,14.00110993054444,-20.571590909090908,29.9284090909091,0.0,106.12950991818556,-264.0289813620517,93.31161743175474,004
-1.5502750598402185e-15,10.150778987328351,-15.563636363636364,8.536363636363637,5.167583532800728e-16,8.628989615062675,-13.238636363636363,5.761363636363637,-1.0335167065601457e-15,10.021445753981803,-15.375,6.6249999999999964,5.167583532800728e-16,10.314971604640776,-15.8125,8.787500000000001,2.0670334131202917e-15,11.39733262651764,-17.481477272727272,9.218522727272733,0.0,35.519549511793585,-54.29485902074715,31.696938703667332,012
-2.858319641580403e-15,1.423948861085818,-21.47443181818182,1.5255681818181728,1.0012193094801413e-15,1.179784964297932,-14.627272727272729,3.072727272727274,9.204758167801298e-16,3.865077924585717,-55.99852272727272,0.9014772727272912,-3.97257984084056e-15,1.463446270652523,-17.25988636363637,1.3401136363636397,-8.558810226201208e-16,3.509319718090814,-56.33965909090909,0.7603409090909281,3.100550119680437e-15,125.18949824513484,-185.7303289714284,167.50330834688054,009
1.0335167065601457e-15,13.071212721643809,-10.128409090909091,18.371590909090912,3.100550119680437e-15,24.10572777275204,-17.948522727272728,47.75147727272727,-4.134066826240583e-15,21.15521488000815,-16.208750000000002,35.39125000000001,0.0,14.005978943464564,-10.77875,22.22125,2.0670334131202917e-15,17.648470185366804,-13.41215909090909,29.6878409090909,4.134066826240583e-15,32.46810368311542,-54.59691716163289,78.54357752409706,011
2.8260222445003983e-15,1.942151707290713,-23.07386363636364,3.0261363636363683,1.162706294880164e-15,8.171198688296334,-33.920795454545456,8.079204545454552,-2.9713605313604188e-15,6.5821948573389495,-32.43329545454546,7.766704545454544,3.2297397080004557e-15,6.474345701290134,-33.75988636363636,8.240113636363645,2.1316282072803005e-15,3.1186950859704443,-22.98977272727273,5.010227272727278,-2.0670334131202917e-15,85.5059976341503,-110.09309744251928,142.1710524288602,001
3.851464601790543e-15,0.8046730445825101,-12.926136363636363,0.0738636363636402,-4.073509206715574e-15,0.6833868318774298,-10.952272727272728,0.2477272727272712,-2.4505650034453457e-15,0.6810639768009076,-10.938636363636364,0.1613636363636352,-2.2083345253453117e-15,0.6823170523424978,-10.946590909090908,0.1534090909090899,1.6148698540002276e-17,1.021315787354724,-16.40625,0.09375,-4.339962732625612e-16,0.1286168198472082,-0.0608383515168409,2.032176474096058,009
4.784051942475675e-15,0.7160773160937074,-11.361931818181816,0.338068181818187,1.0698512782751507e-16,0.5199916560042569,-8.133636363636363,0.3663636363636371,3.383152344130477e-15,0.7035037662090007,-11.101704545454544,0.3982954545454618,-4.497412543390634e-15,0.7073371286261297,-11.234431818181822,0.5655681818181826,-3.6617173939455166e-15,0.6826742731516547,-10.948863636363637,0.2511363636363626,-2.1094237467877974e-15,0.3094409521019707,-0.0562143216747745,4.973782161778729,013
0.0,10.143595712304888,-16.08215909090909,6.917840909090913,-3.358929296320473e-15,7.189133213652141,-11.4,4.599999999999998,2.0670334131202917e-15,10.05137381586519,-15.939431818181816,6.6605681818181885,-1.5502750598402185e-15,9.998249340561228,-15.85318181818182,6.746818181818181,1.0335167065601457e-15,10.48896052636074,-16.633409090909094,7.066590909090909,3.2297397080004555e-16,1.6853907525350038,-1.1154212137926156,2.672402769817257,015
2.438453479540344e-15,3.35908125037054,-11.593749999999998,9.50625,-1.877286205275265e-15,0.8809262124239112,-11.09090909090909,4.109090909090913,-4.263256414560601e-15,10.279382877636252,-25.843863636363643,15.256136363636358,7.751375299201094e-16,3.0399199964325945,-13.499772727272727,8.300227272727273,-2.438453479540344e-15,1.1098975969069564,-11.389772727272728,3.1102272727272755,2.325412589760328e-15,71.92121194863677,-90.56251514582154,114.53804086156914,000
4.509524067295636e-15,1.0193865577046446,-11.771022727272726,4.028977272727275,3.068252722600433e-15,7.0767277836193765,-26.805113636363632,8.294886363636373,2.2608177956003187e-15,4.988049251017728,-21.05681818181818,7.443181818181813,3.778795458360533e-15,6.019797116331872,-28.56420454545454,9.13579545454546,1.873249030640264e-15,2.995356599309136,-15.895454545454545,7.4045454545454525,-5.425962709440765e-15,116.66334561530547,-165.77923797385083,164.8810081318938,003
-1.0335167065601457e-15,7.726293587698167,-21.39318181818182,3.906818181818185,-5.167583532800728e-16,11.899160415552071,-32.93636363636364,6.563636363636363,-1.2918958832001822e-15,11.916450135533008,-32.92840909090909,6.071590909090901,-5.167583532800728e-16,17.62938685807693,-48.74090909090909,10.2590909090909,-3.8756876496005453e-16,5.220763016769936,-14.2875,3.712500000000004,-4.134066826240583e-15,109.03219751597464,-94.10481694789182,265.0738304526943,007
-2.5837917664003644e-15,7.539410281073953,-18.9375,3.2624999999999997,2.5837917664003644e-15,7.234944238220866,-18.160227272727276,4.039772727272723,-2.5837917664003644e-15,7.536567791812032,-18.930681818181817,3.1693181818181806,-1.808654236480255e-15,7.571414324684197,-19.01181818181818,4.288181818181826,1.5502750598402185e-15,7.586810512329933,-19.0175,4.682500000000001,1.0335167065601457e-15,32.11085627869021,-80.08730812893248,25.199989262102804,012
-2.870431165485405e-15,2.756703990365283,-14.95386363636364,4.846136363636365,-1.970141221880278e-15,5.257648402339582,-18.25443181818182,7.945568181818182,-6.0396132539608514e-15,6.002878437476806,-21.415681818181824,7.484318181818175,-2.1962230014403096e-15,6.346635077570732,-22.629318181818185,8.870681818181822,-9.689219124001363e-16,1.5513084153664536,-12.411136363636365,4.388863636363638,5.619747091920792e-15,52.4303862671105,-71.98254145097022,133.44402754184972,010
-5.167583532800728e-16,4.877527834502124,-23.474204545454548,5.725795454545448,2.5837917664003644e-15,12.487842465873731,-44.13295454545455,13.067045454545472,2.842170943040401e-15,7.906855874606387,-32.119204545454544,10.780795454545457,1.2918958832001822e-15,13.45874673349505,-52.1,12.6,-2.583791766400364e-16,7.173535629642615,-28.709545454545456,12.19045454545455,-7.751375299201092e-15,76.74160089529097,-112.75791307917004,205.053754470766,002
3.358929296320473e-15,6.2894192435778695,-24.85681818181818,3.143181818181823,1.937843824800273e-15,7.049778072235225,-27.938636363636363,3.0613636363636445,-2.7129813547203826e-15,8.149196139943664,-32.375,2.625,9.043271182401274e-16,5.257362447505606,-20.884431818181817,1.815568181818186,-2.0670334131202917e-15,8.031311705876078,-31.855681818181814,3.2443181818181834,1.1885442125441675e-14,78.68829675624573,-192.45259276375128,95.0954440473746,007
2.0670334131202915e-14,48.03470270541845,-67.23295454545455,34.86704545454548,2.0670334131202917e-15,48.09201724481539,-67.31477272727274,35.08522727272728,1.0335167065601458e-14,48.10050059822235,-67.32386363636364,35.07613636363638,-4.134066826240583e-15,47.89894259956591,-67.04034090909093,34.959659090909085,4.134066826240583e-15,48.109276468492,-67.25420454545456,35.24579545454546,-1.653626730496233e-14,68.17463127390491,-93.55415762840605,75.22832261902708,007
1.9378438248002726e-16,1.638898541628512,-16.265454545454546,4.834545454545459,-2.805836371325396e-15,0.8320732889362307,-11.463295454545458,1.136704545454542,-1.4937546149502109e-15,0.8785395866257804,-10.769886363636363,2.330113636363638,-5.781234077320815e-15,2.30479969628151,-18.499204545454543,4.600795454545455,9.043271182401274e-16,5.631130887513987,-12.898863636363636,57.80113636363638,2.015357577792284e-14,10.068819407452654,-63.52458926414457,16.57720232632508,006
-4.134066826240583e-15,10.853691128154138,-9.54159090909091,12.658409090909087,1.5502750598402185e-15,8.985166081054498,-7.893636363636364,12.106363636363636,-1.0335167065601457e-15,10.843711223047343,-9.532954545454546,12.567045454545452,1.0335167065601457e-15,11.596768127014334,-10.190909090909091,15.509090909090917,-1.0335167065601457e-15,12.528290094260685,-10.961363636363636,20.53863636363637,0.0,48.9609837464394,-152.13966383615104,136.9141060605785,009
-3.1812936123804487e-15,0.8172425163796316,-7.306818181818183,1.69318181818182,-3.500230408545493e-15,0.6808771915698156,-10.9375,0.0624999999999964,1.7763568394002506e-16,1.154687714929135,-10.840909090909088,2.15909090909091,-1.396862423710197e-15,0.8113827267298311,-8.94534090909091,1.1546590909090888,1.9055464277202687e-15,1.364683646135223,-13.648522727272727,2.551477272727272,4.134066826240583e-15,105.6196464347714,-191.3007014841218,160.56872332398044,007
-3.6173084729605105e-15,11.919901971766754,-14.55227272727273,15.447727272727274,-4.134066826240583e-15,17.845003409756327,-22.018181818181823,16.58181818181818,-4.134066826240583e-15,16.35661263244475,-20.179318181818186,15.520681818181828,4.134066826240583e-15,30.172788764137607,-37.15011363636364,28.549886363636368,-4.134066826240583e-15,18.517860849505063,-22.31261363636364,21.98738636363636,1.0335167065601457e-15,32.69030239405289,-53.7497886441175,56.56979706155175,001
-1.291895883200182e-16,4.659521909111235,-12.263181818181817,9.936818181818186,1.162706294880164e-15,8.180811222757601,-11.09431818181818,10.405681818181822,-1.3564906773601913e-15,7.470247183005836,-12.254545454545454,9.745454545454546,-2.2608177956003187e-15,8.375998780181334,-11.55284090909091,11.947159090909082,1.6471672510802322e-15,1.748946849576804,-12.434090909090909,5.665909090909093,5.167583532800728e-16,64.52074026432108,-80.96373562460798,114.83026691647264,010
-1.0335167065601457e-15,10.84155777552285,-9.575,12.424999999999995,-1.0335167065601457e-15,10.691438366227578,-9.429545454545456,14.270454545454552,-2.0670334131202917e-15,10.846243148861031,-9.580681818181818,13.019318181818184,-1.0335167065601457e-15,11.603339190034378,-10.245568181818182,13.754431818181818,3.100550119680437e-15,11.757396333516551,-10.382954545454544,13.617045454545456,6.201100239360874e-15,36.251148133523,-31.83434309817736,59.17140829142696,012
-1.744059442320246e-15,4.851358227640231,-20.80227272727273,1.297727272727272,1.0335167065601457e-15,4.695944267342136,-19.472727272727276,10.527272727272733,-4.134066826240583e-15,4.8669011981678105,-20.85,2.150000000000002,3.358929296320473e-15,5.172682836524267,-22.025,3.1750000000000043,6.459479416000911e-16,5.139812553862541,-21.737045454545456,3.2629545454545443,4.134066826240583e-15,74.26085555562452,-116.58279310817976,121.14599045852572,007
-5.167583532800728e-16,9.546577531345118,-21.472727272727276,8.527272727272734,3.875687649600546e-15,10.243091931726354,-22.096704545454543,11.303295454545465,-5.167583532800728e-16,11.256530602203645,-24.627727272727277,10.372272727272726,-3.100550119680437e-15,13.513989950424165,-28.35727272727273,13.342727272727274,2.583791766400364e-16,9.45904058281903,-21.67534090909091,7.224659090909093,-2.0670334131202917e-15,62.070933152623454,-95.83479204165336,146.98013787242851,010
3.916059395950552e-16,0.8107460009126582,-12.430113636363636,1.0698863636363676,-9.689219124001363e-16,1.632201837496346,-14.834659090909092,9.065340909090908,4.4287805745956244e-15,0.7119280998234176,-11.41875,0.2812500000000071,2.2850408434103226e-15,0.7111978368357393,-11.408522727272729,0.0914772727272748,-1.4735687417752078e-15,0.5925538189979801,-9.44375,0.4562499999999971,8.268133652481165e-15,12.605346834693703,-59.41335599763103,15.374825000795354,013
-1.9378438248002726e-16,3.2717471385855883,-25.015454545454546,4.9845454545454615,1.7763568394002505e-15,2.806254118423601,-17.638068181818177,7.161931818181824,9.689219124001363e-16,2.51670960205471,-17.610227272727272,7.189772727272725,5.167583532800728e-16,3.1470022466620304,-14.90363636363636,7.996363636363636,1.3661798964841926e-14,3.4682469741735003,-55.73875,0.3612500000000125,-2.0670334131202917e-15,100.6732673796598,-119.4005962891911,155.2226585793734,010
3.100550119680437e-15,9.787552233271008,-17.56590909090909,6.634090909090912,-1.2918958832001822e-15,8.84005691148802,-14.842727272727274,14.857272727272733,1.5502750598402185e-15,10.631290201725555,-18.65568181818182,14.844318181818188,3.6173084729605105e-15,11.698712006169988,-20.10681818181818,17.193181818181817,5.167583532800728e-16,9.686678866825734,-16.80840909090909,12.49159090909091,4.134066826240583e-15,62.35711275892078,-43.497593729392,111.57286056497033,004
5.482483154330773e-15,1.0428283157728726,-15.457386363636363,1.4426136363636353,1.5825724569202229e-15,1.074890292066749,-8.473295454545454,1.526704545454546,-3.500230408545493e-15,0.6808771915698156,-10.9375,0.0624999999999964,6.943940372200979e-16,0.8640601531994809,-10.864772727272726,1.5352272727272798,-3.940282443760556e-15,1.76110825128022,-12.285000000000004,7.014999999999997,-2.0670334131202917e-15,123.87038587684307,-144.39398478343043,200.1129323572405,008
2.5837917664003644e-15,10.99494028073184,-14.638636363636364,8.561363636363643,-3.100550119680437e-15,10.34600149337059,-13.33409090909091,18.16590909090909,1.0335167065601457e-15,12.799860455721788,-16.336363636363636,24.063636363636363,-5.167583532800728e-16,11.702420051951393,-15.423863636363638,15.276136363636365,0.0,12.497021231337822,-15.837159090909092,20.56284090909091,3.358929296320473e-15,51.91566712685305,-118.63360308129724,121.38414687695592,000
2.163925604360305e-15,4.262953338329277,-13.151249999999996,10.648750000000003,-3.488118884640492e-15,9.85095770557067,-16.404318181818184,10.19568181818182,2.680683957640378e-15,7.761626169358578,-19.03034090909091,9.769659090909087,2.5837917664003644e-15,8.290899352534902,-18.16875,10.431250000000013,2.6160891634803688e-15,5.822277845076494,-12.077613636363637,6.722386363636375,-3.04887428435243e-14,8.300211597280905,-12.41843504873313,77.40301257833596,005
-3.100550119680437e-15,13.419111710203069,-27.610000000000003,16.48999999999999,1.0335167065601457e-15,14.137400320070071,-29.56590909090909,10.434090909090909,-5.167583532800728e-16,12.652350610910409,-26.526136363636365,9.473863636363642,3.100550119680437e-15,23.569617826857783,-48.89863636363636,19.401363636363637,2.0670334131202917e-15,16.256114494495947,-28.601704545454545,24.998295454545456,3.100550119680437e-15,26.46677113129856,-49.02707268163468,54.906325439506375,001
-1.808654236480255e-15,8.7654651693933,-30.533977272727277,14.066022727272715,7.751375299201094e-16,7.797403410645568,-18.200227272727272,12.799772727272735,1.4856802656802094e-15,3.0512597296034976,-13.526249999999996,5.473750000000003,-3.100550119680437e-15,6.945738868525945,-17.40545454545455,12.094545454545443,-1.6148698540002276e-15,8.076404120176052,-21.97318181818182,14.726818181818182,-7.880564887521111e-15,7.583585881513606,-16.51580924748844,24.87924553512329,005
-3.0399925001554287e-15,0.6790868017400429,-10.949545454545454,0.1504545454545436,1.517977662760214e-15,5.0414905791654565,-10.630113636363635,11.869886363636365,-5.81353147440082e-16,2.696361711134605,-12.3375,8.5625,1.0819628021801526e-15,3.373154561269743,-9.74681818181818,9.953181818181822,2.454602178080346e-15,2.210187014706977,-14.830795454545452,4.56920454545455,2.4804400957443496e-14,88.70068451253805,-37.077018259741465,322.16694632948975,004
-5.425962709440765e-15,8.757749151253474,-17.553409090909092,4.546590909090906,7.751375299201094e-16,7.199913831519211,-14.356022727272729,7.44397727272727,-1.808654236480255e-15,8.75717728070066,-17.552272727272726,4.647727272727273,-2.0670334131202917e-15,8.772604921426586,-17.577272727272728,6.822727272727274,-1.5502750598402185e-15,9.8231524034037,-19.58363636363637,9.51636363636364,-5.167583532800728e-16,53.003107011517216,-95.35647971230574,124.48742627939129,008
6.201100239360874e-15,20.223934019656145,-35.388636363636365,13.611363636363627,0.0,15.836928415980562,-27.722727272727276,10.377272727272729,2.0670334131202917e-15,21.05223209637565,-36.85681818181818,13.343181818181826,2.0670334131202917e-15,10.239805490206969,-17.9125,7.287500000000001,-2.0670334131202917e-15,25.098291692220187,-43.93636363636364,16.46363636363637,-2.325412589760328e-15,82.12305035699504,-157.53201054883644,160.89501367306988,007
1.5018289642202118e-15,0.7260561468709507,-11.21125,0.4887500000000031,-1.808654236480255e-15,2.3078378847915952,-10.204545454545457,7.795454545454543,-1.6148698540002276e-15,3.2606376112219038,-11.998068181818184,7.601931818181821,4.1179181277005805e-16,1.7627969974254645,-12.273863636363636,5.726136363636364,1.5502750598402185e-15,2.9053509250921628,-11.657045454545454,4.84295454545455,-5.167583532800729e-15,72.55743742532331,-327.40393358276015,28.95518850798709,004
4.134066826240583e-15,15.085450713548086,-18.236704545454543,15.763295454545457,-3.100550119680437e-15,10.853316412807112,-13.15034090909091,10.349659090909094,-1.0335167065601457e-15,10.761334357260736,-13.043181818181818,9.756818181818186,3.100550119680437e-15,18.384948911397338,-22.225340909090907,18.574659090909105,2.5837917664003644e-15,10.975172279281876,-13.291590909090909,11.008409090909096,-8.268133652481165e-15,44.70782341766718,-74.50456363439457,107.52355492087275,009
-3.100550119680437e-15,17.732151448419035,-22.869318181818187,19.830681818181816,-3.6173084729605105e-15,10.5768319926148,-13.775,8.224999999999996,1.0335167065601457e-15,13.089354103905892,-16.989772727272726,14.410227272727276,0.0,20.72311258963992,-26.93977272727273,19.06022727272728,-2.0670334131202917e-15,12.137127008252936,-15.79659090909091,10.203409090909094,9.301650359041311e-15,23.389321545871653,-30.042696259742424,28.54395716576963,012
-2.8340965937704e-15,0.966298577889998,-11.235113636363636,3.864886363636362,-1.404936772980198e-15,4.656264885715848,-11.338636363636365,13.761363636363637,4.521635591200637e-16,3.348687819288882,-13.725340909090908,10.57465909090909,-4.037174635000569e-16,4.45514606340589,-15.509090909090908,12.39090909090909,-6.136505445200865e-16,2.391774806541496,-13.892954545454549,8.207045454545451,6.717858592640947e-15,7.744909386577769,-12.748053110653188,85.58410960528911,004
-1.0335167065601457e-15,14.69464653767664,-14.705795454545456,20.59420454545455,0.0,11.017932040373138,-11.159090909090908,12.640909090909092,2.0670334131202915e-14,53.31085795045154,-53.91136363636362,54.48863636363639,-1.0335167065601457e-15,18.169995586619404,-18.21613636363637,23.68386363636364,-1.0335167065601457e-15,13.937436163364165,-13.894318181818182,20.605681818181814,5.167583532800728e-16,32.73597254052291,-64.3894872863698,66.82586920772057,011
-5.167583532800728e-16,8.168976728154144,-23.64318181818182,7.256818181818186,7.751375299201094e-16,9.499577850559623,-24.854545454545452,8.145454545454545,-1.0335167065601457e-15,10.740722440478036,-28.667045454545452,10.93295454545454,4.392446002880619e-15,13.213308506737247,-33.143181818181816,11.856818181818184,2.325412589760328e-15,9.764357958960904,-27.490113636363635,9.009886363636372,-5.167583532800728e-16,75.40715604074067,-133.88010897516585,136.85734612682157,010
-2.5837917664003644e-15,9.129045916131814,-17.304545454545455,6.695454545454545,-7.751375299201094e-16,7.17093023562598,-13.580681818181818,5.919318181818182,-2.0670334131202917e-15,9.044509358451895,-17.15568181818182,4.944318181818179,-1.0335167065601457e-15,9.071218149106418,-17.201136363636362,6.798863636363642,2.5837917664003644e-15,9.686990122545678,-18.267045454545453,9.032954545454553,-1.5502750598402185e-15,61.61286469390999,-102.13045359672778,128.27363751702546,008
0.0,11.298284316633366,-10.433522727272727,15.866477272727272,1.5502750598402185e-15,9.497930328595778,-8.301136363636363,24.29886363636364,-1.0335167065601457e-15,12.823513333013024,-11.637159090909092,23.762840909090905,0.0,13.66057964205856,-12.269545454545456,26.730454545454545,0.0,12.632403675114794,-11.509659090909093,21.39034090909091,-4.134066826240583e-15,80.32214625946652,-100.79381337823516,74.13936879992745,004
1.0335167065601457e-15,10.746962942482252,-14.667613636363637,13.332386363636369,4.134066826240583e-15,11.37331415170567,-15.945454545454544,14.354545454545455,8.268133652481165e-15,20.13382274010987,-25.07977272727272,31.22022727272728,3.6173084729605105e-15,10.207427715423666,-13.822840909090909,16.077159090909092,4.134066826240583e-15,11.832902562133182,-16.473522727272726,15.626477272727282,7.751375299201094e-16,71.8965022936449,-189.30348975947368,163.63965795670393,003
2.0185873175002848e-16,0.8526262221454856,-13.657159090909092,0.6428409090909071,2.454602178080346e-15,2.080543277747067,-18.691818181818185,5.808181818181815,-5.81353147440082e-16,1.2126914467159466,-16.446022727272727,2.5539772727272805,1.0319018367061456e-14,3.1891137767884112,-51.2610227272727,0.6389772727273026,3.504267583180494e-15,1.852508225408626,-22.022045454545456,3.5779545454545385,-1.291895883200182e-16,1.385354937986827,-2.9762064787129376,3.1257940394303305,013
-2.648386560560373e-15,6.336292515415391,-16.832500000000003,16.8675,3.746498061280528e-15,10.315043976222542,-27.28636363636363,12.11363636363636,5.038393944480711e-15,13.469002881559216,-30.120113636363637,13.379886363636366,4.909204356160692e-15,10.644148704940784,-24.79727272727272,9.902727272727269,-4.5216355912006375e-15,9.350668533022803,-23.86340909090909,11.236590909090914,5.167583532800729e-15,42.276775604767295,-38.20317917675071,131.85986174279975,001
9.204758167801298e-16,0.8909837631044136,-11.474545454545456,1.9254545454545424,-2.5837917664003644e-15,11.484890266312323,-25.51215909090909,16.087840909090907,-1.5825724569202229e-15,8.17514848097271,-20.06136363636364,12.338636363636368,-4.521635591200637e-16,10.733065437489604,-29.506704545454543,13.893295454545452,-1.0981115007201548e-15,3.615494446184721,-14.361477272727274,11.538522727272737,7.751375299201092e-15,102.95764034019064,-213.27326506244083,137.02625538700303,003
-2.0670334131202917e-15,2.0788274934244435,-11.214659090909093,4.585340909090913,-2.8260222445003976e-17,0.9113113508012376,-10.446590909090906,4.253409090909091,1.8571003321002615e-16,1.156866292087637,-11.626136363636364,2.6738636363636417,4.715419973680665e-15,2.609037604381045,-23.839772727272724,5.660227272727283,-4.521635591200637e-16,2.187715514767338,-14.40909090909091,5.590909090909097,1.0335167065601457e-15,84.03135795421599,-118.62955656686906,237.40584436962928,007
4.5216355912006375e-15,4.804581985756017,-14.423181818181812,7.776818181818179,-7.751375299201094e-16,11.477145147243217,-19.360795454545453,17.539204545454545,-2.9713605313604188e-15,9.272346984180508,-19.34636363636364,17.053636363636357,3.778795458360533e-15,6.034036268156986,-15.473295454545454,16.126704545454547,9.883003506481392e-15,10.343753652217778,-21.791136363636355,13.50886363636365,0.0,70.53151413939024,-167.22818898869193,105.49112712665296,003
1.227301089040173e-15,5.589231195700141,-16.411931818181817,10.48806818181819,-2.1316282072803005e-15,9.280165065146395,-17.480000000000004,10.219999999999995,1.0658141036401502e-15,8.234944783437252,-18.98306818181818,10.116931818181818,2.2931151926803235e-15,9.239967797943066,-20.46704545454545,10.932954545454557,-4.392446002880619e-15,4.936051409010716,-14.616818181818184,6.083181818181814,1.6148698540002278e-14,6.4814196402181885,-9.316037871084715,84.909736327155,005
-3.681903267120519e-15,2.9761550448058207,-14.334886363636365,6.165113636363635,-3.2943345021604644e-15,4.669355074081564,-12.95568181818182,15.344318181818178,-9.043271182401274e-16,3.8469681566051337,-13.492045454545456,9.107954545454549,-3.2297397080004555e-16,6.980574252201309,-16.493863636363635,12.80613636363637,-4.5216355912006375e-15,7.417696437684157,-14.267386363636366,19.13261363636364,1.291895883200182e-14,39.67460061083299,-338.1724904331372,16.56458813959469,004
1.5502750598402185e-15,7.875919597363359,-20.93636363636364,9.163636363636364,1.0335167065601457e-15,7.527755443321921,-20.39659090909091,4.603409090909089,1.5502750598402185e-15,8.124880411548395,-21.86784090909091,6.932159090909096,3.358929296320473e-15,8.169510072323648,-21.501704545454544,14.19829545454546,2.583791766400364e-16,12.515732444648735,-33.63068181818182,11.969318181818174,-4.134066826240583e-15,42.34525455852415,-113.95492999387312,94.1318820417392,015
1.0335167065601457e-15,12.48583522850217,-11.394318181818182,19.405681818181822,4.134066826240583e-15,16.21680271475411,-14.507727272727273,30.19227272727273,0.0,14.070082923390125,-12.627272727272729,23.97272727272728,-1.0335167065601457e-15,18.611871877739446,-16.495454545454546,33.50454545454545,1.0335167065601457e-15,12.32744054089316,-11.252272727272729,18.44772727272728,2.583791766400364e-16,35.300473532532145,-77.54971711960232,113.10027033679368,000
4.501449718025635e-15,0.7118261548229898,-11.43465909090909,0.0653409090909136,-4.440892098500626e-16,0.5238444583356071,-8.027727272727272,0.4722727272727276,4.501449718025635e-15,0.7118261548229898,-11.43465909090909,0.0653409090909136,4.501449718025635e-15,0.7118261548229898,-11.43465909090909,0.0653409090909136,-2.446527828810345e-15,0.6888111089418147,-11.027272727272727,0.3727272727272748,-2.0589590638502903e-16,0.3133699056792823,-0.060917784302104,5.035541803386577,015
-2.1316282072803005e-15,0.7976842046778676,-12.383977272727275,0.6160227272727283,1.396862423710197e-15,1.2307610148277506,-19.57977272727273,0.5202272727272756,6.459479416000911e-16,0.9284688975952036,-14.914772727272728,0.0852272727272733,5.0949143893707176e-15,1.2998564566332858,-20.88068181818182,0.1193181818181869,-1.1869293426901674e-15,0.7441056254445209,-11.875,0.2250000000000014,2.119516683375299e-17,0.0912185430024168,-1.4135943101743271,0.0640638434680651,007
-3.100550119680437e-15,10.887706728213557,-12.026136363636365,10.073863636363637,-5.167583532800728e-16,8.940692965451804,-9.870454545454546,9.129545454545454,-4.134066826240583e-15,10.8866604153891,-12.025,9.974999999999996,-4.134066826240583e-15,10.8866604153891,-12.025,9.974999999999996,-1.0335167065601457e-15,11.426818850825756,-12.611363636363638,12.188636363636364,0.0,41.991549673243256,-46.20967122216831,51.68074103372789,012
4.715419973680665e-15,4.983879248448926,-26.35397727272727,8.14602272727273,2.9713605313604188e-15,12.64263528501462,-31.25056818181818,16.74943181818182,-1.4210854715202005e-15,15.374324932687196,-37.73102272727273,13.868977272727273,4.521635591200637e-16,8.789457944501534,-22.526704545454542,9.373295454545463,3.778795458360533e-15,3.599643577397284,-13.645454545454545,11.65454545454546,1.9120059071362696e-14,8.553474981385598,-16.828966492389668,70.98942068290185,005
0.0,0.0,0.0,0.0,0.0,0.0,0.0,0.0,0.0,0.0,0.0,0.0,0.0,0.0,0.0,0.0,0.0,0.0,0.0,0.0,0.0,0.0,0.0,0.0,011
-3.100550119680437e-15,28.444951621109727,-100.40000000000002,8.600000000000009,2.0670334131202917e-15,28.43910898091041,-100.37409090909092,8.625909090909104,-2.0670334131202917e-15,14.657091050600703,-51.7321590909091,5.067840909090911,-1.291895883200182e-14,28.24331221119596,-99.6875,8.512500000000003,2.583791766400364e-16,8.89013624871189,-31.259545454545453,4.640454545454553,4.134066826240583e-15,18.262412038473855,-60.87637247525422,16.765138342923656,012
1.0900371514501536e-16,3.813521640313105,-14.036250000000004,11.263749999999996,7.105427357601002e-16,6.668960471323737,-18.03693181818182,9.863068181818186,-2.4868995751603505e-15,7.214298065508234,-20.63511363636364,9.764886363636364,6.685561195560943e-15,7.700111207203814,-21.013181818181813,10.886818181818178,9.36624515320132e-16,4.5783230716890575,-15.688181818181818,9.411818181818187,2.4804400957443496e-14,129.62502257133673,-76.4517945577437,282.79217003148733,005
-4.134066826240583e-15,22.32856074048965,-26.97159090909091,26.328409090909087,8.268133652481165e-15,26.539845009730108,-30.90363636363636,34.59636363636364,8.268133652481165e-15,30.14568390001439,-35.27113636363636,35.22886363636364,3.100550119680437e-15,13.797923921570757,-16.45,17.050000000000008,2.0670334131202917e-15,26.861322912229053,-31.02636363636364,35.07363636363637,0.0,58.99168190598965,-66.61642188135696,71.82908902948935,005
1.0335167065601457e-15,9.46352111030924,-17.097386363636364,5.70261363636364,-1.5502750598402185e-15,6.753694179655608,-12.201136363636364,3.8988636363636378,-3.100550119680437e-15,9.40224564348836,-16.986363636363638,5.613636363636367,-1.5502750598402185e-15,9.351994307133705,-16.895454545454545,5.5045454545454575,1.0335167065601457e-15,9.797377872241514,-17.699318181818185,5.800681818181822,-3.2297397080004555e-16,1.5280008357042625,-0.8991016493293764,2.760379788171191,015
1.162706294880164e-15,4.495841765656148,-9.685,7.314999999999994,1.6794646481602368e-15,3.1384618722478885,-9.071590909090906,7.728409090909096,9.043271182401274e-16,2.95753812596371,-9.33522727272727,7.564772727272729,-2.842170943040401e-15,5.485659102161195,-9.591818181818187,10.20818181818181,2.648386560560373e-15,3.197260011008781,-8.352386363636361,7.34761363636364,4.134066826240583e-15,69.49441255493254,-182.14108695090357,141.98801324814477,000
-2.777576148880392e-15,3.55769442445084,-19.76886363636364,8.531136363636357,6.943940372200979e-16,3.661339166725976,-17.984772727272727,14.71522727272729,-1.149787336048162e-14,6.560066861021645,-20.654772727272743,15.24522727272727,2.583791766400364e-16,3.548383107222195,-11.245227272727272,9.654772727272729,3.1651449138404458e-15,7.346380608499536,-26.11647727272727,23.28352272727273,3.875687649600546e-15,8.248836850497081,-11.74054003342414,85.29845693890786,004
0.0,10.091682556352128,-18.675,9.325000000000005,2.0670334131202917e-15,15.34646878211983,-25.069318181818183,19.630681818181813,-2.0670334131202917e-15,24.620158011817463,-37.09886363636364,31.60113636363635,-1.0335167065601457e-15,19.001722812279706,-28.10727272727273,25.892727272727257,1.0335167065601457e-15,14.483838849211123,-24.28409090909091,17.615909090909096,4.134066826240583e-15,122.60648818188912,-242.0007614448199,116.14828079791626,005
1.808654236480255e-15,8.37784893877355,-19.6825,9.4175,-1.5502750598402185e-15,6.850239902748414,-16.197045454545457,3.902954545454545,-1.0335167065601457e-15,8.058084305566668,-19.05977272727273,3.840227272727276,-3.100550119680437e-15,8.049637969247462,-19.03386363636364,3.8661363636363646,-7.751375299201094e-16,7.8615449136764495,-18.595454545454544,3.604545454545456,-7.234616945921021e-15,58.14698077853295,-265.97058167288696,81.71109461060422,015
2.034736016040287e-15,0.7794610923739508,-9.376704545454544,1.823295454545459,2.951174658185416e-15,0.7263840362222403,-11.52056818181818,0.3794318181818248,-1.7844311886702518e-15,0.7098710379328546,-11.196136363636366,0.4038636363636385,-3.7545724105505294e-16,0.6051717428354083,-8.112840909090908,0.4871590909090884,2.176037128265307e-15,0.7122177471238569,-11.28625,0.3137500000000024,-1.1885442125441675e-14,5.845032206728339,-19.63241252301415,15.908159508950824,006
-1.0335167065601457e-15,8.75345560749091,-20.131136363636365,9.268863636363632,1.808654236480255e-15,8.263182930854208,-20.681818181818183,14.918181818181818,-2.0670334131202917e-15,13.94828844351936,-27.09420454545455,32.70579545454545,1.5502750598402185e-15,9.67540808327979,-20.692386363636363,20.90761363636364,1.5502750598402185e-15,7.983605792749848,-20.34602272727273,14.753977272727273,0.0,143.15824842295947,-219.79195629906545,137.07652527155318,004
-3.197442310920451e-15,0.6843111620665886,-10.964772727272727,0.3352272727272734,1.13444607243516e-15,0.7116973875795839,-9.319318181818184,1.1806818181818173,-2.2083345253453117e-15,0.6823670139562262,-10.946590909090908,0.2534090909090913,-2.4505650034453457e-15,0.6810639768009076,-10.938636363636364,0.1613636363636352,4.7598288946656706e-15,0.7223163407937594,-11.442613636363635,0.6573863636363733,-6.201100239360874e-15,117.54476278352564,-213.9425650597346,140.69882956121054,007
1.9766007012962783e-14,2.354261390375944,-37.0781818181818,1.1218181818182131,3.092475770410436e-15,0.8187545659452542,-11.055227272727269,0.6447727272727342,1.4453085193302037e-15,0.826139333494724,-12.572727272727272,0.9272727272727224,1.0738884529101513e-15,0.761861565468438,-10.778977272727271,0.7210227272727323,4.4368549238656245e-15,0.9337226588316804,-14.048295454545451,0.9517045454545467,-4.650825179520656e-15,18.967500800550265,-36.11154465855336,35.49614761910183,007
-1.5591568440372202e-14,2.274575541072543,-36.368750000000006,1.1312499999999943,-1.2030780412301696e-15,0.8260744318414364,-10.946818181818182,0.653181818181821,4.1825129218605904e-15,0.7244248217130952,-11.386363636363637,0.7136363636363683,-3.9564311423005575e-15,0.7891280560485593,-10.992954545454548,0.7070454545454545,2.90676573720041e-16,0.9327949356881484,-13.36375,0.636250000000004,-5.555152297760784e-15,4.647439720704932,-41.93677335613984,12.905027920397217,012
-2.1962230014403096e-15,2.089249526674769,-22.51022727272728,0.889772727272728,1.0981115007201548e-15,3.914081480072256,-41.97840909090909,2.2215909090909065,-6.459479416000911e-16,4.183859309179537,-44.58409090909091,2.4159090909090963,-7.751375299201094e-16,4.735200907490359,-49.30295454545455,5.397045454545449,-1.291895883200182e-16,3.029543067584138,-27.452272727272728,4.547727272727268,3.100550119680437e-15,105.06672847114024,-161.11530813223663,172.00980240816057,008
-9.325873406851317e-16,0.7117443705925943,-11.193295454545456,0.5067045454545465,-2.2365947477903157e-15,0.495183412050775,-7.954545454545455,0.0454545454545431,6.540222908700922e-16,0.6936312905658641,-11.120795454545457,0.3792045454545487,-3.2579999304454592e-15,0.6971438188295378,-10.996363636363638,0.403636363636366,8.074349270001138e-16,0.7225042180093639,-11.48886363636364,0.4111363636363627,-3.860548244719294e-16,0.1156331918910833,-0.0485490578996872,1.8525249063443836,015
2.0670334131202917e-15,9.354626097778336,-16.37965909090909,10.620340909090906,2.5837917664003644e-15,10.46249711188088,-18.332954545454545,15.367045454545451,5.167583532800728e-16,16.778692151969967,-25.76818181818182,31.431818181818183,-2.5837917664003644e-15,10.086486688969366,-17.101477272727276,19.998522727272725,3.100550119680437e-15,10.344923945891582,-18.21590909090909,12.784090909090915,-1.5502750598402185e-15,72.9128339945933,-129.05206448837424,123.91453163983546,001
3.851464601790543e-15,0.8046730445825101,-12.926136363636363,0.0738636363636402,-1.5704609330152213e-15,0.6832898889300566,-10.951136363636362,0.2488636363636374,-2.4505650034453457e-15,0.6810639768009076,-10.938636363636364,0.1613636363636352,-4.307665335545607e-15,0.6819687333784331,-10.944318181818184,0.1556818181818151,1.6148698540002276e-17,1.021315787354724,-16.40625,0.09375,9.689219124001366e-17,0.128741276391924,-0.0606723239739332,2.0426557419513203,009
-6.201100239360874e-15,22.425789545191197,-16.547045454545458,34.552954545454554,-1.2402200478721748e-14,49.28026503009039,-36.39886363636364,67.70113636363638,0.0,37.65640151970476,-27.811363636363637,54.18863636363638,0.0,32.06283988107837,-23.661818181818184,51.03818181818182,-2.0670334131202917e-15,24.16108707197347,-17.838977272727274,37.86102272727274,0.0,11.674339070188632,-35.78984708706269,16.263941558367737,012
1.744059442320246e-15,5.197582816641512,-12.511022727272726,17.38897727272727,4.392446002880619e-15,8.234234372574013,-27.495454545454542,14.804545454545462,8.914081594081257e-15,4.578169597912693,-22.203295454545444,9.29670454545456,-6.459479416000911e-16,3.5116610917698776,-16.730113636363637,6.669886363636362,3.8756876496005453e-16,2.8902702602299004,-19.31806818181818,5.081931818181825,2.0670334131202917e-15,62.391020742390296,-151.1678883503048,174.01545419178402,001
3.100550119680437e-15,10.031022579873596,-19.31704545454545,10.682954545454546,0.0,20.32511507189936,-36.03863636363637,20.36136363636364,1.0335167065601457e-15,15.720731981990747,-28.806363636363635,15.79363636363636,4.134066826240583e-15,23.9267743109183,-43.627272727272725,23.37272727272729,0.0,12.463839059090464,-23.875,12.625,5.684341886080802e-15,80.55240606982962,-138.6063290954365,197.35893323542427,002
3.552713678800501e-16,5.343635551671811,-14.47,8.130000000000006,-1.2918958832001822e-15,4.931507614854904,-13.670909090909092,7.829090909090905,-3.778795458360533e-15,4.2577100640684105,-13.579318181818184,6.420681818181819,-1.162706294880164e-15,5.7311253230939085,-15.36159090909091,10.538409090909084,2.034736016040287e-15,3.4981417661546685,-10.807045454545452,7.092954545454546,2.0670334131202917e-15,69.72635381389912,-95.75682225206208,114.58114096061932,000
-1.162706294880164e-15,3.7473444523041737,-21.54931818181818,11.150681818181807,-1.3928252490751965e-15,1.36645068959212,-11.275113636363637,3.424886363636368,-2.0024386189602826e-15,1.343611101796908,-14.80784090909091,3.792159090909088,9.85070610940139e-16,1.2980527722259494,-11.036022727272726,2.463977272727277,-4.360148605800615e-15,3.3839663093704933,-54.28125000000002,0.7187499999999858,5.684341886080802e-15,53.793857467402376,-54.34629435353972,94.8169650730236,007
2.5837917664003644e-15,2.713343917449371,-12.767613636363636,10.432386363636365,1.1255642882381586e-14,3.1615549252629718,-50.755,0.5450000000000159,-9.899152205021395e-15,3.1682623489830317,-50.795227272727296,0.7047727272727116,8.736445910141231e-15,3.159033761337254,-50.67488636363636,0.525113636363642,1.744059442320246e-15,2.4235855096579453,-20.161931818181817,10.738068181818178,-1.1368683772161604e-14,10.749466054993816,-44.07318322384988,19.08510044901104,013
2.0670334131202917e-15,21.28732528329809,-24.880681818181817,25.51931818181819,-2.0670334131202917e-15,14.184054411032273,-16.430681818181817,23.769318181818186,3.100550119680437e-15,15.26413076518047,-16.727272727272727,28.77272727272728,0.0,11.941122430786177,-13.977045454545456,16.32295454545455,0.0,14.241908551219591,-15.938522727272728,27.461477272727272,-8.268133652481165e-15,93.00239750199977,-102.7802105245002,255.29090945809816,004
2.0670334131202917e-15,8.068990548456132,-20.952272727272728,8.047727272727272,-6.717858592640947e-15,19.242598461354905,-41.638522727272736,21.861477272727264,5.167583532800728e-16,14.481544617344252,-32.27136363636364,15.528636363636371,4.650825179520656e-15,21.636365917446405,-49.0425,20.85750000000001,-2.583791766400364e-16,12.419709357584,-29.24886363636364,16.751136363636363,1.0335167065601457e-15,97.8986807220932,-166.5231227521257,175.85582913742962,003
8.720297211601229e-16,4.287436383644853,-13.332727272727272,10.76727272727273,-3.068252722600433e-15,9.996737753011196,-21.85545454545455,10.644545454545458,4.392446002880619e-15,7.807565648350695,-19.580681818181816,10.11931818181818,-2.390007383920337e-15,8.385009880881437,-20.81954545454545,10.780454545454552,-1.291895883200182e-16,5.904061561633119,-17.72840909090909,6.971590909090917,-3.100550119680437e-15,8.50120705221778,-12.754381038847214,76.03631551478138,005
-2.9390631342804144e-15,1.810627056664744,-21.957840909090912,2.642159090909089,-1.1304088978001594e-15,0.9249965099331082,-11.157954545454544,3.242045454545462,-5.167583532800728e-16,1.9565131612130808,-11.9825,3.3175000000000026,5.9427210627208375e-15,4.764305941621706,-23.648409090909084,5.451590909090925,-2.9229144357404122e-15,3.4942034182927992,-56.00874999999999,0.5912499999999881,-3.100550119680437e-15,78.18911780782591,-78.44854661397903,204.8017337758705,010
7.751375299201094e-16,7.48913123968372,-21.472954545454545,28.02704545454546,1.0835776720341527e-14,3.373028531555892,-54.18465909090911,0.415340909090915,2.4077709523143395e-14,3.3729052555800982,-54.18352272727273,0.3164772727272975,9.414691248821327e-15,3.3747793603269,-54.070795454545454,0.62920454545457,-4.650825179520656e-15,8.044632055415885,-26.562954545454552,21.137045454545444,-1.2918958832001822e-15,34.4284359513489,-79.41400133360332,80.6692607103584,009
-2.289078018045323e-15,0.6778263352849199,-10.961931818181816,0.238068181818182,-3.5123419324504957e-15,0.6773981637196422,-10.876022727272726,0.3239772727272729,-2.8542824669454026e-15,0.6816126584180358,-10.942045454545454,0.1579545454545439,-3.903947872045551e-15,0.6814317086500441,-10.940909090909091,0.1590909090909065,4.9455389278756975e-15,0.7114904675636102,-11.423295454545451,0.0767045454545503,2.563605893225361e-16,0.1957666461039116,-0.0599893322386,3.129093755459561,008
-3.100550119680437e-15,36.14036851574745,-95.91852272727272,14.08147727272727,1.0335167065601457e-15,12.984666847497314,-28.65636363636364,13.043636363636368,-3.6173084729605105e-15,12.244985433727996,-28.40147727272728,10.79852272727272,0.0,11.105825231858212,-26.16931818181818,10.83068181818182,2.842170943040401e-15,9.38837963987379,-23.91931818181818,8.080681818181816,4.650825179520656e-15,72.21690464923971,-106.15822839840789,125.3894864744263,002
-5.167583532800728e-16,11.266487041473123,-15.228750000000003,10.77125,2.0670334131202917e-15,15.220398405899155,-19.532954545454544,26.467045454545456,1.0335167065601457e-15,13.596858191727618,-17.488636363636363,23.011363636363644,2.0670334131202917e-15,19.63238338205054,-24.76261363636364,30.337386363636373,2.0670334131202917e-15,11.864377491218502,-15.826136363636364,13.573863636363642,0.0,80.61327391711494,-66.78951763997307,109.13087081919971,004
2.3011895419503244e-15,1.199585758391427,-11.454090909090908,3.1459090909090897,9.237055564881304e-15,9.795248255051998,-29.311590909090903,11.788409090909113,-2.583791766400364e-16,6.320293037555973,-21.755681818181817,9.144318181818171,7.105427357601002e-15,10.01336407562682,-34.005340909090904,10.494659090909096,-5.81353147440082e-16,5.356166156513228,-21.567386363636363,8.432613636363627,-3.2297397080004557e-15,98.2431345233822,-182.7167376476714,148.8802944531119,001
0.0,10.916051129524662,-11.730681818181816,10.369318181818182,-5.167583532800728e-16,9.911402917830896,-10.651136363636365,9.348863636363635,-1.0335167065601457e-15,10.912896116654483,-11.727272727272728,10.372727272727271,-1.0335167065601457e-15,10.910745849849128,-11.725,10.274999999999997,-2.0670334131202917e-15,12.900030028714491,-13.863409090909093,12.53659090909091,2.0670334131202917e-15,39.24438927543868,-42.14813032479116,41.59079734916895,012
-1.808654236480255e-15,7.36025937927226,-20.68977272727273,7.510227272727278,-2.5837917664003644e-15,7.583599875643733,-19.101250000000004,9.298750000000002,-5.167583532800728e-16,9.61266375641017,-24.285227272727276,10.714772727272727,-7.751375299201094e-16,11.001209585542917,-26.19886363636364,12.201136363636367,2.0670334131202917e-15,8.020159710184052,-21.938636363636363,8.461363636363636,5.167583532800729e-15,59.57239526727128,-76.87468689326896,134.45907696734992,010
9.204758167801298e-16,1.2686292587990369,-12.79659090909091,2.703409090909094,-8.235836255401161e-16,1.471089507420596,-19.570454545454545,1.929545454545455,1.6148698540002276e-17,1.1720231710734468,-16.36056818181818,2.339431818181822,-2.325412589760328e-15,1.8785959697777732,-22.75602272727273,3.743977272727264,-3.0036579284404235e-15,1.8906481463305485,-12.383636363636366,5.016363636363636,6.459479416000911e-15,23.83160841647761,-46.13596020182471,52.01572080865121,008
1.9378438248002726e-16,2.7632769278820555,-13.952272727272726,7.247727272727275,9.36624515320132e-16,3.8018181529471535,-15.294431818181817,7.20556818181818,3.1812936123804487e-15,1.7018209134593465,-11.91681818181818,7.583181818181824,-7.65448310796108e-15,6.803437693541164,-21.70806818181819,22.09193181818182,2.2931151926803235e-15,3.509192383645257,-12.941704545454543,15.058295454545451,-2.0670334131202917e-15,60.3822783731663,-78.92686610529908,120.98269227820616,000
0.0,23.261315027483963,-28.02068181818182,27.479318181818183,6.201100239360874e-15,27.140782931604903,-31.76136363636364,32.43863636363635,8.268133652481165e-15,30.9028299265457,-36.34659090909091,34.0534090909091,2.0670334131202917e-15,14.256915371101854,-16.94931818181818,17.05068181818181,0.0,27.99015149167399,-32.44113636363637,34.65886363636364,1.2402200478721748e-14,58.23092282329794,-67.58091754776287,70.86459336308344,005
-8.558810226201208e-16,1.932337243100795,-11.094772727272728,3.90522727272727,6.45947941600091e-17,4.619189949858298,-14.85784090909091,6.142159090909097,-1.9055464277202687e-15,3.8277227234241193,-12.802159090909091,5.197840909090914,-4.198661620400592e-16,5.401337968188153,-16.583750000000002,9.016250000000008,1.4856802656802094e-15,2.501466819171774,-13.08965909090909,7.310340909090915,4.134066826240583e-15,43.60609355928414,-54.33620183219622,186.9088237232272,010
-1.1304088978001594e-15,1.0767770663991416,-13.074886363636365,1.7251136363636306,-3.500230408545493e-15,0.6808771915698156,-10.9375,0.0624999999999964,-3.500230408545493e-15,0.6808771915698156,-10.9375,0.0624999999999964,-1.227301089040173e-15,0.8032277344492206,-10.794545454545457,0.7054545454545398,-1.6148698540002275e-16,1.0630518438081789,-11.43693181818182,2.0630681818181813,-1.0335167065601457e-15,52.63819173449375,-81.33300366812776,68.07891944152249,007
2.0670334131202917e-15,14.052560013163214,-13.596590909090908,21.403409090909093,2.0670334131202915e-14,55.66229044174408,-54.98522727272727,57.11477272727275,1.0335167065601457e-15,16.573760938691393,-15.972727272727273,22.527272727272727,-5.167583532800729e-15,17.95404645415612,-17.327386363636368,26.07261363636364,2.0670334131202917e-15,20.44007146357249,-19.726136363636364,29.27386363636363,0.0,29.992827598929807,-51.79380904588983,60.54258809863991,011
2.0589590638502905e-15,0.6999429950224475,-9.20340909090909,0.4965909090909122,-3.2297397080004555e-16,4.952332751054742,-13.269431818181816,9.430568181818188,2.0024386189602826e-15,4.697550188805117,-14.10579545454545,9.294204545454551,-1.84095163356026e-15,6.107783865479964,-13.667159090909092,11.532840909090908,-7.94515968168112e-15,13.05707405349018,-22.867159090909094,23.4328409090909,3.081171681432434e-14,5.472163711291554,-6.189222925037541,80.15666271676785,005
-3.585011075880505e-15,3.101461913273074,-13.10602272727273,4.793977272727265,-2.325412589760328e-15,6.355074840374124,-11.36352272727273,8.63647727272727,-1.808654236480255e-15,5.885594123095663,-12.260000000000002,8.239999999999998,2.9713605313604188e-15,7.333722263039758,-14.83363636363636,7.666363636363634,1.453382868600205e-15,1.690922955557773,-12.259886363636362,4.9401136363636375,-1.5502750598402185e-15,56.14363541651337,-78.02077697522265,147.81282980677184,010
4.501449718025635e-15,0.7118261548229898,-11.43465909090909,0.0653409090909136,-1.921695126260271e-15,0.49561611210544,-7.956818181818182,0.1431818181818194,4.501449718025635e-15,0.7118261548229898,-11.43465909090909,0.0653409090909136,4.989947848860704e-15,0.7117445157370855,-11.43125,0.0687500000000049,2.4223047810003414e-17,0.7457897579880234,-11.913977272727273,0.0860227272727272,8.780854831126238e-17,0.1613285849449114,-0.0713228280793298,2.5390728865367,015
0.0,11.018630295309428,-12.035227272727273,12.064772727272729,-1.5502750598402185e-15,9.380368710704303,-10.24318181818182,8.756818181818181,-4.134066826240583e-15,10.89770618066022,-11.9,10.099999999999996,0.0,11.195396262259244,-12.221590909090912,12.37840909090909,-1.0335167065601457e-15,12.38964468428746,-13.529772727272729,13.170227272727274,-4.134066826240583e-15,38.50163436801849,-41.88854919135353,41.45045394160523,012
4.134066826240583e-15,10.118404545045138,-17.634090909090908,8.665909090909096,-1.0335167065601457e-15,14.705204381400495,-24.28068181818182,16.21931818181819,-4.134066826240583e-15,15.118753704744012,-24.98522727272728,15.014772727272724,2.0670334131202917e-15,16.298505299170436,-26.98011363636364,16.619886363636358,0.0,10.981222609527594,-18.85,11.35,5.167583532800728e-16,57.26241642028349,-110.97857246265058,157.68878612552916,002
2.212371699980312e-15,0.6985048136484687,-9.150340909090907,1.449659090909094,-4.2551820652906e-15,0.8355462826154882,-13.421022727272726,0.0789772727272684,-4.2551820652906e-15,0.8355462826154882,-13.421022727272726,0.0789772727272684,-1.130408897800159e-16,0.5058768265461104,-7.165000000000001,0.634999999999998,-3.233776882635456e-15,0.8355849187893852,-13.422159090909089,0.0778409090909058,-1.5502750598402185e-15,11.431455386152257,-30.319290333165043,31.39972335832727,006
2.7654646249753904e-15,1.2561416835833197,-9.807159090909089,2.492840909090916,2.5191969722403556e-15,1.6701623121003333,-14.368181818181816,4.431818181818183,2.729130053260385e-15,1.659477539010196,-13.145454545454545,3.854545454545459,1.5825724569202229e-15,0.9616858207172408,-11.223863636363635,1.7761363636363685,-3.4921560592754922e-15,0.7047354582506141,-11.14454545454546,0.3554545454545454,3.100550119680437e-15,21.00656851081149,-45.06260255434395,49.4181378627288,002
-2.0670334131202917e-15,10.448300574947208,-12.51443181818182,14.685568181818184,-1.0335167065601457e-15,12.681010838997036,-15.45568181818182,21.04431818181818,3.100550119680437e-15,21.15959409493473,-23.380681818181817,33.1193181818182,1.0335167065601457e-15,15.736829827399449,-17.74772727272727,24.65227272727273,3.100550119680437e-15,13.014350550370692,-15.945454545454544,15.65454545454546,4.134066826240583e-15,62.183903443006166,-198.5584848372828,131.8238767378236,003
-4.457040797040629e-15,3.2714260670840023,-10.341818181818184,6.758181818181818,-6.459479416000911e-16,6.818122389892523,-12.823409090909095,8.076590909090907,2.454602178080346e-15,5.897967939344284,-11.981931818181812,8.518068181818183,4.004877237920565e-15,6.805975542584644,-12.82193181818181,7.878068181818193,-2.583791766400364e-16,1.6935434292013032,-11.25125,4.848749999999999,2.0670334131202917e-15,58.0642122504556,-84.4674148625792,123.53459941935384,010
5.167583532800728e-16,9.766691939236663,-17.423863636363638,5.576136363636365,2.5837917664003644e-15,6.799050052144802,-12.129545454545452,3.970454545454549,2.0670334131202917e-15,9.75443811895534,-17.402272727272727,5.597727272727276,1.5502750598402185e-15,9.744195082710393,-17.38409090909091,5.615909090909092,0.0,10.183773328415429,-18.1675,5.8325,-1.291895883200182e-16,1.6476926077619916,-0.9760609497183044,2.93953262220574,015
-7.751375299201094e-16,3.838148443074392,-54.61272727272727,0.787272727272736,3.2297397080004546e-17,5.23386315648449,-14.91193181818182,6.088068181818173,2.5191969722403556e-15,5.107855924824067,-15.118181818181816,6.38181818181819,-1.291895883200182e-16,3.7821782891679914,-13.50965909090909,7.290340909090908,-8.074349270001139e-17,1.5428307230475218,-10.310795454545454,4.189204545454548,7.234616945921021e-15,80.069766135587,-96.60159252737976,101.34272061882686,000
1.0981115007201548e-15,5.005396669207716,-23.75704545454545,6.942954545454548,1.291895883200182e-16,12.546746588193576,-43.81022727272728,13.889772727272735,4.134066826240583e-15,8.04007118302439,-32.01090909090909,10.88909090909091,2.454602178080346e-15,13.592652779885343,-51.87420454545455,13.125795454545454,9.689219124001363e-16,7.284021613625854,-28.44136363636364,12.458636363636376,-2.0670334131202917e-15,78.27662049636282,-112.32234275025073,205.4893247996853,002
4.501449718025635e-15,0.7118261548229898,-11.43465909090909,0.0653409090909136,-2.1195166833752987e-15,0.4977096302394175,-7.968181818181819,0.2318181818181806,4.501449718025635e-15,0.7118261548229898,-11.43465909090909,0.0653409090909136,4.501449718025635e-15,0.7118261548229898,-11.43465909090909,0.0653409090909136,-1.5866096315552237e-15,0.7427751180761629,-11.931818181818182,0.0681818181818165,4.158289874050586e-16,0.1878477822199987,-0.1795363251042472,2.7133275825112824,015
-1.291895883200182e-16,23.150481123008134,-27.63102272727273,65.26897727272728,1.6794646481602368e-15,7.843870191038581,-19.12625,8.673750000000005,-1.4210854715202005e-15,6.766756000984481,-16.926363636363636,7.573636363636368,-3.423524090480483e-15,4.603881524365343,-14.031477272727276,9.768522727272725,2.9229144357404122e-15,2.63186057431708,-12.54090909090909,5.759090909090915,-4.134066826240583e-15,76.4582829161862,-94.77856908768898,106.25570544765816,000
5.167583532800729e-15,3.4078518486906053,-27.486931818181816,5.113068181818193,2.260817795600318e-16,1.391003394753181,-16.390681818181818,1.1093181818181748,-2.8179478952303974e-15,1.3579102503235931,-15.934545454545455,1.7654545454545492,1.7925055379402526e-15,0.8406744144283107,-11.372727272727271,0.6272727272727323,3.3912266934004783e-16,1.1344196952354184,-11.096477272727272,4.40352272727273,0.0,70.49958558858246,-105.28203724782288,84.79957607580347,007
-1.0456282304651474e-15,0.7436196930783128,-10.41454545454546,3.085454545454546,3.552713678800501e-15,2.881609790913194,-13.020113636363632,8.279886363636365,1.2918958832001822e-15,3.4630548586513785,-14.151022727272728,9.24897727272727,1.2111523905001709e-15,2.1412030505339046,-12.703295454545454,6.696704545454548,2.583791766400364e-16,3.279963777815389,-14.70284090909091,5.697159090909096,2.0670334131202917e-15,151.7279185263105,-154.29354240572832,204.1723454977148,004
-1.0335167065601457e-15,7.388923524941777,-19.289772727272727,4.710227272727273,-3.8756876496005453e-16,5.812105225196833,-15.143181818181818,4.356818181818182,-3.100550119680437e-15,7.320806982569136,-19.131818181818183,2.968181818181815,-1.808654236480255e-15,7.349264172983407,-19.195454545454545,4.804545454545458,1.2918958832001822e-15,7.9000533526810175,-20.445454545454545,6.854545454545459,7.751375299201094e-16,63.70368558318236,-100.46863964575788,129.93545146799534,008
1.0335167065601457e-15,12.4053305803534,-13.939318181818182,16.260681818181816,0.0,32.55227458696434,-36.066818181818185,49.63318181818182,0.0,20.243488750135423,-22.713636363636365,26.786363636363635,2.0670334131202917e-15,14.716847635918604,-16.570454545454545,18.72954545454545,1.0335167065601457e-15,14.282524747798886,-15.919318181818182,23.68068181818181,9.043271182401274e-16,42.07971946582312,-128.65029997154457,45.32890747772516,002
1.9378438248002726e-16,1.6310446658392932,-18.68215909090909,3.41784090909092,1.1465575963401616e-15,1.4670428622961371,-20.92238636363636,1.377613636363634,1.130408897800159e-16,2.0557751467582563,-20.40852272727273,3.2914772727272776,-8.316579748101173e-16,0.6836662454180156,-10.94431818181818,0.6556818181818223,-8.881784197001253e-17,1.7760049971776566,-24.8675,2.832500000000003,2.583791766400364e-16,3.41821460192318,-9.791046577872589,7.291690083952911,015
1.3080445817401844e-15,0.8198411125923692,-11.505568181818184,1.994431818181816,3.8756876496005453e-16,1.0857087223339723,-10.620454545454546,2.379545454545457,1.5543122344752194e-15,0.7360187095487353,-11.448068181818185,0.4519318181818228,-1.9459181740702744e-15,0.7114601662649981,-11.227500000000004,0.3724999999999987,-8.074349270001139e-17,0.5284031646784001,-7.088068181818182,0.9119318181818166,-8.268133652481165e-15,109.74100263788328,-93.1462500924886,266.38820409887364,007
4.501449718025635e-15,0.7118261548229898,-11.43465909090909,0.0653409090909136,-5.9427210627208375e-15,7.837551118073112,-19.008750000000006,11.391249999999992,-2.583791766400364e-16,6.146094656978634,-17.580113636363635,7.21988636363637,-1.6794646481602368e-15,4.035087578545095,-13.77477272727273,9.625227272727273,8.881784197001252e-16,2.5377058780422947,-13.882386363636364,7.117613636363643,1.0335167065601457e-15,76.82600756023047,-90.60149580854252,107.68831088812792,000
-1.0335167065601457e-15,12.139644379092266,-12.603409090909096,16.29659090909091,0.0,17.001389831373995,-16.87272727272727,25.127272727272736,-3.100550119680437e-15,17.012924375783125,-16.857954545454547,24.14204545454546,-2.0670334131202917e-15,17.93488693640101,-17.781818181818185,26.218181818181808,1.0335167065601457e-15,13.328530525958405,-13.451136363636364,19.24886363636364,2.0670334131202917e-15,51.84369606726903,-95.76928473519456,106.51862145589882,001
2.099330810200296e-15,1.5662816839678162,-12.599431818181817,3.000568181818192,2.2608177956003187e-15,5.646591754102646,-16.151249999999997,10.448750000000004,-1.6794646481602368e-15,4.520253572021364,-15.875909090909092,14.324090909090906,-1.162706294880164e-15,4.082574331409975,-12.49068181818182,18.00931818181818,-1.162706294880164e-15,6.705806174803215,-13.903977272727277,20.49602272727273,-2.583791766400364e-16,64.18263386746959,-90.54060862539542,100.90521720843724,000
-9.204758167801298e-16,1.021486210379693,-11.79261363636364,2.5073863636363605,9.689219124001363e-16,6.5050700784239535,-15.907954545454544,8.692045454545447,3.940282443760556e-15,5.946068215306177,-15.74522727272727,7.854772727272724,2.0670334131202917e-15,4.432890307381033,-13.772499999999996,7.927500000000002,2.276966494140321e-15,2.157033649070672,-11.598863636363635,4.00113636363637,5.425962709440765e-15,68.96670797911568,-80.33688594013785,106.27546793397129,000
-1.2434497875801752e-15,3.574293838827608,-7.740909090909092,7.059090909090909,-7.751375299201094e-16,2.967441677784709,-10.27465909090909,8.025340909090911,-1.0981115007201548e-15,9.341400196529154,-11.065568181818184,14.934431818181828,3.552713678800501e-15,10.144718335718036,-13.23465909090909,15.96534090909092,1.6471672510802322e-15,6.702326254448852,-12.45522727272727,14.944772727272737,-5.296773121120747e-15,83.78266249261203,-132.48793156693824,169.694020289624,003
0.0,17.081972941491966,-21.71375,24.186250000000005,0.0,14.505356448653004,-18.604545454545452,18.595454545454547,-4.134066826240583e-15,17.456553180798004,-21.76352272727273,34.53647727272729,1.5502750598402185e-15,9.95970654851544,-12.570113636363637,20.029886363636365,0.0,15.670493854192904,-19.887045454545454,24.712954545454544,1.162706294880164e-15,39.91961634874472,-73.08008182393597,72.49760772069874,011
1.0173680080201437e-15,4.6227741670433655,-8.396022727272726,7.403977272727278,-2.3092638912203257e-15,2.752491395862579,-10.969545454545454,8.330454545454547,1.1304088978001594e-15,10.171130804713451,-14.836249999999996,15.56375,-7.428401328401047e-16,10.051059197889716,-17.041477272727274,17.058522727272717,4.424743399960624e-15,6.808293237314959,-16.56738636363636,13.732613636363643,3.100550119680437e-15,89.27744034794759,-128.6154699973961,157.07389172632512,003
1.0335167065601457e-15,11.069025987501496,-11.469772727272726,11.13022727272728,-3.100550119680437e-15,9.861842840055951,-10.217159090909094,9.782840909090906,0.0,11.009153601277845,-11.407727272727271,10.99227272727273,4.134066826240583e-15,12.85373328852281,-13.317045454545454,13.282954545454553,2.0670334131202917e-15,11.318705297770087,-11.723863636363635,11.276136363636368,8.268133652481165e-15,63.85325832612804,-62.55383794035722,110.44446576364837,006
2.0670334131202917e-15,11.438018199433788,-23.868181818181817,11.031818181818188,5.167583532800728e-16,13.59422720023053,-26.694318181818183,12.005681818181811,5.167583532800728e-16,13.481135455572264,-27.78068181818182,11.719318181818174,0.0,13.837378150896546,-28.425,11.175,0.0,10.012970243081869,-20.092045454545456,15.907954545454553,2.0670334131202917e-15,51.34668784038194,-90.6798490892034,131.57047964204295,010
0.0,11.067222564368,-14.622727272727271,14.377272727272729,-1.0335167065601457e-15,11.86520983121845,-16.090454545454545,14.70954545454546,-2.0670334131202917e-15,17.522317363071892,-21.98102272727273,26.51897727272727,3.100550119680437e-15,17.516809135020207,-22.775,24.32500000000001,0.0,15.027075439621594,-20.46443181818182,21.435568181818187,2.0670334131202917e-15,68.46920648138031,-163.03258443140342,195.79541279856264,003
-1.0335167065601457e-15,9.078259836163127,-6.872727272727273,12.827272727272726,1.0335167065601457e-15,13.35159092988501,-10.105568181818182,18.89443181818182,-1.0335167065601457e-15,13.16397314831608,-9.961363636363636,19.238636363636367,1.0335167065601457e-15,11.94281942999642,-9.01375,19.98625,0.0,10.983458208716597,-8.310568181818184,17.089431818181815,4.134066826240583e-15,62.10801172887647,-46.3628996692384,106.6466254360383,006
-2.1962230014403096e-15,5.54904008060094,-20.44204545454545,1.757954545454545,1.0335167065601457e-15,4.693107285342573,-17.16409090909091,3.235909090909089,3.8756876496005453e-16,5.548079366689963,-20.4375,1.9625000000000057,-1.6794646481602368e-15,5.7911358909133535,-21.11704545454545,5.982954545454543,1.291895883200182e-16,6.563066464139047,-24.034204545454543,3.665795454545457,1.291895883200182e-16,42.008825312000646,-84.73383177316575,82.7176675161784,009
1.5623865837452202e-15,1.425421746890464,-11.272159090909092,3.527840909090905,-8.009754475841129e-15,12.433867437466082,-26.202954545454556,16.19704545454544,4.004877237920565e-15,9.526553253433052,-21.61613636363636,13.483863636363637,-2.0024386189602826e-15,12.620978571029768,-31.763977272727274,17.536022727272723,4.521635591200637e-16,4.193305663051644,-16.35715909090909,7.942840909090904,-5.167583532800729e-15,111.2975460758754,-206.6957343156982,141.7657375269658,003
3.552713678800501e-15,4.963200842531541,-21.793181818181814,1.2068181818181856,4.521635591200637e-16,5.943531864365436,-22.8625,13.2375,1.5502750598402185e-15,6.438352527196908,-24.28409090909091,10.315909090909091,4.909204356160692e-15,6.449862136355773,-25.01488636363636,10.485113636363646,2.1962230014403096e-15,5.142339444132184,-20.536363636363635,5.263636363636365,-4.134066826240583e-15,140.76111538321965,-138.01981498865527,220.12235176053923,004
1.2402200478721748e-14,49.94189070830881,-54.78545454545454,46.21454545454546,0.0,50.00146360202911,-54.85113636363637,46.14886363636364,-8.268133652481165e-15,50.00316983121076,-54.85261363636364,46.14738636363636,0.0,49.56087176725787,-54.36818181818182,45.931818181818194,-8.268133652481165e-15,50.00483592316327,-54.85454545454545,46.14545454545455,8.268133652481165e-15,41.97255013976634,-42.58354048596318,54.555724100516606,013
3.968542666205559e-15,0.711713671867515,-11.430113636363636,0.0698863636363675,-2.2365947477903157e-15,0.495183412050775,-7.954545454545455,0.0454545454545431,2.890617038660408e-15,0.7115293065144443,-11.421022727272728,0.0789772727272755,2.785650498150393e-15,0.7163777686653996,-11.497272727272726,0.1027272727272752,-1.687538997430238e-15,0.7425377734777686,-11.923863636363636,0.0761363636363618,1.3928252490751962e-16,0.1226130044947532,-0.0438377822115456,1.947190555868067,015
-6.201100239360874e-15,20.377850158103424,-28.360454545454548,17.039545454545458,0.0,16.538204266533,-23.02704545454545,13.672954545454548,-1.0335167065601457e-15,21.666552873721105,-30.170454545454547,17.029545454545463,1.0335167065601457e-15,10.753988352372092,-14.976250000000002,8.023750000000001,4.134066826240583e-15,25.400410901537445,-35.28181818181818,23.418181818181807,-5.167583532800728e-16,75.76093159941063,-130.05123451880013,138.25745248962772,008
-4.9657248010507e-16,1.1126140890055818,-13.745340909090908,2.2546590909090938,5.813531474400821e-15,2.807636223724991,-24.108749999999997,8.69125000000001,-7.751375299201094e-16,3.220813508495682,-18.69715909090909,12.30284090909091,2.034736016040287e-15,1.2767253558606566,-13.032954545454544,5.367045454545455,5.264475724040743e-15,1.2948106653449023,-11.357499999999996,5.142500000000005,1.0335167065601457e-15,55.772124361602806,-150.2305131202608,128.93457819030584,008
0.0,15.670936738576378,-15.059090909090909,17.740909090909096,-2.0670334131202917e-15,10.90442930704751,-10.481818181818182,11.718181818181815,2.0670334131202917e-15,11.412733708559022,-10.970454545454546,12.029545454545458,0.0,11.403195642791042,-10.961363636363636,12.038636363636368,3.100550119680437e-15,9.47048377943434,-9.102272727272728,10.897727272727272,0.0,22.602537294464742,-20.70272763438508,43.037681158328745,009
1.0335167065601457e-15,8.895004445225338,-17.46931818181818,10.530681818181822,-3.6173084729605105e-15,9.624292654055626,-20.130000000000003,11.47,-1.0335167065601457e-15,15.74272371441318,-27.835227272727277,21.06477272727272,1.5502750598402185e-15,16.83086379189746,-30.276136363636365,21.323863636363644,-1.0335167065601457e-15,14.523734073793868,-27.99409090909091,20.105909090909083,-6.717858592640947e-15,105.03420196605204,-165.72131780055875,192.31828950330728,003
1.808654236480255e-15,4.515047658551082,-15.884431818181818,11.015568181818178,0.0,8.558627479849967,-22.87954545454545,8.920454545454547,-6.685561195560943e-15,3.2928572758709413,-52.85477272727273,0.6452272727272828,-1.0335167065601457e-15,9.601673569257525,-31.506818181818183,8.993181818181817,-2.5837917664003644e-15,8.062323602240987,-23.186704545454543,12.013295454545457,2.0670334131202917e-15,40.66170884082118,-128.533441322697,217.95247204235585,010
-1.0012193094801413e-15,1.913100007835279,-30.051704545454548,1.948295454545466,-5.975018459800842e-16,3.4356420129003222,-55.18693181818181,0.413068181818204,3.782832632995533e-15,1.1265494380468335,-17.950000000000003,0.9500000000000028,5.781234077320815e-15,3.438566093135261,-55.046363636363616,0.4536363636363774,-2.5999404649403666e-15,1.7294020965554084,-26.32045454545454,1.479545454545459,-5.167583532800728e-16,96.48667336651376,-130.35367094204835,222.1236620866877,009
-4.650825179520656e-15,9.54449284928225,-16.3625,6.637500000000003,4.134066826240583e-15,9.97287203632397,-17.097727272727273,6.302272727272733,-4.134066826240583e-15,9.536639869471845,-16.35,5.649999999999995,-1.0335167065601457e-15,10.194232741380487,-17.46920454545455,6.530795454545451,0.0,8.89898991099273,-15.251136363636364,6.748863636363632,-4.134066826240583e-15,64.82874313131678,-108.62790763180496,67.54114451045466,007
1.2918958832001822e-15,8.178881085828044,-17.167045454545455,6.032954545454551,-2.0670334131202917e-15,24.56496849623615,-51.459772727272735,20.340227272727248,-4.134066826240583e-15,19.46138722853506,-40.86056818181819,15.239431818181814,2.0670334131202917e-15,11.847707479536336,-24.870454545454542,7.5295454545454525,1.5502750598402185e-15,12.031643239790098,-25.21136363636364,7.888636363636365,7.751375299201094e-16,44.97173709633509,-113.59628055112682,122.25835806770571,009
2.0670334131202917e-15,30.318776332422363,-60.1225,50.7775,1.0335167065601457e-15,13.95437951069158,-29.52875,12.271250000000006,3.100550119680437e-15,13.230326293506318,-28.77840909090909,10.221590909090905,0.0,11.780407506540028,-26.06715909090909,10.532840909090911,1.0335167065601457e-15,12.068797088835638,-26.26068181818182,13.039318181818178,-3.100550119680437e-15,72.30132852148311,-86.07389411230747,140.83458149335257,002
3.488118884640492e-15,2.309804870720854,-13.13806818181818,7.661931818181824,8.033977523651134e-16,0.9153081719217728,-13.84136363636364,0.9586363636363656,2.5918661156703653e-15,0.7128670487794604,-11.44034090909091,0.2596590909090963,2.8462081176754013e-15,0.7205944712842688,-11.45625,0.8437500000000036,-8.679925465251224e-16,0.6962783296905733,-10.11318181818182,0.8868181818181853,1.4210854715202005e-15,79.33243641949343,-138.8554387740798,166.42564179634493,008
-2.842170943040401e-15,5.37264632303269,-20.53181818181818,1.668181818181818,-2.0024386189602826e-15,4.293230635219833,-16.371590909090912,1.6284090909090914,-1.937843824800273e-15,5.37069595117802,-20.525,1.474999999999998,-1.937843824800273e-15,5.37069595117802,-20.525,1.474999999999998,2.583791766400364e-16,5.858941037648751,-22.39090909090909,1.6090909090909091,-9.301650359041311e-15,21.102274125067343,-78.65682849210029,20.890577707314332,006
3.100550119680437e-15,13.953187725905485,-19.547386363636363,16.452613636363637,2.0670334131202917e-15,14.47615924030691,-18.690113636363638,27.109886363636377,1.5502750598402185e-15,14.137736994363614,-18.533295454545453,21.166704545454543,1.0335167065601457e-15,24.978551478712493,-30.417840909090916,40.8821590909091,-5.167583532800728e-16,18.16089813192512,-21.566704545454545,32.53329545454545,-4.134066826240583e-15,70.40566531864728,-75.28576554451932,100.06854061306416,003
-2.0670334131202917e-15,13.285004858131538,-10.80568181818182,18.194318181818183,0.0,24.74009403747194,-19.37125,46.32875,-3.100550119680437e-15,21.311509044544028,-17.146250000000002,34.45375000000001,2.0670334131202917e-15,14.150224343343186,-11.42681818181818,21.57318181818182,-2.0670334131202917e-15,17.877960902765334,-14.270568181818184,28.82943181818181,3.100550119680437e-15,32.7940253603682,-55.838483498172806,77.30201118755714,011
-9.043271182401274e-16,7.431302246999535,-17.35443181818182,10.945568181818183,3.100550119680437e-15,12.352239848998648,-28.37159090909091,14.028409090909104,-5.167583532800728e-16,22.11050106242292,-39.888636363636365,25.21136363636363,-3.6173084729605105e-15,14.40291258737216,-26.383977272727275,18.616022727272725,-1.0335167065601457e-15,8.998047078491876,-23.55897727272728,11.041022727272724,-4.134066826240583e-15,139.4120274300196,-139.2767378962816,218.0197431472997,005
-2.842170943040401e-15,1.6450020566944334,-15.385227272727278,3.114772727272729,2.842170943040401e-15,2.252796872778368,-29.1625,6.837499999999999,3.2297397080004555e-16,2.0105775942242787,-28.36931818181818,2.030681818181826,2.5434200200503587e-15,0.99283109576138,-15.885227272727269,0.2147727272727344,-1.8974720784502674e-16,0.99207448150807,-15.061363636363636,1.138636363636369,7.234616945921021e-15,7.812669673886885,-23.153841081954727,14.682572835099457,013
-5.167583532800728e-16,2.133439730258305,-9.565909090909091,5.434090909090909,2.987509229900421e-16,1.7877986046317256,-12.317613636363635,4.482386363636369,7.105427357601002e-16,7.648690280277776,-21.189204545454544,10.810795454545447,-4.521635591200637e-16,8.050952535272247,-21.917954545454545,11.982045454545464,3.100550119680437e-15,5.736426662778668,-18.14522727272727,10.854772727272724,9.301650359041311e-15,63.16797541009273,-131.56752956048643,136.2518514908997,003
-1.0335167065601457e-15,8.862193679211215,-8.50068181818182,12.199318181818184,1.2402200478721748e-14,34.32468680654278,-32.99920454545454,45.00079545454545,-3.100550119680437e-15,16.85159656546728,-16.087386363636366,22.812613636363636,2.0670334131202917e-15,12.627523477450111,-12.14090909090909,16.559090909090912,-1.0335167065601457e-15,15.152517749972215,-14.398863636363638,22.701136363636365,-1.0335167065601457e-15,66.43340095161034,-106.80082921353684,155.56571250158925,002
2.0670334131202917e-15,36.101621216973086,-34.58522727272727,65.41477272727272,-1.0335167065601457e-15,13.669028490570684,-17.14318181818182,12.456818181818182,0.0,15.6198155018548,-19.600227272727277,14.899772727272726,-2.0670334131202917e-15,10.789166494051504,-13.55,9.05,0.0,16.998750973500695,-21.2825,17.717499999999994,-8.268133652481165e-15,74.9032215138027,-236.44524937384924,121.37663396786718,007
3.82724155398054e-15,2.0928684001857043,-22.738636363636363,0.2613636363636402,-7.428401328401047e-16,1.4582150975288786,-15.832954545454545,0.3670454545454547,3.82724155398054e-15,2.0928684001857043,-22.738636363636363,0.2613636363636402,3.82724155398054e-15,2.0928684001857043,-22.738636363636363,0.2613636363636402,6.620966401400934e-16,2.183862678454647,-23.727272727272727,0.2727272727272734,8.316579748101173e-16,0.5210529485680379,-0.2253150018467913,5.575309716057663,015
-2.0670334131202917e-15,10.916394335551283,-10.327272727272728,11.77272727272727,1.0335167065601457e-15,10.064841072442878,-9.51806818181818,11.481931818181822,0.0,10.913953225115083,-10.325,11.674999999999995,0.0,11.14599027334735,-10.540909090909093,13.759090909090911,3.100550119680437e-15,13.033701289551969,-12.324886363636365,15.775113636363642,-1.2402200478721748e-14,40.943682242652464,-38.39831232456217,56.27551486946968,012
2.325412589760328e-15,7.28745375146574,-20.307954545454542,2.692045454545457,-1.5502750598402185e-15,9.746908462372245,-27.016250000000003,5.983749999999997,1.2918958832001822e-15,7.813527023403359,-21.7,5.299999999999997,-1.5502750598402185e-15,15.174813077922794,-41.51943181818182,18.380568181818177,1.808654236480255e-15,10.201421975909954,-28.03181818181818,8.968181818181819,2.0670334131202917e-15,30.07132182789549,-72.26933612641139,46.30427957591243,006
6.136505445200865e-16,1.2535312466230466,-17.15056818181818,2.84943181818182,2.5999404649403666e-15,0.8564679700846929,-11.665340909090908,1.334659090909092,-4.4651151463106304e-15,0.7006623194880777,-10.963636363636365,1.5363636363636388,-1.1142601992601572e-15,2.2952292306160578,-20.210227272727277,7.289772727272734,6.201100239360874e-15,34.20036316755821,-33.44965909090909,61.55034090909091,-2.5837917664003644e-15,85.23171564039278,-219.96998600560397,109.72368029975502,009
-4.650825179520656e-15,11.43645909265608,-22.17511363636364,14.82488636363636,-5.167583532800728e-16,8.005530936058008,-16.1625,9.4375,-3.875687649600546e-15,8.563293758829017,-17.8,4.199999999999996,-2.842170943040401e-15,8.67657909509205,-17.995454545454546,7.904545454545456,2.0670334131202917e-15,9.530553496431732,-17.11522727272727,18.88477272727273,-2.0670334131202917e-15,40.33440665693429,-60.35794398500978,68.61600161452881,011
2.5191969722403556e-15,2.6989976497827963,-11.38306818181818,6.016931818181828,5.2321783269607375e-15,2.840938099851893,-18.08340909090909,6.216590909090918,-1.937843824800273e-15,2.512903618232261,-18.426704545454548,3.773295454545448,-1.6794646481602368e-15,2.7168511845494248,-19.33443181818182,4.865568181818176,-5.9427210627208375e-15,4.800392540552119,-14.47704545454546,5.122954545454533,1.2402200478721748e-14,73.93213129545266,-83.2138873809775,198.51805485177536,010
3.035955325520428e-15,2.705455299593614,-14.60340909090909,6.396590909090904,3.875687649600546e-15,6.170885050066672,-13.213749999999996,11.88625,-2.7129813547203826e-15,6.808200109188638,-13.206022727272732,11.593977272727273,1.0335167065601457e-15,6.422701211907495,-11.975227272727274,12.92477272727272,6.976237769280984e-15,8.287071286263666,-21.816704545454535,16.083295454545457,0.0,86.76277577046461,-180.059448592966,161.06357980966254,003
0.0,10.810937163125187,-9.351136363636364,12.748863636363634,5.167583532800728e-16,9.79324603280177,-8.470568181818182,11.529431818181818,0.0,10.809602212847611,-9.35,12.649999999999997,-1.0335167065601457e-15,10.876875194555367,-9.407954545454546,13.592045454545458,0.0,12.56454953266044,-10.863636363636363,16.136363636363633,2.0670334131202917e-15,33.0574101277596,-28.150158715557403,53.99938403470977,006
1.3726393759001937e-15,3.705132413065303,-8.977272727272727,5.52272727272727,1.0254423572901446e-15,3.263200306396993,-10.056818181818182,7.243181818181821,1.1304088978001594e-15,11.21770910074817,-14.608409090909095,15.091590909090913,-1.0012193094801413e-15,10.36837794678692,-16.119659090909096,14.58034090909092,3.2297397080004546e-17,8.366945232321124,-12.950454545454544,12.649545454545446,-7.751375299201094e-16,64.37133955222254,-63.16342271363021,111.76116509760531,000
-2.325412589760328e-15,3.6869810725355694,-22.317840909090915,0.7821590909090901,1.453382868600205e-15,4.819081257171655,-23.39886363636364,12.701136363636364,8.074349270001138e-16,5.38619313117168,-24.95909090909091,9.64090909090909,2.083182111660293e-15,5.3246558060103135,-25.86704545454545,9.93295454545455,-5.167583532800728e-16,3.993459837620768,-21.224659090909093,4.575340909090908,2.0670334131202917e-15,142.24932949322158,-133.70900164053387,224.38962031623052,004
1.0092936587501424e-15,1.1478913867814782,-11.603977272727272,3.2960227272727245,-2.648386560560373e-15,9.278040110544463,-29.712840909090914,10.487159090909095,-2.648386560560373e-15,6.217607021504627,-22.418750000000003,8.381249999999987,6.394884621840902e-15,9.853471026529748,-35.532954545454544,9.567045454545458,1.291895883200182e-16,5.11615808403198,-21.17556818181818,6.624431818181826,-5.167583532800729e-15,99.32432753461414,-192.3486386870624,139.61795119158043,001
6.8470481809609646e-15,5.448110010448616,-22.31863636363636,6.181363636363649,1.0012193094801413e-15,9.125987741598935,-26.52011363636364,10.779886363636372,-2.0670334131202917e-15,11.211131831795427,-32.78693181818182,11.21306818181818,1.6956133467002393e-15,4.126212692704276,-16.230795454545454,6.269204545454539,4.586230385360647e-15,3.02441503633074,-17.30522727272727,6.394772727272731,2.0670334131202917e-15,80.32752844761063,-107.0466567555378,153.53512142775594,001
-1.388788074440196e-15,3.412286227902982,-11.223750000000004,6.776250000000001,3.875687649600546e-15,6.55137259193266,-16.894659090909087,10.005340909090911,-1.227301089040173e-15,16.949307587212832,-26.193636363636365,23.206363636363648,1.227301089040173e-15,15.472963429839044,-22.04375,21.45625000000001,-1.744059442320246e-15,7.759755653342879,-17.936136363636365,13.16386363636364,2.8034140665443952e-14,9.327628392523556,-71.65203009576058,17.487024797307527,005
0.0,53.450827749192655,-59.99875,48.50125000000001,-8.268133652481165e-15,53.462534204662525,-60.009772727272725,48.59022727272728,-8.268133652481165e-15,53.462753227192806,-60.01193181818182,48.48806818181818,-1.2402200478721748e-14,53.33433978604425,-59.86636363636364,48.13363636363635,-8.268133652481165e-15,53.49111032529278,-60.041590909090914,48.6584090909091,0.0,59.90081405072896,-109.9167918180736,185.73286821620223,012
0.0,17.404832273079478,-22.77602272727273,19.72397727272727,-2.5837917664003644e-15,12.544387996083389,-16.928409090909092,16.671590909090902,-3.100550119680437e-15,12.644445320733064,-17.14159090909091,14.358409090909092,2.0670334131202917e-15,20.191213747650384,-26.85681818181818,25.943181818181817,-2.0670334131202917e-15,14.49627696886898,-18.556704545454547,26.643295454545456,1.5502750598402185e-15,42.924549017736304,-70.14020086943432,128.30373147412624,011
7.234616945921021e-15,38.68435813154442,-89.93636363636364,17.063636363636377,-1.5502750598402185e-14,38.75842219173624,-90.10784090909094,17.39215909090906,9.301650359041311e-15,38.79936648474778,-90.20113636363637,17.398863636363643,1.2402200478721748e-14,38.69373744094464,-89.95681818181818,17.043181818181836,-7.234616945921021e-15,38.77039604523188,-90.13636363636364,17.36363636363636,-1.5502750598402185e-15,11.43214401186864,-14.209862470376,45.531873870119824,012
-9.204758167801298e-16,4.663458817283141,-12.261363636363637,9.738636363636369,1.9055464277202687e-15,8.222728500803969,-16.177954545454543,10.02204545454546,4.198661620400592e-16,7.4775769349557235,-17.345,9.455000000000002,1.6148698540002276e-17,8.458969123128012,-18.71431818181818,11.585681818181811,-6.459479416000911e-16,1.646786467306845,-11.017613636363636,5.582386363636363,-2.325412589760328e-15,65.35558219440328,-79.83233474812684,115.96166779295376,010
-2.325412589760328e-15,9.45741095125016,-24.20909090909091,12.79090909090909,1.2918958832001822e-15,6.400582743194509,-17.442045454545454,8.157954545454547,-2.842170943040401e-15,6.847946772573513,-19.525,2.474999999999998,2.5837917664003644e-15,6.945985030572555,-19.743522727272723,6.15647727272728,7.751375299201094e-16,8.039210756941554,-18.06579545454545,17.934204545454545,-2.1962230014403096e-15,41.70280222597814,-57.72501865836544,71.24892694117315,011
-1.227301089040173e-15,1.8172383596220447,-22.45875000000001,4.641249999999992,-2.4505650034453457e-15,0.6810639768009076,-10.938636363636364,0.1613636363636352,-3.500230408545493e-15,0.6808771915698156,-10.9375,0.0624999999999964,3.2499255811754587e-15,0.959011730628708,-10.891022727272723,3.908977272727277,-1.873249030640264e-15,2.406697436129071,-26.388295454545464,8.21170454545453,-3.100550119680437e-15,108.26281961303378,-174.0679761911223,170.48764236213498,008
3.8110928554405374e-15,1.5226532164827578,-16.596022727272725,2.903977272727268,2.2608177956003187e-15,2.892382548670083,-14.944318181818184,16.65568181818182,4.134066826240583e-15,3.0919170628350336,-16.455113636363635,3.544886363636365,-2.103367984835297e-15,0.6793878560789874,-10.95056818181818,0.2494318181818187,2.9713605313604188e-15,1.8254813697775627,-15.71363636363636,2.786363636363639,0.0,6.2905548971840375,-10.245665800214772,10.830013735877436,013
-2.809873545960396e-15,0.9485214407453948,-11.07840909090909,6.021590909090911,1.0335167065601457e-15,0.8062757139214257,-8.51113636363636,1.488863636363643,-3.500230408545493e-15,0.6808771915698156,-10.9375,0.0624999999999964,-3.500230408545493e-15,0.6808771915698156,-10.9375,0.0624999999999964,4.1825129218605904e-15,1.712356104831021,-11.910454545454542,2.9895454545454605,1.808654236480255e-15,58.67580340492588,-144.2857589157261,175.0923752460975,008
3.8110928554405374e-15,1.6210208114254356,-18.422272727272727,3.777727272727283,9.479286042981336e-15,3.4680023485078846,-55.69772727272728,0.5022727272727394,2.7049070054503816e-16,0.8979975139854044,-12.230681818181816,1.7693181818181856,9.689219124001363e-16,1.3146838384346713,-13.961363636363636,2.538636363636364,-2.987509229900421e-16,1.8331340264660416,-15.025568181818182,3.774431818181821,-2.0670334131202915e-14,43.602352433951154,-68.9812700219856,67.45545085913197,007
3.940282443760556e-15,3.608644763971832,-18.84511363636363,11.25488636363636,-3.5688623773405035e-15,1.383071351607128,-11.6,3.400000000000002,-4.594304734630648e-15,1.3586983318694377,-14.58545454545455,2.9145454545454506,-8.235836255401161e-16,1.3444018455484394,-10.861363636363636,2.438636363636366,-4.844609562000683e-15,3.379199797387122,-54.29704545454548,0.7029545454545314,-1.1368683772161604e-14,54.51415585301109,-54.1771669787432,88.83596347488592,007
1.5502750598402185e-15,5.4033879408820376,-21.26818181818182,1.731818181818184,-2.1962230014403096e-15,3.807604396424269,-14.981818181818182,1.018181818181816,1.2918958832001822e-15,5.365873318919306,-21.10534090909091,1.7946590909090965,2.583791766400364e-16,5.333077352672356,-20.97636363636364,1.823636363636368,1.2918958832001822e-15,5.604958838806112,-22.040227272727275,1.8597727272727305,-1.291895883200182e-16,0.9010977267262006,-0.2799582472037807,3.545107993089596,015
-1.049665405100148e-16,0.7274635758113475,-11.448863636363638,0.351136363636364,1.0294795319251452e-15,0.5218334131250307,-8.13465909090909,0.3653409090909143,-6.863196879500969e-16,0.7100299635017162,-11.228295454545457,0.4717045454545463,-1.4695315671402072e-15,0.7032796455280431,-10.972613636363638,0.4273863636363657,-2.6120519888453683e-15,0.6829082195753948,-10.95,0.25,5.954832586625839e-16,0.3092580646702971,-0.0608949962079314,4.96337190929424,013
-1.0335167065601457e-15,10.353375839341542,-20.482954545454547,9.217045454545447,4.650825179520656e-15,21.625482701343703,-38.85454545454545,21.145454545454548,-1.0335167065601457e-15,16.39884901348086,-30.09318181818182,15.50681818181819,-2.0670334131202917e-15,24.994431600674694,-45.81943181818182,22.780568181818172,-1.0335167065601457e-15,14.42608511752866,-27.6,15.299999999999995,7.234616945921021e-15,62.05568406175375,-130.3664179508133,198.73366407879013,002
-2.0670334131202917e-15,11.794316304666618,-19.079204545454548,13.920795454545452,4.134066826240583e-15,26.098057651317426,-43.89931818181818,35.000681818181825,-1.0335167065601457e-15,15.069066597840935,-23.84022727272728,32.55977272727273,0.0,11.96162090779237,-20.09659090909091,17.50340909090909,-2.0670334131202917e-15,10.573655022122647,-17.90113636363637,20.99886363636364,2.0670334131202917e-15,109.0318478110764,-264.3759105624455,93.76281843997806,004
3.2297397080004557e-15,1.9252803809976728,-12.7,6.500000000000004,1.873249030640264e-15,6.881092506135626,-18.692613636363635,18.007386363636375,3.940282443760556e-15,1.716159971876237,-12.49670454545454,6.403295454545461,6.459479416000911e-16,4.337547222692902,-17.205,9.995000000000005,3.2297397080004555e-16,6.033659370804135,-14.300227272727271,16.69977272727272,-3.100550119680437e-15,44.159320406647,-78.51193983639138,54.25269453573276,011
3.6173084729605105e-15,9.356995921534851,-15.260227272727272,6.639772727272726,-2.0670334131202917e-15,9.77430182875838,-15.943181818181818,6.256818181818181,5.167583532800728e-16,10.751382764710115,-17.534318181818183,7.465681818181817,-1.0335167065601457e-15,8.866267951419223,-14.4625,5.5375,2.0670334131202917e-15,9.800365714102982,-15.98522727272727,6.3147727272727305,2.0670334131202917e-15,36.71806901552024,-59.7864062136871,34.39123952976145,013
-4.909204356160692e-15,3.762323344676358,-21.033068181818187,8.76693181818181,0.0,9.576686503178712,-20.39272727272727,14.807272727272728,-2.777576148880392e-15,9.331138660885802,-19.688863636363635,13.111136363636362,-1.162706294880164e-15,17.946802206869037,-28.942045454545458,21.55795454545456,1.0335167065601457e-15,12.476760692838656,-23.1075,22.69250000000001,-1.1368683772161604e-14,37.58442914588291,-308.1590879428479,12.840516779195896,005
-2.2608177956003187e-15,3.1711160742723163,-50.86784090909092,0.6321590909090844,2.5837917664003644e-15,1.8387093724969867,-16.017840909090907,5.182159090909089,2.0670334131202917e-15,2.629621411549298,-19.74943181818181,3.750568181818189,-3.681903267120519e-15,4.396643087815094,-21.067386363636366,13.732613636363643,-2.446527828810345e-15,3.710157417900105,-17.61034090909091,7.2896590909090975,1.808654236480255e-15,47.98591946010763,-55.6629083949158,96.8257980745869,001
5.006096547400707e-16,1.6907098145954604,-11.150568181818182,2.7494318181818187,2.2608177956003187e-15,5.755555229470349,-12.49147727272727,7.708522727272722,3.2297397080004555e-16,7.142541780505054,-12.87443181818182,7.625568181818188,-2.2608177956003187e-15,7.758727336604952,-13.309659090909092,8.990340909090897,0.0,4.90789453014307,-10.115909090909092,5.984090909090909,1.0335167065601457e-15,78.98763642712197,-109.39242019288125,116.00459274922348,001
1.0335167065601457e-15,10.749424871699606,-7.626136363636364,15.37386363636364,-2.0670334131202917e-15,16.81110531981356,-11.93125,28.96875,3.100550119680437e-15,12.556808975726776,-8.912727272727272,19.487272727272725,-3.100550119680437e-15,19.102819627399047,-13.555681818181824,28.544318181818177,0.0,14.46835073838214,-10.262045454545454,21.93795454545455,0.0,59.83028185399026,-42.38495722070126,99.4765280647148,012
-2.325412589760328e-15,8.814590587849496,-17.988636363636363,7.811363636363641,-1.5502750598402185e-15,13.35499923371549,-25.67011363636364,11.329886363636362,1.0335167065601457e-15,14.369254974428724,-27.93784090909091,13.562159090909098,-1.0335167065601457e-15,15.43261200093774,-29.994318181818183,13.60568181818181,-3.100550119680437e-15,10.035203675557227,-20.32090909090909,9.679090909090906,-9.301650359041311e-15,64.08252343066366,-127.06909076493513,183.5324758910745,010
1.4210854715202005e-15,5.108859486023655,-25.729545454545452,3.2704545454545446,6.459479416000911e-16,5.640772011373756,-28.67954545454545,2.3204545454545524,-3.8756876496005453e-16,6.48607196479821,-33.120113636363634,1.8798863636363663,-1.4856802656802094e-15,4.18865335048102,-21.401136363636365,1.298863636363638,-5.102988738640719e-15,6.39333142619766,-32.56704545454546,2.532954545454544,-9.689219124001364e-15,78.86681876119994,-198.785078576754,88.76295823437187,007
3.173219263110448e-15,1.0208817629204845,-16.393749999999997,0.1062500000000028,1.6471672510802322e-15,1.105323122234152,-13.042500000000002,2.4575000000000067,1.4291598207902017e-15,0.8301627528870416,-13.303409090909089,0.3965909090909072,-5.361367915280756e-15,1.6210327286757698,-15.417272727272737,3.1827272727272664,5.0949143893707176e-15,1.2998564566332858,-20.88068181818182,0.1193181818181869,-4.178475747225589e-16,0.2624034919592442,-4.206371606218149,0.0472670648330808,013
-1.0335167065601457e-15,10.391016652191242,-14.959545454545454,7.640454545454551,5.167583532800728e-16,9.265849632309733,-13.338977272727272,6.661022727272728,-5.167583532800728e-16,10.330749174163676,-14.873522727272729,7.526477272727275,5.167583532800728e-16,12.06853058689663,-17.373863636363637,9.226136363636368,0.0,10.61769168924448,-15.28068181818182,7.819318181818186,1.653626730496233e-14,61.07432888927289,-81.41913289759236,91.57917080641325,006
-1.0012193094801413e-15,1.6683179556476528,-12.16875,2.631249999999998,3.358929296320473e-15,4.197460331067875,-21.076704545454543,4.92329545454546,5.167583532800728e-16,3.388682846763682,-17.963863636363634,4.636136363636371,-3.8756876496005453e-16,4.722619513820064,-22.226136363636364,8.273863636363643,-3.552713678800501e-15,2.4186705333220417,-11.703181818181822,7.096818181818183,6.201100239360874e-15,39.57674171628928,-52.47670637340333,189.31434796077968,010
2.0670334131202917e-15,14.291498183826862,-27.637840909090908,14.8621590909091,-5.167583532800728e-16,10.208345493611692,-19.235681818181817,20.864318181818184,-3.6173084729605105e-15,9.712181022528334,-18.924886363636364,13.875113636363633,-1.5502750598402185e-15,10.64647695130601,-19.157159090909094,19.642840909090904,-5.167583532800728e-16,9.390656953404749,-18.62272727272727,10.877272727272729,0.0,122.62171234505666,-242.2897112228766,113.84423845438428,004
0.0,0.0,0.0,0.0,0.0,0.0,0.0,0.0,0.0,0.0,0.0,0.0,0.0,0.0,0.0,0.0,0.0,0.0,0.0,0.0,0.0,0.0,0.0,0.0,011
5.530929249950781e-15,1.115189802434789,-10.632499999999997,2.567500000000006,2.8744683401204053e-15,12.306157360227852,-26.227840909090908,17.872159090909086,9.85070610940139e-16,8.067167445036722,-20.77056818181818,11.829431818181824,-2.7129813547203826e-15,10.733603580164292,-31.857045454545457,14.942954545454556,-4.198661620400592e-16,4.046872451656877,-16.781704545454545,8.318295454545453,-1.0335167065601457e-15,105.92031785034638,-203.7226901733615,145.3014262241211,003
0.0,10.365454793990487,-15.56193181818182,7.438068181818185,-1.0335167065601457e-15,7.350111035311299,-11.036363636363635,4.963636363636361,-5.167583532800728e-16,10.283224518377066,-15.440568181818184,7.159431818181822,0.0,10.22617573662222,-15.353409090909093,7.246590909090914,-2.0670334131202917e-15,10.727700236449556,-16.10852272727273,7.591477272727271,-6.45947941600091e-17,1.7236118398730769,-1.1997300000809057,2.588093983528968,015
-5.167583532800728e-16,7.436408090553946,-2.672727272727273,21.327272727272728,1.0335167065601457e-15,9.608404806394962,-3.4534090909090915,27.64659090909092,3.100550119680437e-15,35.31110807174044,-12.691136363636366,101.30886363636368,-1.0335167065601457e-15,11.229560090881154,-4.037272727272727,32.96272727272727,-2.583791766400364e-16,6.778961586871619,-2.436590909090909,19.563409090909087,-3.8756876496005453e-16,4.180907546073321,-1.4995907176046392,12.749869647298931,013
5.167583532800728e-16,10.965848746301226,-16.086022727272727,10.213977272727275,1.0335167065601457e-15,16.068254805270136,-22.61488636363636,17.885113636363645,-1.0335167065601457e-15,16.336163830859363,-23.176136363636363,16.823863636363637,3.100550119680437e-15,17.600406110312736,-24.99954545454545,18.600454545454543,2.5837917664003644e-15,11.917423828264202,-17.329545454545453,12.87045454545455,2.325412589760328e-15,52.26371033001578,-107.87240873858752,143.47672753396807,002
-3.500230408545493e-15,0.6808771915698156,-10.9375,0.0624999999999964,2.583791766400364e-16,1.6178280983101436,-10.986250000000002,3.713749999999997,-7.428401328401047e-16,1.0556030098287457,-11.492613636363636,2.507386363636364,-1.0335167065601457e-15,2.104505386914874,-11.72159090909091,3.7784090909090935,-1.6148698540002275e-16,0.8464798203503311,-9.088068181818183,1.4119318181818166,4.134066826240583e-15,18.869754595965308,-34.09395777340421,54.01778379299431,006
-4.876906959080688e-15,3.4640425674478816,-55.65000000000002,0.3499999999999943,-2.90676573720041e-16,0.8598509669901436,-13.126704545454544,0.8732954545454596,1.5785352822852226e-15,1.035188222744186,-14.167159090909088,1.632840909090909,3.488118884640492e-15,1.6871902799642344,-24.056931818181816,2.443068181818184,-1.7400222676852453e-15,0.8737595620139128,-12.678977272727275,0.8210227272727302,-7.137724754681007e-15,52.32949903978795,-72.71825637195725,68.50438097188827,007
6.201100239360874e-15,31.410423715308376,-43.52045454545455,23.67954545454547,2.0670334131202917e-15,22.0686050235612,-30.57636363636364,16.423636363636366,-4.134066826240583e-15,51.018845982665,-70.68977272727273,37.61022727272727,2.5837917664003644e-15,12.80106251239642,-17.734090909090906,10.265909090909098,-2.0670334131202917e-15,19.39275320339666,-26.869318181818187,14.830681818181825,1.653626730496233e-14,84.9646323096299,-62.16884676298007,117.72500400542516,009
-2.0670334131202917e-15,13.083094613145173,-30.38534090909091,14.114659090909084,0.0,10.10024459394118,-23.760227272727278,14.439772727272722,1.0335167065601457e-15,10.75168739159249,-25.085227272727277,10.914772727272728,-5.167583532800728e-16,11.174713513439084,-24.00227272727273,25.19772727272728,5.167583532800728e-16,12.72593446647192,-28.10352272727273,13.896477272727278,-1.2918958832001822e-15,31.222963025082024,-52.421503192019344,65.28121666170568,011
4.501449718025635e-15,0.7118261548229898,-11.43465909090909,0.0653409090909136,1.2838215339301813e-15,1.2527320556710386,-20.03818181818182,0.5618181818181895,-2.7816133235153922e-15,0.9639853503460614,-15.406250000000009,0.3937499999999971,-3.6173084729605105e-15,1.363283287623687,-21.886363636363637,0.3136363636363626,5.216029628420736e-15,0.8664292088010634,-13.99375,0.3062500000000057,-4.027081698413068e-16,0.1974700924379369,-3.166966916806113,0.0576395541901568,009
-2.842170943040401e-15,5.331877954404166,-20.570454545454545,1.629545454545454,1.4210854715202005e-15,5.120020358462883,-19.697727272727278,4.60227272727273,-4.134066826240583e-15,5.36775294645859,-20.64318181818182,4.956818181818182,1.937843824800273e-15,5.445988713319114,-20.977840909090908,2.022159090909096,6.459479416000911e-16,5.71407132484115,-21.90159090909091,2.698409090909092,-1.5502750598402185e-15,19.731429203700763,-73.44352392842073,15.650840256627175,012
-9.043271182401274e-16,6.8714884909005365,-1.869318181818182,27.130681818181817,7.751375299201094e-16,5.326114906758958,-1.4499999999999995,20.55,7.751375299201094e-16,5.326114906758958,-1.4499999999999995,20.55,5.167583532800728e-16,5.084018774633553,-1.384090909090909,19.615909090909096,-2.583791766400364e-16,5.341892946131912,-1.4545454545454544,20.94545454545455,0.0,36.73408601228304,-109.69872212798155,154.72187328268868,007
-2.0670334131202917e-15,9.12708194012388,-17.02840909090909,5.071590909090908,5.167583532800728e-16,7.531457496027102,-13.95340909090909,7.846590909090906,-3.100550119680437e-15,9.126467842996885,-17.027272727272727,5.172727272727272,-3.6173084729605105e-15,9.144602953189798,-17.055681818181817,7.344318181818185,1.0335167065601457e-15,10.26113082389675,-19.03181818181818,10.068181818181824,-1.0335167065601457e-15,53.26886417496521,-94.874711405712,124.969194585985,008
-1.8248029350202574e-15,0.8518627801946695,-12.171590909090911,1.2284090909090928,-3.875687649600546e-15,4.2166862047193225,-37.12079545454546,16.579204545454544,-3.488118884640492e-15,2.13389581533943,-21.539886363636363,1.2601136363636345,4.198661620400592e-15,1.849541698313844,-15.435227272727271,4.564772727272729,-7.751375299201094e-16,2.016339220151992,-11.384886363636364,7.915113636363642,-5.167583532800728e-16,18.572207423488813,-84.48893919411239,11.459719094085544,013
2.0670334131202917e-15,9.881123896221489,-16.017954545454543,7.982045454545457,5.167583532800728e-16,7.76558435415972,-12.582954545454545,6.917045454545455,-5.167583532800728e-16,9.792269045417983,-15.88181818181818,6.218181818181817,-1.5502750598402185e-15,9.819975320195882,-15.922727272727272,8.077272727272732,0.0,10.448790646835882,-16.898863636363636,10.401136363636368,-1.0335167065601457e-15,60.67672820401051,-106.5596309100854,123.84446020366784,008
-3.6173084729605105e-15,8.607865586098978,-17.760227272727274,4.339772727272724,1.2918958832001822e-15,7.251059679610473,-14.7625,7.137499999999999,-3.358929296320473e-15,8.604464338929956,-17.75340909090909,4.3465909090909065,1.808654236480255e-15,8.996478118874544,-18.392045454545453,10.10795454545455,2.583791766400364e-16,9.973267820665766,-20.4125,9.3875,-1.0335167065601457e-15,32.48853869704078,-79.58654496925335,87.16136214767015,009
-5.167583532800728e-16,10.12029821194812,-15.81568181818182,7.684318181818185,3.6173084729605105e-15,10.333743365784576,-16.16056818181818,6.839431818181822,1.0335167065601457e-15,16.543959753905444,-25.870454545454542,12.129545454545454,0.0,11.995197859735988,-18.756818181818183,8.243181818181814,1.5502750598402185e-15,10.863986371667677,-16.98965909090909,7.710340909090913,8.268133652481165e-15,57.92496815725555,-64.80721388650117,85.63717916997452,007
1.5987211554602257e-15,1.2572203398587474,-10.16875,3.531250000000004,-1.816728585750256e-15,0.6939913305958141,-11.03181818181818,0.3681818181818208,2.083182111660293e-15,1.5603859872594148,-12.50965909090909,4.790340909090915,1.4614572178702061e-15,0.8831767811464466,-9.833522727272726,2.066477272727276,3.2781858036204626e-15,0.7024789249360714,-11.04170454545454,0.458295454545464,-1.808654236480255e-15,57.91869352636175,-88.0864682678376,97.28371310642784,008
-1.0335167065601457e-15,9.492797889814126,-17.71136363636364,5.288636363636364,-2.583791766400364e-16,6.636513074282606,-12.38181818181818,3.618181818181817,5.167583532800728e-16,9.445091074356696,-17.61977272727273,5.380227272727275,-3.6173084729605105e-15,9.404165901981074,-17.544772727272733,5.455227272727271,3.100550119680437e-15,9.8681190693537,-18.408181818181816,5.591818181818184,-1.291895883200182e-16,1.5907945375733823,-0.9085580573026512,2.9680743845525,015
-1.3241932802801868e-15,2.994961669686702,-17.700227272727275,4.999772727272728,-1.162706294880164e-15,0.6841027539747719,-10.982386363636362,0.3176136363636388,1.453382868600205e-15,2.755080346730772,-12.730681818181818,7.569318181818186,-1.2918958832001822e-15,9.415700735384831,-25.719659090909094,18.78034090909092,-2.842170943040401e-15,6.201836221689602,-17.69045454545455,11.70954545454546,1.0335167065601457e-15,85.67888124409355,-108.28604845680977,170.41036337734002,001
2.373858685380335e-15,1.1210080633054635,-11.989886363636362,3.310113636363635,1.291895883200182e-16,8.690819628557236,-20.942045454545458,9.757954545454552,1.4210854715202005e-15,5.784190540979741,-16.844886363636363,7.9551136363636274,1.1627062948801642e-14,9.20240686716037,-26.44818181818181,8.95181818181819,3.2943345021604644e-15,4.856373154357015,-17.24488636363636,6.355113636363647,-4.909204356160692e-15,98.24797114966589,-182.7375444797839,149.2290453988589,001
1.2918958832001822e-15,5.358879627071129,-18.750227272727276,11.349772727272716,2.099330810200296e-15,5.484092580906199,-17.173863636363635,15.726136363636376,-6.136505445200865e-16,4.160709494723642,-14.24352272727273,11.056477272727276,7.880564887521111e-15,14.549123044132449,-23.52068181818181,19.77931818181819,1.2918958832001822e-15,8.2733666055403,-19.82931818181818,14.47068181818183,1.3435717185281894e-14,10.681450509996354,-14.200100701941466,80.73041158430904,004
1.388788074440196e-15,3.266271155279986,-15.297386363636363,5.002613636363641,-2.390007383920337e-15,6.275620165223606,-16.349204545454548,8.050795454545455,1.388788074440196e-15,5.810407519029117,-17.929090909090906,7.27090909090909,-1.7117620452402413e-15,7.348510340376748,-19.32693181818182,7.773068181818175,2.180074302900308e-15,1.8007378538204333,-14.544999999999998,4.955000000000002,4.263256414560601e-15,56.17520691271935,-77.81282259456832,148.02078418742616,010
1.1384832470701605e-15,1.1459295044790228,-17.67034090909091,1.1296590909091009,7.832118791901104e-16,0.7417883447096666,-11.949772727272723,0.2502272727272761,-4.307665335545607e-15,0.6819687333784332,-10.944318181818184,0.1556818181818151,-3.270111454350461e-16,0.7628452256693006,-12.085340909090908,0.5146590909090918,-2.3980817331903387e-15,1.546425229920781,-23.000909090909097,2.299090909090907,1.0748977465689015e-16,0.0566004560703522,-0.8278543475048579,0.0757000954164492,009
-5.167583532800728e-16,10.11551104624755,-8.841477272727273,12.15852272727273,2.0670334131202917e-15,24.66693877527953,-21.582954545454545,29.717045454545467,0.0,12.958328554471054,-11.327272727272728,16.372727272727275,2.5837917664003644e-15,10.400437153081914,-9.095454545454544,13.50454545454546,-1.0335167065601457e-15,14.72724574913354,-12.860909090909091,19.63909090909092,4.134066826240583e-15,59.673975247264686,-80.47105507637056,105.0675758896634,012
-3.6173084729605105e-15,4.230845433983653,-16.885568181818186,7.514431818181819,-1.7925055379402526e-15,4.0971722195046905,-14.238409090909094,7.361590909090907,-1.4210854715202005e-15,5.0315515848218375,-17.787386363636365,12.012613636363632,1.9184653865522703e-14,2.6099055165405125,-41.86738636363635,0.7326136363636522,-2.583791766400364e-16,4.350761390511943,-14.23693181818182,14.763068181818172,3.100550119680437e-15,65.4954209211123,-80.39081819695802,130.63927803224135,010
-3.6173084729605105e-15,8.56830111970838,-17.827386363636368,8.772613636363637,1.2918958832001822e-15,10.686950350758949,-21.676136363636363,12.32386363636363,3.100550119680437e-15,14.728040201663568,-29.87,18.330000000000005,0.0,9.36387461082605,-18.675,12.325000000000006,3.100550119680437e-15,9.124961380536414,-19.12159090909091,10.678409090909089,1.2918958832001822e-15,89.14084195918598,-160.69337680319538,161.40745280108982,003
5.684341886080802e-15,19.56005255595535,-47.63409090909091,15.365909090909092,1.0335167065601457e-15,20.545428650426164,-44.845454545454544,19.15454545454545,2.5837917664003644e-15,24.154404333551216,-51.89886363636364,21.50113636363637,1.5502750598402185e-15,13.565811379276182,-28.79659090909091,14.203409090909084,4.650825179520656e-15,24.725441959925337,-58.3375,19.562499999999996,1.0335167065601457e-15,71.39452880582247,-121.98998789190844,181.28745926894388,002
-2.90676573720041e-16,4.519427015113533,-10.066022727272728,8.433977272727272,3.875687649600546e-15,2.245099734458424,-11.941477272727267,6.9585227272727295,-7.105427357601002e-16,10.552542616303665,-16.782386363636363,16.217613636363637,-2.745278751800387e-15,3.172896184289836,-7.548409090909093,8.451590909090907,3.3104832007004666e-15,1.7426024134861051,-10.020681818181815,6.279318181818184,-1.0335167065601457e-15,84.15906153479548,-159.45250452689365,198.28687289232408,003
-2.6160891634803688e-15,6.916013722956,-22.75204545454546,13.247954545454531,5.264475724040743e-15,7.740845245259312,-15.097159090909084,12.902840909090912,3.2297397080004546e-17,8.842645610451967,-20.50625,13.693750000000009,-1.4533828686002052e-16,3.1715542549427487,-9.94375,7.556249999999999,6.459479416000911e-16,8.046954963295224,-26.053977272727277,10.346022727272723,-5.167583532800728e-16,63.258958198289605,-154.1730845401862,98.38499268009522,002
2.325412589760328e-15,8.946465133118176,-18.59659090909091,4.4034090909090935,-1.0335167065601457e-15,6.228982429533576,-12.947727272727272,3.152272727272729,2.0670334131202917e-15,8.940312523426067,-18.577272727272728,4.422727272727276,1.5502750598402185e-15,8.925576743061535,-18.55340909090909,4.446590909090912,-7.751375299201094e-16,9.329777541128308,-19.39318181818182,4.606818181818181,2.583791766400364e-16,1.5096622327747726,-0.777551257445984,3.13804231447806,015
-2.8542824669454026e-15,0.6816126584180358,-10.942045454545454,0.1579545454545439,-3.778795458360533e-15,1.2119776660977852,-8.788977272727276,3.91102272727272,1.9378438248002726e-16,0.6926462070050721,-9.67056818181818,2.129431818181825,-1.4210854715202005e-15,1.317370591877235,-10.588295454545456,3.811704545454546,8.397323240801184e-16,1.2052545940022945,-11.085,2.715,-5.167583532800729e-15,44.31388978950153,-111.83650123460416,83.33526914096436,009
-4.134066826240583e-15,10.844814429025512,-12.4,9.599999999999996,0.0,10.550263646778166,-12.047727272727272,10.952272727272732,-4.134066826240583e-15,10.844814429025512,-12.4,9.599999999999996,0.0,11.58913372321441,-13.245,10.855,0.0,11.698682203105452,-13.372727272727271,10.627272727272729,4.134066826240583e-15,37.45007440467671,-42.46748658238263,51.47008984490612,012
-4.650825179520656e-15,8.759498681360729,-17.556818181818183,4.543181818181814,0.0,7.012860496619145,-14.021136363636364,5.178863636363635,-1.808654236480255e-15,8.757165601960788,-17.552272727272726,4.547727272727272,-3.875687649600546e-15,8.755997944266547,-17.55,4.449999999999996,1.5502750598402185e-15,9.547942089293162,-19.008636363636363,7.5913636363636385,-3.100550119680437e-15,47.01099674405473,-103.34095780771062,96.3846811235576,009
0.0,0.0,0.0,0.0,0.0,0.0,0.0,0.0,0.0,0.0,0.0,0.0,0.0,0.0,0.0,0.0,0.0,0.0,0.0,0.0,0.0,0.0,0.0,0.0,005
-2.4505650034453457e-15,0.6810639768009076,-10.938636363636364,0.1613636363636352,2.325412589760328e-15,1.0136422174209283,-9.67397727272727,2.6260227272727263,-3.2943345021604644e-15,0.6782981483825332,-10.941590909090907,0.3584090909090918,5.530929249950779e-16,0.9631484345752708,-11.282045454545454,3.217954545454546,-1.9378438248002726e-16,1.3369448285887058,-12.417159090909092,5.582840909090916,2.1962230014403096e-15,52.39891951833476,-108.26007654039176,109.18886586765802,009
-2.745278751800387e-16,2.608839233981337,-14.561818181818182,5.63818181818181,3.488118884640492e-15,10.083761901224094,-28.24568181818181,39.854318181818186,3.988728539380563e-15,8.783041640260251,-21.665,16.435000000000016,2.2285203985203144e-15,4.9253463178464045,-12.030113636363634,9.969886363636366,2.1962230014403096e-15,3.158483582890441,-10.822954545454545,8.477045454545458,-5.167583532800729e-15,73.64322436007392,-203.0678182950906,144.0420461088598,003
-2.1962230014403096e-15,9.8951100678129,-44.24886363636364,6.75113636363637,4.675048227330659e-15,10.77503699587137,-35.01931818181818,12.080681818181825,3.2297397080004557e-15,9.147599759133856,-33.830681818181816,14.06931818181819,-8.397323240801184e-16,4.652434885258498,-21.637954545454548,3.662045454545449,-1.937843824800273e-15,10.78678934471477,-33.66829545454546,27.731704545454548,5.167583532800728e-16,56.9616057474452,-78.72394984671124,78.95174354211059,011
-1.0335167065601457e-15,20.121851756987112,-45.03977272727273,16.760227272727285,3.358929296320473e-15,8.476051749141947,-19.051136363636363,3.94886363636364,-2.0670334131202917e-15,28.003532226288176,-62.94318181818182,14.056818181818194,5.167583532800728e-16,15.730500259996568,-35.345454545454544,8.654545454545449,2.0670334131202917e-15,27.71272910304655,-62.279545454545456,13.720454545454544,1.0335167065601457e-15,9.586760684428032,-15.225093549540745,19.280716704417955,006
1.6633159496202346e-15,0.822967184696192,-11.580113636363638,2.119886363636361,3.100550119680437e-15,10.715715509675382,-22.97954545454545,15.520454545454562,9.689219124001363e-16,8.221482364050699,-19.810681818181816,11.789318181818189,-2.454602178080346e-15,9.792051061852868,-28.93704545454546,16.86295454545455,-7.105427357601002e-16,4.349426281096172,-16.29034090909091,12.50965909090909,-7.751375299201092e-15,99.82192959086176,-203.18436572368103,115.43918302195524,000
3.8756876496005453e-16,5.193049101894771,-16.209659090909092,6.790340909090915,4.198661620400592e-15,8.883554357155075,-17.097272727272724,12.002727272727284,3.100550119680437e-15,10.92762879231937,-20.112499999999997,12.887500000000005,7.105427357601002e-16,4.165919182091134,-10.851931818181818,6.548068181818174,-3.8756876496005453e-16,2.604171932501562,-14.553977272727272,5.646022727272726,-3.100550119680437e-15,79.42340144239748,-104.17863512595989,152.50301934587822,001
0.0,0.0,0.0,0.0,0.0,0.0,0.0,0.0,0.0,0.0,0.0,0.0,0.0,0.0,0.0,0.0,0.0,0.0,0.0,0.0,0.0,0.0,0.0,0.0,006
1.5502750598402185e-15,29.03715263144154,-60.70238636363637,50.19761363636364,-3.875687649600546e-15,13.174446980960235,-29.91886363636364,11.881136363636363,-5.167583532800728e-16,12.487736329136402,-29.244318181818183,9.75568181818181,1.5502750598402185e-15,11.084297442480892,-26.520454545454545,10.079545454545457,-7.751375299201094e-16,11.35953262037245,-26.734318181818185,12.565681818181815,-5.167583532800728e-16,72.91234122878492,-88.58202662681873,144.71664726793543,002
1.886167989472266e-14,15.974110599732288,-109.33295454545454,2.7670454545454817,1.524437142176215e-14,15.970862544434574,-109.31363636363636,2.686363636363652,1.5502750598402185e-14,15.970869659663196,-109.31363636363636,2.78636363636366,-2.0670334131202917e-15,15.934261516701824,-109.05909090909093,2.940909090909088,1.937843824800273e-14,15.972416176408526,-109.3181818181818,2.7818181818182097,8.784892005761238e-15,37.9179037507864,-76.57008560107884,64.24918945499446,009
9.608475631301357e-16,2.135824203535743,-10.59375,3.906249999999997,6.717858592640947e-15,13.270842096428815,-33.829772727272726,15.37022727272727,-7.040832563440993e-15,11.83945061631568,-24.350113636363645,17.74988636363635,-4.876906959080688e-15,6.393974593738381,-15.561590909090912,7.838409090909092,2.454602178080346e-15,10.469257977684276,-22.04318181818181,12.856818181818175,-5.296773121120747e-15,16.56522660844044,-92.5084432412751,16.89727478116035,005
